idx,frame_id,diagnostic_mode,stage,path,present,decode_ok,decode_error,sha256,content_sha256,width,height,area,all_black,rgb_sha256,within_frame_duplicate_group,cross_frame_duplicate_frame_count,cross_frame_duplicate_class
0,f0000,clean-static,m0,mask\f0000_m0.png,True,True,,069c493c73d7b9b3d67dcc8a23ebb255b18640693df75cb55799c0f1b15a9b3d,3529409d39ae737cc7bdfffca8ea05a4027f4bb7a39cd395f62c8a2b7c2a2463,640,480,1471,False,6dfcbf309ec83fcb32e2de91164d6516eb67cc062f1b17ece518906997e9b7ea,m0+m1+m2+m3+m4 [expected_no_op],,
0,f0000,clean-static,m1,mask\f0000_m1.png,True,True,,bd34da77fd2e5ea5a9cc63511eb3ae64061033a87e8101fdea89ec1bae64808d,3529409d39ae737cc7bdfffca8ea05a4027f4bb7a39cd395f62c8a2b7c2a2463,640,480,1471,False,6dfcbf309ec83fcb32e2de91164d6516eb67cc062f1b17ece518906997e9b7ea,m0+m1+m2+m3+m4 [expected_no_op],,
0,f0000,clean-static,m2,mask\f0000_m2.png,True,True,,aec49978ec66e7a12ceb0bb3659c7da2b11b19288b545d31d25eb7d8ebd259c5,3529409d39ae737cc7bdfffca8ea05a4027f4bb7a39cd395f62c8a2b7c2a2463,640,480,1471,False,6dfcbf309ec83fcb32e2de91164d6516eb67cc062f1b17ece518906997e9b7ea,m0+m1+m2+m3+m4 [expected_no_op],,
0,f0000,clean-static,m3,mask\f0000_m3.png,True,True,,fbd438562f31bfcc9dbd8c23c09a3b3814a1451cbfc2675e961cb55cc764a00c,3529409d39ae737cc7bdfffca8ea05a4027f4bb7a39cd395f62c8a2b7c2a2463,640,480,1471,False,6dfcbf309ec83fcb32e2de91164d6516eb67cc062f1b17ece518906997e9b7ea,m0+m1+m2+m3+m4 [expected_no_op],,
0,f0000,clean-static,m4,mask\f0000_m4.png,True,True,,45900e71984ced82fdd26b5e399f7c5d0d12c0b0b6e5a3674285f4b32efe7029,3529409d39ae737cc7bdfffca8ea05a4027f4bb7a39cd395f62c8a2b7c2a2463,640,480,1471,False,6dfcbf309ec83fcb32e2de91164d6516eb67cc062f1b17ece518906997e9b7ea,m0+m1+m2+m3+m4 [expected_no_op],,
1,f0001,clean-static,m0,mask\f0001_m0.png,True,True,,9054047982d6c1b3c71007f6d2b8f1db814eab8d015aa1b2e2d46340dbcc03ad,82df256fd365f8c989c46f9a14f17f2df5c347029f08f8fa537b26042e90f18e,720,480,1360,False,06f384d14956d19fa0377a643f757be502c78b8633c7e1cb6dc9d7a070c894ec,m0+m1+m2+m3+m4 [expected_no_op],,
1,f0001,clean-static,m1,mask\f0001_m1.png,True,True,,463ec6e4fc9788cbbdc5324130ebc3b7edda40dc9bd4d5f115d1206e7725668f,82df256fd365f8c989c46f9a14f17f2df5c347029f08f8fa537b26042e90f18e,720,480,1360,False,06f384d14956d19fa0377a643f757be502c78b8633c7e1cb6dc9d7a070c894ec,m0+m1+m2+m3+m4 [expected_no_op],,
1,f0001,clean-static,m2,mask\f0001_m2.png,True,True,,d3aa7bc4be2feaf652fce1ffaaa42fab8f2f91b6be82f199e75fae7e6e95f2fe,82df256fd365f8c989c46f9a14f17f2df5c347029f08f8fa537b26042e90f18e,720,480,1360,False,06f384d14956d19fa0377a643f757be502c78b8633c7e1cb6dc9d7a070c894ec,m0+m1+m2+m3+m4 [expected_no_op],,
1,f0001,clean-static,m3,mask\f0001_m3.png,True,True,,c987207b8fc157fdbdd284bd504172548d9a88e9aac6f1144455d3b48a4cdfce,82df256fd365f8c989c46f9a14f17f2df5c347029f08f8fa537b26042e90f18e,720,480,1360,False,06f384d14956d19fa0377a643f757be502c78b8633c7e1cb6dc9d7a070c894ec,m0+m1+m2+m3+m4 [expected_no_op],,
1,f0001,clean-static,m4,mask\f0001_m4.png,True,True,,c887c780a339f702354deff9c9c6a905248fb687379c9b1a284caa29f11d9f98,82df256fd365f8c989c46f9a14f17f2df5c347029f08f8fa537b26042e90f18e,720,480,1360,False,06f384d14956d19fa0377a643f757be502c78b8633c7e1cb6dc9d7a070c894ec,m0+m1+m2+m3+m4 [expected_no_op],,
2,f0002,clean-static,m0,mask\f0002_m0.png,True,True,,d3810f9fcd76d146d466d79ddc49f54afafc4c9bc8043240d762246fa4fd1739,dd9186195055366482b1adc47fdda75ccd1e436f4becdf41e258c9fbdaf877b8,640,480,132814,False,3859dd725bc0728c1cf70851dffb9e097cfca4891d72c485eb6e68d17c27ae0d,m0+m1+m2+m3+m4 [expected_no_op],,
2,f0002,clean-static,m1,mask\f0002_m1.png,True,True,,9ce163f1c78c177cc00a8c95e9f3dc04fba4b5295901475cb96c5e46289be96d,dd9186195055366482b1adc47fdda75ccd1e436f4becdf41e258c9fbdaf877b8,640,480,132814,False,3859dd725bc0728c1cf70851dffb9e097cfca4891d72c485eb6e68d17c27ae0d,m0+m1+m2+m3+m4 [expected_no_op],,
2,f0002,clean-static,m2,mask\f0002_m2.png,True,True,,6b908f6af4f141683b91ff176587a5e431e7ad7c5c040acac8881945540f75f1,dd9186195055366482b1adc47fdda75ccd1e436f4becdf41e258c9fbdaf877b8,640,480,132814,False,3859dd725bc0728c1cf70851dffb9e097cfca4891d72c485eb6e68d17c27ae0d,m0+m1+m2+m3+m4 [expected_no_op],,
2,f0002,clean-static,m3,mask\f0002_m3.png,True,True,,9d6820d4f8541e7f5db80d49bdbccdcbb46fb4c769688cb616e92c7c3bb9de3a,dd9186195055366482b1adc47fdda75ccd1e436f4becdf41e258c9fbdaf877b8,640,480,132814,False,3859dd725bc0728c1cf70851dffb9e097cfca4891d72c485eb6e68d17c27ae0d,m0+m1+m2+m3+m4 [expected_no_op],,
2,f0002,clean-static,m4,mask\f0002_m4.png,True,True,,bdbe15a41fbb3a5dfbff79f027825effe67794455c63083edb303d39526b05f9,dd9186195055366482b1adc47fdda75ccd1e436f4becdf41e258c9fbdaf877b8,640,480,132814,False,3859dd725bc0728c1cf70851dffb9e097cfca4891d72c485eb6e68d17c27ae0d,m0+m1+m2+m3+m4 [expected_no_op],,
3,f0003,clean-static,m0,mask\f0003_m0.png,True,True,,bf3ac7041d9da577c804262d14f51eedad9febd509ebdd0a25f4ade096dca3eb,49b4079da8155b5559ddaef278f2d221279dbac5f5f171f32197090d614c8d16,960,540,227891,False,a274fe7e5d1742cfceb57f66188992da881684fd70486ad257dbaa78eccacfaa,m0+m1+m2+m3+m4 [expected_no_op],,
3,f0003,clean-static,m1,mask\f0003_m1.png,True,True,,ad8b82743f7a0fb6a4819693e5cc7d7192e1931ba0b6d1e04017d573361f41ee,49b4079da8155b5559ddaef278f2d221279dbac5f5f171f32197090d614c8d16,960,540,227891,False,a274fe7e5d1742cfceb57f66188992da881684fd70486ad257dbaa78eccacfaa,m0+m1+m2+m3+m4 [expected_no_op],,
3,f0003,clean-static,m2,mask\f0003_m2.png,True,True,,0a1fa00d34644df64ba5ad8db5b6218732a4e5fa4f82ed6978aa475f30ed2bd1,49b4079da8155b5559ddaef278f2d221279dbac5f5f171f32197090d614c8d16,960,540,227891,False,a274fe7e5d1742cfceb57f66188992da881684fd70486ad257dbaa78eccacfaa,m0+m1+m2+m3+m4 [expected_no_op],,
3,f0003,clean-static,m3,mask\f0003_m3.png,True,True,,514f7b5e98746161c0e1e1929708ff83691feb3de931de611f1e651b0bcd776c,49b4079da8155b5559ddaef278f2d221279dbac5f5f171f32197090d614c8d16,960,540,227891,False,a274fe7e5d1742cfceb57f66188992da881684fd70486ad257dbaa78eccacfaa,m0+m1+m2+m3+m4 [expected_no_op],,
3,f0003,clean-static,m4,mask\f0003_m4.png,True,True,,46274e521ecb29c561084c639085004c137d60808c9476ac2ba520502b629c18,49b4079da8155b5559ddaef278f2d221279dbac5f5f171f32197090d614c8d16,960,540,227891,False,a274fe7e5d1742cfceb57f66188992da881684fd70486ad257dbaa78eccacfaa,m0+m1+m2+m3+m4 [expected_no_op],,
4,f0004,clean-static,m0,mask\f0004_m0.png,True,True,,1e3d55054c95ffc2821d851855a30c099cffb8188b69d2c844bc7df96251d39b,54511a495c6ba99abb5f75c71c073c5107741d8933c27603d4d18bac840b88c5,960,540,10478,False,bbf545a70ced91edc663de9181794e009286c1853a45aa9f92c8b5703411403f,m0+m1+m2+m3+m4 [expected_no_op],,
4,f0004,clean-static,m1,mask\f0004_m1.png,True,True,,9a0b1f8aabdb3089cd3570f697d0e720e56f8061694884e2b15d87632dbefa1b,54511a495c6ba99abb5f75c71c073c5107741d8933c27603d4d18bac840b88c5,960,540,10478,False,bbf545a70ced91edc663de9181794e009286c1853a45aa9f92c8b5703411403f,m0+m1+m2+m3+m4 [expected_no_op],,
4,f0004,clean-static,m2,mask\f0004_m2.png,True,True,,08f1074714485d5ac0ca4f21a18a7d21621857b5eee1d9c592f96d5c9c5121e5,54511a495c6ba99abb5f75c71c073c5107741d8933c27603d4d18bac840b88c5,960,540,10478,False,bbf545a70ced91edc663de9181794e009286c1853a45aa9f92c8b5703411403f,m0+m1+m2+m3+m4 [expected_no_op],,
4,f0004,clean-static,m3,mask\f0004_m3.png,True,True,,b54ca17677f0295ac000f7f1adaba2da2cc4014d5b4703027d3610384932c0da,54511a495c6ba99abb5f75c71c073c5107741d8933c27603d4d18bac840b88c5,960,540,10478,False,bbf545a70ced91edc663de9181794e009286c1853a45aa9f92c8b5703411403f,m0+m1+m2+m3+m4 [expected_no_op],,
4,f0004,clean-static,m4,mask\f0004_m4.png,True,True,,fd68629635ba03bf824d2873612cf42582b9e70bce9736cfae907391c2330faa,54511a495c6ba99abb5f75c71c073c5107741d8933c27603d4d18bac840b88c5,960,540,10478,False,bbf545a70ced91edc663de9181794e009286c1853a45aa9f92c8b5703411403f,m0+m1+m2+m3+m4 [expected_no_op],,
5,f0005,clean-static,m0,mask\f0005_m0.png,True,True,,0602e9e26421836013ec0affa2aedcd8539ba8f105e7483b1bef691b9b631f90,0f7fbba966fa649a98bde6d614d13b5fe3dccc364fadc6ebf2c965352cd5e887,640,480,5417,False,1371bfbbf35a3bc566e5b2cb7edec27289c1adae7fec3f67c99ceeaa1b1c0e14,m0+m1+m2+m3+m4 [expected_no_op],,
5,f0005,clean-static,m1,mask\f0005_m1.png,True,True,,f6c7d713fbbb43fb03e26000335b65f9ae29ed4eb1fc581958f785dfba68b82f,0f7fbba966fa649a98bde6d614d13b5fe3dccc364fadc6ebf2c965352cd5e887,640,480,5417,False,1371bfbbf35a3bc566e5b2cb7edec27289c1adae7fec3f67c99ceeaa1b1c0e14,m0+m1+m2+m3+m4 [expected_no_op],,
5,f0005,clean-static,m2,mask\f0005_m2.png,True,True,,2512489282d0e03db2ca6960b099eb1b61df7134aed8c2664473938eaa419f28,0f7fbba966fa649a98bde6d614d13b5fe3dccc364fadc6ebf2c965352cd5e887,640,480,5417,False,1371bfbbf35a3bc566e5b2cb7edec27289c1adae7fec3f67c99ceeaa1b1c0e14,m0+m1+m2+m3+m4 [expected_no_op],,
5,f0005,clean-static,m3,mask\f0005_m3.png,True,True,,dd4394eedc7501648cbc9288d2ebc54455455ee5a2e1572a9703df753a7062cb,0f7fbba966fa649a98bde6d614d13b5fe3dccc364fadc6ebf2c965352cd5e887,640,480,5417,False,1371bfbbf35a3bc566e5b2cb7edec27289c1adae7fec3f67c99ceeaa1b1c0e14,m0+m1+m2+m3+m4 [expected_no_op],,
5,f0005,clean-static,m4,mask\f0005_m4.png,True,True,,3c277191005d03efd83e3383342ff0461d215cec911d57608836e0df80659a7a,0f7fbba966fa649a98bde6d614d13b5fe3dccc364fadc6ebf2c965352cd5e887,640,480,5417,False,1371bfbbf35a3bc566e5b2cb7edec27289c1adae7fec3f67c99ceeaa1b1c0e14,m0+m1+m2+m3+m4 [expected_no_op],,
6,f0006,clean-static,m0,mask\f0006_m0.png,True,True,,3c97933d159af991c4081ed776d60c4db7d2ed80240b1e00a7f9d89ae968a843,36af3c68cc8cedbb2d9d45bd636d16a014a17424a460a56da808deb4db07b998,560,560,34215,False,a6f8752a414d66ea74ca590c354b65a17bcce3f3e3b8cdce3ba7b745b4a41b5e,m0+m1+m2+m3+m4 [expected_no_op],,
6,f0006,clean-static,m1,mask\f0006_m1.png,True,True,,e6e931822754bcc8c525dd40ac1892405426c4ab58578ff6c49133aa26303374,36af3c68cc8cedbb2d9d45bd636d16a014a17424a460a56da808deb4db07b998,560,560,34215,False,a6f8752a414d66ea74ca590c354b65a17bcce3f3e3b8cdce3ba7b745b4a41b5e,m0+m1+m2+m3+m4 [expected_no_op],,
6,f0006,clean-static,m2,mask\f0006_m2.png,True,True,,88bef32468e7767a5740fb70a9f790889ed5dd31689acfcd1e517f9b5cb46b89,36af3c68cc8cedbb2d9d45bd636d16a014a17424a460a56da808deb4db07b998,560,560,34215,False,a6f8752a414d66ea74ca590c354b65a17bcce3f3e3b8cdce3ba7b745b4a41b5e,m0+m1+m2+m3+m4 [expected_no_op],,
6,f0006,clean-static,m3,mask\f0006_m3.png,True,True,,f71dac1d32c20a00d58c3180c905c7ca07b3c538687c578d99e39b23e35c9673,36af3c68cc8cedbb2d9d45bd636d16a014a17424a460a56da808deb4db07b998,560,560,34215,False,a6f8752a414d66ea74ca590c354b65a17bcce3f3e3b8cdce3ba7b745b4a41b5e,m0+m1+m2+m3+m4 [expected_no_op],,
6,f0006,clean-static,m4,mask\f0006_m4.png,True,True,,3a2780c24572e5ebbe881dbeb597368d752c81be42fa3455bf9f6145b661160a,36af3c68cc8cedbb2d9d45bd636d16a014a17424a460a56da808deb4db07b998,560,560,34215,False,a6f8752a414d66ea74ca590c354b65a17bcce3f3e3b8cdce3ba7b745b4a41b5e,m0+m1+m2+m3+m4 [expected_no_op],,
7,f0007,clean-static,m0,mask\f0007_m0.png,True,True,,e9a14011f9ec04dcbfdfc1b7728e91919590650aaccfaeb3a98bf580e2b9155c,6c92c68c971a029815f98b96321c7b1269851091678c08bc33243f9eb8ee03ac,640,480,148490,False,611d915f0d7277d71aa47430184ef128d8ffd4a863023a9c87e3873bd8f665da,m0+m1+m2+m3+m4 [expected_no_op],,
7,f0007,clean-static,m1,mask\f0007_m1.png,True,True,,66a17fc9ec29e72d3057c9907fc6851ba9255ee66b2b1f52a5af9c301c238eca,6c92c68c971a029815f98b96321c7b1269851091678c08bc33243f9eb8ee03ac,640,480,148490,False,611d915f0d7277d71aa47430184ef128d8ffd4a863023a9c87e3873bd8f665da,m0+m1+m2+m3+m4 [expected_no_op],,
7,f0007,clean-static,m2,mask\f0007_m2.png,True,True,,8bb8ae94335e4166f2ee9d5d61a907b2838b2eb68128bdf9f7e8c1d72e3498fb,6c92c68c971a029815f98b96321c7b1269851091678c08bc33243f9eb8ee03ac,640,480,148490,False,611d915f0d7277d71aa47430184ef128d8ffd4a863023a9c87e3873bd8f665da,m0+m1+m2+m3+m4 [expected_no_op],,
7,f0007,clean-static,m3,mask\f0007_m3.png,True,True,,111c15ca5643138e6f7efc265ed44e4ab293a369548c2047108159f6db275b3d,6c92c68c971a029815f98b96321c7b1269851091678c08bc33243f9eb8ee03ac,640,480,148490,False,611d915f0d7277d71aa47430184ef128d8ffd4a863023a9c87e3873bd8f665da,m0+m1+m2+m3+m4 [expected_no_op],,
7,f0007,clean-static,m4,mask\f0007_m4.png,True,True,,392536eece8ef946fd464dd32af64488887c83fdfe25b4c8e1618758f3abbaf8,6c92c68c971a029815f98b96321c7b1269851091678c08bc33243f9eb8ee03ac,640,480,148490,False,611d915f0d7277d71aa47430184ef128d8ffd4a863023a9c87e3873bd8f665da,m0+m1+m2+m3+m4 [expected_no_op],,
8,f0008,clean-static,m0,mask\f0008_m0.png,True,True,,efa7a7cb93c26013174f93c6581046de22a7689e3e38161f4350f6c94dfa335e,a3b563853335fa9894ee482bc71117663bdeab1d79e6b3ef1c39172da94fef3a,640,480,550,False,833f26b853f0d161b175c0a66f5f1f9d814bdda0abd81fbeca0165ee5427d78e,m0+m1+m2+m3+m4 [expected_no_op],,
8,f0008,clean-static,m1,mask\f0008_m1.png,True,True,,7b9c5c09064f321ff2a9cb9ed9d7a7dc25c323118a3ad3b92ea1e67fda019abb,a3b563853335fa9894ee482bc71117663bdeab1d79e6b3ef1c39172da94fef3a,640,480,550,False,833f26b853f0d161b175c0a66f5f1f9d814bdda0abd81fbeca0165ee5427d78e,m0+m1+m2+m3+m4 [expected_no_op],,
8,f0008,clean-static,m2,mask\f0008_m2.png,True,True,,a1826951fbe6eb6be8224665457cd1502254f8b596113e48e327a64d3e7281c6,a3b563853335fa9894ee482bc71117663bdeab1d79e6b3ef1c39172da94fef3a,640,480,550,False,833f26b853f0d161b175c0a66f5f1f9d814bdda0abd81fbeca0165ee5427d78e,m0+m1+m2+m3+m4 [expected_no_op],,
8,f0008,clean-static,m3,mask\f0008_m3.png,True,True,,829b5a0f1d06905d19aef1fcdfef3e43752f0b62d3a78bd4a5ce87c71b93acd6,a3b563853335fa9894ee482bc71117663bdeab1d79e6b3ef1c39172da94fef3a,640,480,550,False,833f26b853f0d161b175c0a66f5f1f9d814bdda0abd81fbeca0165ee5427d78e,m0+m1+m2+m3+m4 [expected_no_op],,
8,f0008,clean-static,m4,mask\f0008_m4.png,True,True,,afec8f428d23ba05f6f753308e87124b52f0fe23c654eb3d8ae4f5239ba05311,a3b563853335fa9894ee482bc71117663bdeab1d79e6b3ef1c39172da94fef3a,640,480,550,False,833f26b853f0d161b175c0a66f5f1f9d814bdda0abd81fbeca0165ee5427d78e,m0+m1+m2+m3+m4 [expected_no_op],,
9,f0009,clean-static,m0,mask\f0009_m0.png,True,True,,da02a29f5b7a013951a5794d794e51faf7998d85a8664b80aafec53577bec466,e8f55dfb17dfa179c706cd482a400eed440f63d12fbcb62f822eba37b2525a2b,720,480,19278,False,00016a3bf337c1998796bb14db9d959fdc80dd7cbdf272ab73535615a427ed8a,m0+m1+m2+m3+m4 [expected_no_op],,
9,f0009,clean-static,m1,mask\f0009_m1.png,True,True,,6fea8649a57b4623294422fb8b040b1fa4ccee63c85257f09f26b7d9d26069cd,e8f55dfb17dfa179c706cd482a400eed440f63d12fbcb62f822eba37b2525a2b,720,480,19278,False,00016a3bf337c1998796bb14db9d959fdc80dd7cbdf272ab73535615a427ed8a,m0+m1+m2+m3+m4 [expected_no_op],,
9,f0009,clean-static,m2,mask\f0009_m2.png,True,True,,6506fee3cc1b3c8d6b33f9e850d36490a462c2a757370d95a908291d1f288642,e8f55dfb17dfa179c706cd482a400eed440f63d12fbcb62f822eba37b2525a2b,720,480,19278,False,00016a3bf337c1998796bb14db9d959fdc80dd7cbdf272ab73535615a427ed8a,m0+m1+m2+m3+m4 [expected_no_op],,
9,f0009,clean-static,m3,mask\f0009_m3.png,True,True,,6506fee3cc1b3c8d6b33f9e850d36490a462c2a757370d95a908291d1f288642,e8f55dfb17dfa179c706cd482a400eed440f63d12fbcb62f822eba37b2525a2b,720,480,19278,False,00016a3bf337c1998796bb14db9d959fdc80dd7cbdf272ab73535615a427ed8a,m0+m1+m2+m3+m4 [expected_no_op],,
9,f0009,clean-static,m4,mask\f0009_m4.png,True,True,,6506fee3cc1b3c8d6b33f9e850d36490a462c2a757370d95a908291d1f288642,e8f55dfb17dfa179c706cd482a400eed440f63d12fbcb62f822eba37b2525a2b,720,480,19278,False,00016a3bf337c1998796bb14db9d959fdc80dd7cbdf272ab73535615a427ed8a,m0+m1+m2+m3+m4 [expected_no_op],,
10,f0010,cargo-only,m0,mask\f0010_m0.png,True,True,,5e9830256b593ff737059b9e091c43a56ec66d9802a4c4590c0cba265595afd1,09920b0b9b1821e38c037cdd23f8582f75eacd5b78e427f686e375560bab1651,640,480,9806,False,73f95c8a52e90d4611dd2b7f781006f8d947407bdf0cadc12a189fb137f6e0fa,m0+m1 [expected_no_op],,
10,f0010,cargo-only,m1,mask\f0010_m1.png,True,True,,3426f0399f3afb221b201c208a3c6588ba6a5fa867d710cc512f7b79358b9c0c,09920b0b9b1821e38c037cdd23f8582f75eacd5b78e427f686e375560bab1651,640,480,9806,False,73f95c8a52e90d4611dd2b7f781006f8d947407bdf0cadc12a189fb137f6e0fa,m0+m1 [expected_no_op],,
10,f0010,cargo-only,m2,mask\f0010_m2.png,True,True,,85a45936f9f0876c79b0712b28416465a620713837bb794bfbc646758a4cdd00,ac633adef224efb43f906e79712137937aef04a5f60c2ab8ed7b23b545b1481b,640,480,7646,False,73f95c8a52e90d4611dd2b7f781006f8d947407bdf0cadc12a189fb137f6e0fa,m2+m3+m4 [expected_no_op],,
10,f0010,cargo-only,m3,mask\f0010_m3.png,True,True,,85a45936f9f0876c79b0712b28416465a620713837bb794bfbc646758a4cdd00,ac633adef224efb43f906e79712137937aef04a5f60c2ab8ed7b23b545b1481b,640,480,7646,False,73f95c8a52e90d4611dd2b7f781006f8d947407bdf0cadc12a189fb137f6e0fa,m2+m3+m4 [expected_no_op],,
10,f0010,cargo-only,m4,mask\f0010_m4.png,True,True,,1cb51ede538ec7bf7d1c06c49096d4b83ba173bd3da615ca79d4563a9f289a2f,ac633adef224efb43f906e79712137937aef04a5f60c2ab8ed7b23b545b1481b,640,480,7646,False,73f95c8a52e90d4611dd2b7f781006f8d947407bdf0cadc12a189fb137f6e0fa,m2+m3+m4 [expected_no_op],,
11,f0011,cargo-only,m0,mask\f0011_m0.png,True,True,,b06400d5230d61b7645c746ed7339631df84e0050c2db78dcc3b2031be41b3f2,a855e3a1ffdfe0dc26dfde2d277152f930d65d2e1d463aeb94f8b122f63c6c5c,960,540,4356,False,1a18a230d70ba461b8e9608e7d2fb2ae3b63221f97fa42ccea57e91c1c339def,m0+m1 [expected_no_op],,
11,f0011,cargo-only,m1,mask\f0011_m1.png,True,True,,5f1b55c7452adabd7c8a1d75f5b2ba8609ac52b7e5acb91d7e5e32c9c91a459d,a855e3a1ffdfe0dc26dfde2d277152f930d65d2e1d463aeb94f8b122f63c6c5c,960,540,4356,False,1a18a230d70ba461b8e9608e7d2fb2ae3b63221f97fa42ccea57e91c1c339def,m0+m1 [expected_no_op],,
11,f0011,cargo-only,m2,mask\f0011_m2.png,True,True,,19d7c2f523b3c722e23efaf7f7756dc442f2a88e10b6b8db105723eb3ce78036,ecd0f7798089831bcb8f4601761f42f5ef120cd7fcc6f6f6bc56739f62b68981,960,540,3615,False,1a18a230d70ba461b8e9608e7d2fb2ae3b63221f97fa42ccea57e91c1c339def,m2+m3+m4 [expected_no_op],,
11,f0011,cargo-only,m3,mask\f0011_m3.png,True,True,,3f2ac109aa948777f6088d79fd60d2e2e499b981eeecfab8c4cee5b0b4568996,ecd0f7798089831bcb8f4601761f42f5ef120cd7fcc6f6f6bc56739f62b68981,960,540,3615,False,1a18a230d70ba461b8e9608e7d2fb2ae3b63221f97fa42ccea57e91c1c339def,m2+m3+m4 [expected_no_op],,
11,f0011,cargo-only,m4,mask\f0011_m4.png,True,True,,1c4b2290e4f432be426e1c09e1aa87fe6ca599892f9d5e69e1d4089dfb3a9093,ecd0f7798089831bcb8f4601761f42f5ef120cd7fcc6f6f6bc56739f62b68981,960,540,3615,False,1a18a230d70ba461b8e9608e7d2fb2ae3b63221f97fa42ccea57e91c1c339def,m2+m3+m4 [expected_no_op],,
12,f0012,cargo-only,m0,mask\f0012_m0.png,True,True,,20814a7e010caabdd1cbe2d15606030fc55c994909a2b609e18dbb7d8bb22f97,22fb66a98da1bcb1444a6d9bef73bcbc3edd7c187084d7043430c6d56056c5fa,640,480,1583,False,6146e853f6ef8716c4bdeb088bc5ccee569bcad8c89a286b4a2fa3dd48115a71,m0+m1+m2+m3+m4 [expected_no_op],,
12,f0012,cargo-only,m1,mask\f0012_m1.png,True,True,,11aa1e536229d973cdab5b92d76c1bc4ce84a03955c4e852a642bce10c89ceef,22fb66a98da1bcb1444a6d9bef73bcbc3edd7c187084d7043430c6d56056c5fa,640,480,1583,False,6146e853f6ef8716c4bdeb088bc5ccee569bcad8c89a286b4a2fa3dd48115a71,m0+m1+m2+m3+m4 [expected_no_op],,
12,f0012,cargo-only,m2,mask\f0012_m2.png,True,True,,c39928db21cad51f539ab53651fbe7e6dd65c16137afe01ea73fbe6c96582245,22fb66a98da1bcb1444a6d9bef73bcbc3edd7c187084d7043430c6d56056c5fa,640,480,1583,False,6146e853f6ef8716c4bdeb088bc5ccee569bcad8c89a286b4a2fa3dd48115a71,m0+m1+m2+m3+m4 [expected_no_op],,
12,f0012,cargo-only,m3,mask\f0012_m3.png,True,True,,f192c3193a4a223de2b32e2e43195b9032b4d489136e172d2dcb9ef31d893bc5,22fb66a98da1bcb1444a6d9bef73bcbc3edd7c187084d7043430c6d56056c5fa,640,480,1583,False,6146e853f6ef8716c4bdeb088bc5ccee569bcad8c89a286b4a2fa3dd48115a71,m0+m1+m2+m3+m4 [expected_no_op],,
12,f0012,cargo-only,m4,mask\f0012_m4.png,True,True,,2b8b9dd83ed00009931b5784af57e7a44a06bf1ef6fa4c3ac7b923a8fd0f3156,22fb66a98da1bcb1444a6d9bef73bcbc3edd7c187084d7043430c6d56056c5fa,640,480,1583,False,6146e853f6ef8716c4bdeb088bc5ccee569bcad8c89a286b4a2fa3dd48115a71,m0+m1+m2+m3+m4 [expected_no_op],,
13,f0013,cargo-only,m0,mask\f0013_m0.png,True,True,,ef945a674e8efa7192880dec312f554e938eb53cd5543bb6ec40b23d1d684296,fcf552b4b4018fc002324288856008ce03aed86bd9c99d9c0aef613d8a8883f2,720,480,27903,False,e482a0e842c2e5d429d7e181b812e5edf5dbcfcbeffdb666ffa4899e2af5672c,m0+m1 [expected_no_op],,
13,f0013,cargo-only,m1,mask\f0013_m1.png,True,True,,4ef72376a1b73e6c3f847af4a5e3a9c27dc82b41043c3ce2f8710c4588ba8c93,fcf552b4b4018fc002324288856008ce03aed86bd9c99d9c0aef613d8a8883f2,720,480,27903,False,e482a0e842c2e5d429d7e181b812e5edf5dbcfcbeffdb666ffa4899e2af5672c,m0+m1 [expected_no_op],,
13,f0013,cargo-only,m2,mask\f0013_m2.png,True,True,,d0eab420087962eedee5be40576905c187f1e3803292b7f006c515ba9e713e57,19d3ee9696cfe62bd0dc5be7b3176142adfb5a29d5ee8a424ca46c377940f19f,720,480,25745,False,e482a0e842c2e5d429d7e181b812e5edf5dbcfcbeffdb666ffa4899e2af5672c,m2+m3+m4 [expected_no_op],,
13,f0013,cargo-only,m3,mask\f0013_m3.png,True,True,,c7050bedfcd2b5f0589402b7c40a098853f6c9928f098a74761cde0c853c326a,19d3ee9696cfe62bd0dc5be7b3176142adfb5a29d5ee8a424ca46c377940f19f,720,480,25745,False,e482a0e842c2e5d429d7e181b812e5edf5dbcfcbeffdb666ffa4899e2af5672c,m2+m3+m4 [expected_no_op],,
13,f0013,cargo-only,m4,mask\f0013_m4.png,True,True,,c265dda6477f72aed455ce185f90cf26853ced93b7c241df1a465e128f491f2b,19d3ee9696cfe62bd0dc5be7b3176142adfb5a29d5ee8a424ca46c377940f19f,720,480,25745,False,e482a0e842c2e5d429d7e181b812e5edf5dbcfcbeffdb666ffa4899e2af5672c,m2+m3+m4 [expected_no_op],,
14,f0014,cargo-only,m0,mask\f0014_m0.png,True,True,,6cd5bbc570fd72d5eef4722c2d8510b2b624cfc3c4a1e7e0461d0544875aae43,fb679f3bb28172448d8c1bcc0f6c28f631533ae77205d78aa308dd64c6a818d6,640,480,73560,False,5117a99218dd086a346f15434df53be2b8e1d05237b9493dc310422b7be14fbd,m0+m1 [expected_no_op],,
14,f0014,cargo-only,m1,mask\f0014_m1.png,True,True,,ad5c00be239aafde6269b58413a7fc4d8d088f2869960f6eb9611b2758a64d7c,fb679f3bb28172448d8c1bcc0f6c28f631533ae77205d78aa308dd64c6a818d6,640,480,73560,False,5117a99218dd086a346f15434df53be2b8e1d05237b9493dc310422b7be14fbd,m0+m1 [expected_no_op],,
14,f0014,cargo-only,m2,mask\f0014_m2.png,True,True,,360e9032c9774f8ad02bb307e35536b9ae966572a0055c0b5fed06e11d92ea9c,c8b5cb4f8e653580a1e47e57eefb4f896e75edd7065882c4c898726d63f17e60,640,480,65351,False,5117a99218dd086a346f15434df53be2b8e1d05237b9493dc310422b7be14fbd,m2+m3+m4 [expected_no_op],,
14,f0014,cargo-only,m3,mask\f0014_m3.png,True,True,,36bc99a4188f755a4ba941be83ebce0839ed46ad69944bde28355337f6f72921,c8b5cb4f8e653580a1e47e57eefb4f896e75edd7065882c4c898726d63f17e60,640,480,65351,False,5117a99218dd086a346f15434df53be2b8e1d05237b9493dc310422b7be14fbd,m2+m3+m4 [expected_no_op],,
14,f0014,cargo-only,m4,mask\f0014_m4.png,True,True,,e366d892e414057c16488cccb481c59446dceafe11ac072f8f78be32e37875a0,c8b5cb4f8e653580a1e47e57eefb4f896e75edd7065882c4c898726d63f17e60,640,480,65351,False,5117a99218dd086a346f15434df53be2b8e1d05237b9493dc310422b7be14fbd,m2+m3+m4 [expected_no_op],,
15,f0015,cargo-only,m0,mask\f0015_m0.png,True,True,,af07be48f66145659ba35207dbb8ba6d40e2bb404710ef89356dcffc947be08e,f89d9da241ba9aa6ef39c779339e82d286061a754e5d7182c308f3065e40c13c,960,540,1663,False,ff53e7d5fe024163dae4c2e6bc436e0602f4b8bfb264597e2d1b010f308c4717,m0+m1 [expected_no_op],,
15,f0015,cargo-only,m1,mask\f0015_m1.png,True,True,,2f3589ddd56cbc1144217f7385a6c75bdbdb4a39a12561175ba774ff13cc7a43,f89d9da241ba9aa6ef39c779339e82d286061a754e5d7182c308f3065e40c13c,960,540,1663,False,ff53e7d5fe024163dae4c2e6bc436e0602f4b8bfb264597e2d1b010f308c4717,m0+m1 [expected_no_op],,
15,f0015,cargo-only,m2,mask\f0015_m2.png,True,True,,71c223bf09bd437b514888a0156873da86fbb5f670385f94cf946c3997d7f417,090fc0d7d387c1a63b059aee2beb90f28c78fcd5584ade69e84a8b3bd12b6b4b,960,540,1462,False,ff53e7d5fe024163dae4c2e6bc436e0602f4b8bfb264597e2d1b010f308c4717,m2+m3+m4 [expected_no_op],,
15,f0015,cargo-only,m3,mask\f0015_m3.png,True,True,,3d5d9b9a330a524548af5e1e98721cd81a2ca256c0d854344a83aab5861ff2a3,090fc0d7d387c1a63b059aee2beb90f28c78fcd5584ade69e84a8b3bd12b6b4b,960,540,1462,False,ff53e7d5fe024163dae4c2e6bc436e0602f4b8bfb264597e2d1b010f308c4717,m2+m3+m4 [expected_no_op],,
15,f0015,cargo-only,m4,mask\f0015_m4.png,True,True,,fb81ed21b81d98a6e7d46b914f61d7f83d5d0540e828a1bcdeb89aea14ad1ede,090fc0d7d387c1a63b059aee2beb90f28c78fcd5584ade69e84a8b3bd12b6b4b,960,540,1462,False,ff53e7d5fe024163dae4c2e6bc436e0602f4b8bfb264597e2d1b010f308c4717,m2+m3+m4 [expected_no_op],,
16,f0016,cargo-only,m0,mask\f0016_m0.png,True,True,,22267249a9d149c7a43933478dc9d5adb120e8cf1401a147e89e979340d23fb0,1ba416773994200687ae6d2909f5aaaa8950dfda0aacb1e93ab553aacb9695cc,960,540,147389,False,741331eaadda17357711977efa2fbb2b00cf165d44957733dc497d134dbaf96c,m0+m1 [expected_no_op],,
16,f0016,cargo-only,m1,mask\f0016_m1.png,True,True,,6e9f4fd9641c0465b33fb36220ee8dab2dfabceaa530921c7379f38b34359ce9,1ba416773994200687ae6d2909f5aaaa8950dfda0aacb1e93ab553aacb9695cc,960,540,147389,False,741331eaadda17357711977efa2fbb2b00cf165d44957733dc497d134dbaf96c,m0+m1 [expected_no_op],,
16,f0016,cargo-only,m2,mask\f0016_m2.png,True,True,,5df3ddfeaaf785e073675a40271d16fa5981d8abc9a8978aedaf63e404487af5,f73c98dc8dd1a41597c0fa236ad018fb52117013e924227c999717cc514fe743,960,540,115048,False,741331eaadda17357711977efa2fbb2b00cf165d44957733dc497d134dbaf96c,m2+m3+m4 [expected_no_op],,
16,f0016,cargo-only,m3,mask\f0016_m3.png,True,True,,c1765d8a2b522afa74421662b1d68ee082868826c43a1a5613ccd965980f2961,f73c98dc8dd1a41597c0fa236ad018fb52117013e924227c999717cc514fe743,960,540,115048,False,741331eaadda17357711977efa2fbb2b00cf165d44957733dc497d134dbaf96c,m2+m3+m4 [expected_no_op],,
16,f0016,cargo-only,m4,mask\f0016_m4.png,True,True,,3dbd26517615006dffeb464b6fe9cf2a93e9f1340039136ed6362e28d4ea5668,f73c98dc8dd1a41597c0fa236ad018fb52117013e924227c999717cc514fe743,960,540,115048,False,741331eaadda17357711977efa2fbb2b00cf165d44957733dc497d134dbaf96c,m2+m3+m4 [expected_no_op],,
17,f0017,cargo-only,m0,mask\f0017_m0.png,True,True,,fc82e1df68f886b46455acf3bfa6661050e4a8ea090d4dbfd59739b145ab7660,62488e2eabffbcd4ecf7cd68c49ad3f53912888a93dd0bf7c066c0d7808bc88e,560,560,5599,False,ff90c4516210fee4b08e7d80fc928a96f1cb460090927bf023dd78326ffab610,m0+m1 [expected_no_op],,
17,f0017,cargo-only,m1,mask\f0017_m1.png,True,True,,fc93f155fb042304dd44769fa5678cc74e6faec9b5e92daa2cd8852cb606f60a,62488e2eabffbcd4ecf7cd68c49ad3f53912888a93dd0bf7c066c0d7808bc88e,560,560,5599,False,ff90c4516210fee4b08e7d80fc928a96f1cb460090927bf023dd78326ffab610,m0+m1 [expected_no_op],,
17,f0017,cargo-only,m2,mask\f0017_m2.png,True,True,,9712695ea512d373dc4b271a8118c2fd170daade549a5e8c0e09b675cbc2ae21,a4c49bbd412f995bc95dd8102f62e4f3323997895cf13155c047f83af2c21d3e,560,560,4190,False,ff90c4516210fee4b08e7d80fc928a96f1cb460090927bf023dd78326ffab610,m2+m3+m4 [expected_no_op],,
17,f0017,cargo-only,m3,mask\f0017_m3.png,True,True,,225983fcba6572bb5b49b00731b370f2dc4453ad92f9f9be6910a1af2a502d15,a4c49bbd412f995bc95dd8102f62e4f3323997895cf13155c047f83af2c21d3e,560,560,4190,False,ff90c4516210fee4b08e7d80fc928a96f1cb460090927bf023dd78326ffab610,m2+m3+m4 [expected_no_op],,
17,f0017,cargo-only,m4,mask\f0017_m4.png,True,True,,c1d29cd6c598c259edd03bd33e85a48a4ec3b60b6faf5b771da849fda672ef2a,a4c49bbd412f995bc95dd8102f62e4f3323997895cf13155c047f83af2c21d3e,560,560,4190,False,ff90c4516210fee4b08e7d80fc928a96f1cb460090927bf023dd78326ffab610,m2+m3+m4 [expected_no_op],,
18,f0018,cargo-only,m0,mask\f0018_m0.png,True,True,,45085afd40b30c9be99fff79bdea40da302a2d0754135d4a42d7052bd379e2ff,91407eecc4a5fbf1746b7b5d49b0335f86c59e7c54250c315abd7c2d39555efb,640,480,25749,False,26ad396eb763c32d7ad5e64ccc7ad23ac511a92369cf5673cdae901c275e9671,m0+m1 [expected_no_op],,
18,f0018,cargo-only,m1,mask\f0018_m1.png,True,True,,01b47482455896a6cdb39b639d767d99e43fd04263f7c21a4e06ae1145db1b22,91407eecc4a5fbf1746b7b5d49b0335f86c59e7c54250c315abd7c2d39555efb,640,480,25749,False,26ad396eb763c32d7ad5e64ccc7ad23ac511a92369cf5673cdae901c275e9671,m0+m1 [expected_no_op],,
18,f0018,cargo-only,m2,mask\f0018_m2.png,True,True,,243dbffe0887c0e8dc5e02a1cf244af54aed0f249dbcfdf8b2c19a035a7aff5a,aef5b177c93263a6c54e0a1fd331d0a8335d64a856f920d6fa4ab20506fb7ae2,640,480,19595,False,26ad396eb763c32d7ad5e64ccc7ad23ac511a92369cf5673cdae901c275e9671,m2+m3+m4 [expected_no_op],,
18,f0018,cargo-only,m3,mask\f0018_m3.png,True,True,,dbda06204c27eec9afcbfa181a9fe702b185db4a71fc070ed1df7afdeec17ad0,aef5b177c93263a6c54e0a1fd331d0a8335d64a856f920d6fa4ab20506fb7ae2,640,480,19595,False,26ad396eb763c32d7ad5e64ccc7ad23ac511a92369cf5673cdae901c275e9671,m2+m3+m4 [expected_no_op],,
18,f0018,cargo-only,m4,mask\f0018_m4.png,True,True,,b4054b9b2b682da856aba18e98cfff2705f072a45dd460f613449594dd2d7f31,aef5b177c93263a6c54e0a1fd331d0a8335d64a856f920d6fa4ab20506fb7ae2,640,480,19595,False,26ad396eb763c32d7ad5e64ccc7ad23ac511a92369cf5673cdae901c275e9671,m2+m3+m4 [expected_no_op],,
19,f0019,cargo-only,m0,mask\f0019_m0.png,True,True,,0572f9d2b2bec4d75195d87c27b041329bf7d6ceaf3a6c93642d58be6b901d71,5fc32ff76de8ccddf4ce46773a9be1103806235b748d0d246f8dd36b41064e27,640,480,56628,False,879facb8d3d635352de547a09d2f778e192245840f3190e9c3025748e59dbb23,m0+m1 [expected_no_op],,
19,f0019,cargo-only,m1,mask\f0019_m1.png,True,True,,1d1cdde817f5328bbbd4648eea0b897f2e05d1e425fe90b1fe6188c6ded36654,5fc32ff76de8ccddf4ce46773a9be1103806235b748d0d246f8dd36b41064e27,640,480,56628,False,879facb8d3d635352de547a09d2f778e192245840f3190e9c3025748e59dbb23,m0+m1 [expected_no_op],,
19,f0019,cargo-only,m2,mask\f0019_m2.png,True,True,,fc0bc0a639a3fc47e03e491882bd75ec22d7b5f608822bff8ac946d625fd27db,8e9939d87ce911d76115754a2216fe94b592af66099443ac7f39bcfe25a09441,640,480,47638,False,879facb8d3d635352de547a09d2f778e192245840f3190e9c3025748e59dbb23,m2+m3+m4 [expected_no_op],,
19,f0019,cargo-only,m3,mask\f0019_m3.png,True,True,,5eed1cd98cb0e9f6d057a23be84ac262214e735770c895b3a438e20ed2b405c3,8e9939d87ce911d76115754a2216fe94b592af66099443ac7f39bcfe25a09441,640,480,47638,False,879facb8d3d635352de547a09d2f778e192245840f3190e9c3025748e59dbb23,m2+m3+m4 [expected_no_op],,
19,f0019,cargo-only,m4,mask\f0019_m4.png,True,True,,c8d43087259013221b01f8f760702eb46bc27fa2da10cda50732e4d3a8613227,8e9939d87ce911d76115754a2216fe94b592af66099443ac7f39bcfe25a09441,640,480,47638,False,879facb8d3d635352de547a09d2f778e192245840f3190e9c3025748e59dbb23,m2+m3+m4 [expected_no_op],,
20,f0020,context-rich,m0,mask\f0020_m0.png,True,True,,42f52dd9fb442a801c2de67eef02df6bd527b8cb7ec07dc5fc021692cde0a73e,15e84907e36b7d9b4de5ba1a9f4a685837342b0bce072c1fce7b0f5bf57ede94,640,480,18571,False,8bd3428cc6bc225f937f6001aecdfbe63d92eae535dc7112b5cb6f437ef60c43,m0+m1+m2+m3+m4 [no_op_placed_but_not_occluding],,
20,f0020,context-rich,m1,mask\f0020_m1.png,True,True,,87cad4592a60db19ac80ec2dabb6d0bddfeed3da132f34ef669d88c2a9f2e171,15e84907e36b7d9b4de5ba1a9f4a685837342b0bce072c1fce7b0f5bf57ede94,640,480,18571,False,8bd3428cc6bc225f937f6001aecdfbe63d92eae535dc7112b5cb6f437ef60c43,m0+m1+m2+m3+m4 [no_op_placed_but_not_occluding],,
20,f0020,context-rich,m2,mask\f0020_m2.png,True,True,,87cad4592a60db19ac80ec2dabb6d0bddfeed3da132f34ef669d88c2a9f2e171,15e84907e36b7d9b4de5ba1a9f4a685837342b0bce072c1fce7b0f5bf57ede94,640,480,18571,False,8bd3428cc6bc225f937f6001aecdfbe63d92eae535dc7112b5cb6f437ef60c43,m0+m1+m2+m3+m4 [no_op_placed_but_not_occluding],,
20,f0020,context-rich,m3,mask\f0020_m3.png,True,True,,98e651e289549bf6a4ccce630e581314b1e3ca97e6385dc5dee2fe21bcc4a605,15e84907e36b7d9b4de5ba1a9f4a685837342b0bce072c1fce7b0f5bf57ede94,640,480,18571,False,8bd3428cc6bc225f937f6001aecdfbe63d92eae535dc7112b5cb6f437ef60c43,m0+m1+m2+m3+m4 [no_op_placed_but_not_occluding],,
20,f0020,context-rich,m4,mask\f0020_m4.png,True,True,,21be6994d044d53bdb950554bd90dbed955f7223a3a987118b2cd2fbeeaabe78,15e84907e36b7d9b4de5ba1a9f4a685837342b0bce072c1fce7b0f5bf57ede94,640,480,18571,False,8bd3428cc6bc225f937f6001aecdfbe63d92eae535dc7112b5cb6f437ef60c43,m0+m1+m2+m3+m4 [no_op_placed_but_not_occluding],,
21,f0021,context-rich,m0,mask\f0021_m0.png,True,True,,0178bcd504f8c13e1ee08f75ec831c46f1c92135a8a2986bde148aceac5ce0a0,3206016b1419ff61f7655538d4c25dd8e84f826e785c337b4c182c7d790a62a9,560,560,22525,False,7f4fc1d8211d7726dfee8e1387259284b62cb3dc17fa572d334388ce77ebe756,m0+m1+m2 [expected_no_op],,
21,f0021,context-rich,m1,mask\f0021_m1.png,True,True,,8f6f4f3bec2ec754c73eddec1b1a64b7d95e83326c70c5cceaffbf493256c265,3206016b1419ff61f7655538d4c25dd8e84f826e785c337b4c182c7d790a62a9,560,560,22525,False,7f4fc1d8211d7726dfee8e1387259284b62cb3dc17fa572d334388ce77ebe756,m0+m1+m2 [expected_no_op],,
21,f0021,context-rich,m2,mask\f0021_m2.png,True,True,,c79df8c775effc4a9a66b2544e16588b6659a9e154463d935681ee40d79fd825,3206016b1419ff61f7655538d4c25dd8e84f826e785c337b4c182c7d790a62a9,560,560,22525,False,7f4fc1d8211d7726dfee8e1387259284b62cb3dc17fa572d334388ce77ebe756,m0+m1+m2 [expected_no_op],,
21,f0021,context-rich,m3,mask\f0021_m3.png,True,True,,bf98ae5043bc69b4aa7f7565a5d262f867c9a49ba9afffd955db8f746db34b5d,acc0542d28f421ca38421c952bd5ac58efd933495075df664dfc90e27c1d241f,560,560,20049,False,7f4fc1d8211d7726dfee8e1387259284b62cb3dc17fa572d334388ce77ebe756,m3+m4 [expected_no_op],,
21,f0021,context-rich,m4,mask\f0021_m4.png,True,True,,55a5adc3db93c4c1b8aa75edc2ee9bb7293e1aaac99f1096a71cf5f7aee44b82,acc0542d28f421ca38421c952bd5ac58efd933495075df664dfc90e27c1d241f,560,560,20049,False,7f4fc1d8211d7726dfee8e1387259284b62cb3dc17fa572d334388ce77ebe756,m3+m4 [expected_no_op],,
22,f0022,context-rich,m0,mask\f0022_m0.png,True,True,,4461992a4e3c8dbe6a831170914f3253e0432b013e74d3bce5c473a8fe384743,aa773267c54ae7fe37770800fec45006b46e181565e24d27226438ec8b41c101,640,480,136247,False,f1266d752f4f4cd1709c70cb324a588bb38a37b578a439649aec2a51cd2cf01f,m0+m1 [expected_no_op],,
22,f0022,context-rich,m1,mask\f0022_m1.png,True,True,,0cfd7937bcdf6d1a3af31a733a68a5352dab12b0754baac5bb1c4571ef043f68,aa773267c54ae7fe37770800fec45006b46e181565e24d27226438ec8b41c101,640,480,136247,False,f1266d752f4f4cd1709c70cb324a588bb38a37b578a439649aec2a51cd2cf01f,m0+m1 [expected_no_op],,
22,f0022,context-rich,m2,mask\f0022_m2.png,True,True,,440eed6deef546b79544d061d81529800320841c62d6b5ad58375d3819b28d7b,0e74f34c19a128dec4a8f36b972c1e992006049fa5df36e0c7f15c8e52aa1179,640,480,120617,False,f1266d752f4f4cd1709c70cb324a588bb38a37b578a439649aec2a51cd2cf01f,m2+m3+m4 [no_op_placed_but_not_occluding],,
22,f0022,context-rich,m3,mask\f0022_m3.png,True,True,,b1158b94d1acfef80792c217dd13d06cf097506484e371b779b4fdda35afc2b8,0e74f34c19a128dec4a8f36b972c1e992006049fa5df36e0c7f15c8e52aa1179,640,480,120617,False,f1266d752f4f4cd1709c70cb324a588bb38a37b578a439649aec2a51cd2cf01f,m2+m3+m4 [no_op_placed_but_not_occluding],,
22,f0022,context-rich,m4,mask\f0022_m4.png,True,True,,595b77ae4afb9e5a2072e41b5c070d93b3f906d8b6bf8c32c6f2245ed29aab1f,0e74f34c19a128dec4a8f36b972c1e992006049fa5df36e0c7f15c8e52aa1179,640,480,120617,False,f1266d752f4f4cd1709c70cb324a588bb38a37b578a439649aec2a51cd2cf01f,m2+m3+m4 [no_op_placed_but_not_occluding],,
23,f0023,context-rich,m0,mask\f0023_m0.png,True,True,,f85a6bad4aed0d5d5dcf5feb30e2269190382b11283994b525b193063d477a4c,d272befb63fd65c11e916f3c6bb4ed3eed975a1aac82fc41e5fdb75ab56c528a,720,480,6941,False,0e40d0e9a74c0bb4fe58d4766dfa4fb43c29c5e91819156d146aa51a37c32ab5,m0+m1+m2+m3+m4 [no_op_placed_but_not_occluding],,
23,f0023,context-rich,m1,mask\f0023_m1.png,True,True,,be34995ecbaec9a0a61c655b90db88bc4eccc75f6f395e200481b1ef948526bd,d272befb63fd65c11e916f3c6bb4ed3eed975a1aac82fc41e5fdb75ab56c528a,720,480,6941,False,0e40d0e9a74c0bb4fe58d4766dfa4fb43c29c5e91819156d146aa51a37c32ab5,m0+m1+m2+m3+m4 [no_op_placed_but_not_occluding],,
23,f0023,context-rich,m2,mask\f0023_m2.png,True,True,,ef520996717a84c3bae90389466a0271db15f038da675431a438266536679e77,d272befb63fd65c11e916f3c6bb4ed3eed975a1aac82fc41e5fdb75ab56c528a,720,480,6941,False,0e40d0e9a74c0bb4fe58d4766dfa4fb43c29c5e91819156d146aa51a37c32ab5,m0+m1+m2+m3+m4 [no_op_placed_but_not_occluding],,
23,f0023,context-rich,m3,mask\f0023_m3.png,True,True,,ec0ca9f99edb19096e2e4997085c385e2dda4c9b825acb48852f2e5282e190ad,d272befb63fd65c11e916f3c6bb4ed3eed975a1aac82fc41e5fdb75ab56c528a,720,480,6941,False,0e40d0e9a74c0bb4fe58d4766dfa4fb43c29c5e91819156d146aa51a37c32ab5,m0+m1+m2+m3+m4 [no_op_placed_but_not_occluding],,
23,f0023,context-rich,m4,mask\f0023_m4.png,True,True,,7ace554e0710a0c12972314fcc30f784c791e510ad50e4037a7a068d50fedc96,d272befb63fd65c11e916f3c6bb4ed3eed975a1aac82fc41e5fdb75ab56c528a,720,480,6941,False,0e40d0e9a74c0bb4fe58d4766dfa4fb43c29c5e91819156d146aa51a37c32ab5,m0+m1+m2+m3+m4 [no_op_placed_but_not_occluding],,
24,f0024,context-rich,m0,mask\f0024_m0.png,True,True,,f71ae0aac39780f675b6199369bbae4c7a7a50d729e2ac787a48dba05b82285e,624e6275bbf1f6570fbd9bb6dddaf61dccc4088a3391da5097464ce8777f3cde,640,480,944,False,e62a16a1057d2d92d55e4d862f7a2f9642f5dd856d3911efc84437cfdf336696,m0+m1+m2+m3+m4 [no_op_placed_but_not_occluding],,
24,f0024,context-rich,m1,mask\f0024_m1.png,True,True,,363f04ca48b522275045bd9087330ded231023d668b0e006bb551f91ef2f24db,624e6275bbf1f6570fbd9bb6dddaf61dccc4088a3391da5097464ce8777f3cde,640,480,944,False,e62a16a1057d2d92d55e4d862f7a2f9642f5dd856d3911efc84437cfdf336696,m0+m1+m2+m3+m4 [no_op_placed_but_not_occluding],,
24,f0024,context-rich,m2,mask\f0024_m2.png,True,True,,4912f3b38339ed440d19a7871f1ae9a9abd1fe7f162f6cf292f6be03fb3cb823,624e6275bbf1f6570fbd9bb6dddaf61dccc4088a3391da5097464ce8777f3cde,640,480,944,False,e62a16a1057d2d92d55e4d862f7a2f9642f5dd856d3911efc84437cfdf336696,m0+m1+m2+m3+m4 [no_op_placed_but_not_occluding],,
24,f0024,context-rich,m3,mask\f0024_m3.png,True,True,,7bfaa40bb897aee389a6eecac2dd2ca13f75f3eebd472139bfd53a82b3c42a8c,624e6275bbf1f6570fbd9bb6dddaf61dccc4088a3391da5097464ce8777f3cde,640,480,944,False,e62a16a1057d2d92d55e4d862f7a2f9642f5dd856d3911efc84437cfdf336696,m0+m1+m2+m3+m4 [no_op_placed_but_not_occluding],,
24,f0024,context-rich,m4,mask\f0024_m4.png,True,True,,3c45027a04a004c737b604ef9f2201080d9afceee949585f7a8c17e35dc10b3f,624e6275bbf1f6570fbd9bb6dddaf61dccc4088a3391da5097464ce8777f3cde,640,480,944,False,e62a16a1057d2d92d55e4d862f7a2f9642f5dd856d3911efc84437cfdf336696,m0+m1+m2+m3+m4 [no_op_placed_but_not_occluding],,
25,f0025,context-rich,m0,mask\f0025_m0.png,True,True,,27a71211fb9a4b85f98a2d14462d1070f3f50621e724efdc461acd21957e1407,9426937fda1b89f6e637804b33039c9ad426f4d0e7b954269ad0b7fe323299cd,960,540,1451,False,151d91d0767e73ea5999430fdfd37ab5135a35e48d818da04b7adb42a921d5c0,m0+m1 [expected_no_op],,
25,f0025,context-rich,m1,mask\f0025_m1.png,True,True,,ea7cfd7d2a547c16677d6d8038b8aeae2add4967f24a17396b8da3e2a600be3a,9426937fda1b89f6e637804b33039c9ad426f4d0e7b954269ad0b7fe323299cd,960,540,1451,False,151d91d0767e73ea5999430fdfd37ab5135a35e48d818da04b7adb42a921d5c0,m0+m1 [expected_no_op],,
25,f0025,context-rich,m2,mask\f0025_m2.png,True,True,,3f88bd09769a316292ec9750767d60b1e3ef628b39173662d5ca5bad415a420c,ba5f59f3b4e06ae33903994f1de44d0d1ede9a683098b30e9c45b8472b122f12,960,540,1403,False,151d91d0767e73ea5999430fdfd37ab5135a35e48d818da04b7adb42a921d5c0,m2+m3+m4 [no_op_placed_but_not_occluding],,
25,f0025,context-rich,m3,mask\f0025_m3.png,True,True,,3eb208db923c4f3676141248d5c8d7826b3482f47fd834ff3e912b82aa426fd2,ba5f59f3b4e06ae33903994f1de44d0d1ede9a683098b30e9c45b8472b122f12,960,540,1403,False,151d91d0767e73ea5999430fdfd37ab5135a35e48d818da04b7adb42a921d5c0,m2+m3+m4 [no_op_placed_but_not_occluding],,
25,f0025,context-rich,m4,mask\f0025_m4.png,True,True,,46104d937ca912089c1889d119656e17e74c8fa707270849b4e50c405838b610,ba5f59f3b4e06ae33903994f1de44d0d1ede9a683098b30e9c45b8472b122f12,960,540,1403,False,151d91d0767e73ea5999430fdfd37ab5135a35e48d818da04b7adb42a921d5c0,m2+m3+m4 [no_op_placed_but_not_occluding],,
26,f0026,context-rich,m0,mask\f0026_m0.png,True,True,,dfce25c02cecf6907fdb446b50839dfb8711ff2584dba612beabc2587b2e4ce2,7df51c239d529c43cf61e3d8bcab45d0585eb2ca615dd9842cea2d613d62a1d9,960,540,133604,False,140f6d14f2f3404389801ecef85514e367c10b6dc8dad5b7005ef4854ef1d67c,m0+m1 [expected_no_op],,
26,f0026,context-rich,m1,mask\f0026_m1.png,True,True,,41783856fd75803009e7444ebfd64edf9177677b975dccfc646bff76dcb6af9f,7df51c239d529c43cf61e3d8bcab45d0585eb2ca615dd9842cea2d613d62a1d9,960,540,133604,False,140f6d14f2f3404389801ecef85514e367c10b6dc8dad5b7005ef4854ef1d67c,m0+m1 [expected_no_op],,
26,f0026,context-rich,m2,mask\f0026_m2.png,True,True,,31e85cc37e8716fb2aa95f97cbcfcd20e6722e96b2035d5a9cd9b2689c6e6a9c,f627e243892e5659edf5d0804c5d774ca2c6ece3e33cdd78dcdc40aec13f2345,960,540,118140,False,140f6d14f2f3404389801ecef85514e367c10b6dc8dad5b7005ef4854ef1d67c,,,
26,f0026,context-rich,m3,mask\f0026_m3.png,True,True,,f9fa76d09119f5383138bc5153a6964e2c27b11da005d7faf69658549fc7e5e6,46243f67c2e2bcb60150ee2e98d39ef2ef09795fa0e110b874cf84451a635049,960,540,115723,False,140f6d14f2f3404389801ecef85514e367c10b6dc8dad5b7005ef4854ef1d67c,m3+m4 [expected_no_op],,
26,f0026,context-rich,m4,mask\f0026_m4.png,True,True,,b2debdfb5a6bdd7daedcb061b95881a652c907c968cd22e8470b5ede26950020,46243f67c2e2bcb60150ee2e98d39ef2ef09795fa0e110b874cf84451a635049,960,540,115723,False,140f6d14f2f3404389801ecef85514e367c10b6dc8dad5b7005ef4854ef1d67c,m3+m4 [expected_no_op],,
27,f0027,context-rich,m0,mask\f0027_m0.png,True,True,,f960e894900615ecb3c0b190b73e90a6cf81572123a9c63d58712fd9b455bc5f,79babb8db70a12f252606100ec3eebb043ca17429fd4af945fabb39b3f6aa58b,640,480,34550,False,1eb01ce0ded96e6a671d456eb814feca1a55adc3eae3678508cc16e7fba2c56e,m0+m1+m2+m3+m4 [no_op_placed_but_not_occluding],,
27,f0027,context-rich,m1,mask\f0027_m1.png,True,True,,b2795fb5ac823241ae20594eefe1b6ee4eb4e11cdd7f01e4c6343536ccb2df42,79babb8db70a12f252606100ec3eebb043ca17429fd4af945fabb39b3f6aa58b,640,480,34550,False,1eb01ce0ded96e6a671d456eb814feca1a55adc3eae3678508cc16e7fba2c56e,m0+m1+m2+m3+m4 [no_op_placed_but_not_occluding],,
27,f0027,context-rich,m2,mask\f0027_m2.png,True,True,,51af30a065be2b8b8ef875b5c35ebf1b76d1a06ef0c636b0024eec6d3e7c6e62,79babb8db70a12f252606100ec3eebb043ca17429fd4af945fabb39b3f6aa58b,640,480,34550,False,1eb01ce0ded96e6a671d456eb814feca1a55adc3eae3678508cc16e7fba2c56e,m0+m1+m2+m3+m4 [no_op_placed_but_not_occluding],,
27,f0027,context-rich,m3,mask\f0027_m3.png,True,True,,39f4dc61e0dca5a9a7a8879da260c9a5d8729712e39030901e32aeb95f5f8bcd,79babb8db70a12f252606100ec3eebb043ca17429fd4af945fabb39b3f6aa58b,640,480,34550,False,1eb01ce0ded96e6a671d456eb814feca1a55adc3eae3678508cc16e7fba2c56e,m0+m1+m2+m3+m4 [no_op_placed_but_not_occluding],,
27,f0027,context-rich,m4,mask\f0027_m4.png,True,True,,321df67a77484a9dc217edef7b26626bb1d558e0d3020ab91f65fefe5f628907,79babb8db70a12f252606100ec3eebb043ca17429fd4af945fabb39b3f6aa58b,640,480,34550,False,1eb01ce0ded96e6a671d456eb814feca1a55adc3eae3678508cc16e7fba2c56e,m0+m1+m2+m3+m4 [no_op_placed_but_not_occluding],,
28,f0028,context-rich,m0,mask\f0028_m0.png,True,True,,84fa5958df4ac19e647f4165ebc4ce0aad847585867f67ad8962cc66e2ff4eae,e2207bc9718bc4417614b97cd46cb5e587848a49883c49fc0869b9ddab36704f,720,480,62433,False,ad66811abb71b8b05c8c5413054007cc2702fae63d17c9ecceb2c636ad9b63f2,m0+m1 [expected_no_op],,
28,f0028,context-rich,m1,mask\f0028_m1.png,True,True,,f5fd3b356329908d39f013fecec7b2d20579cdad7ca546735c2fc07af443823e,e2207bc9718bc4417614b97cd46cb5e587848a49883c49fc0869b9ddab36704f,720,480,62433,False,ad66811abb71b8b05c8c5413054007cc2702fae63d17c9ecceb2c636ad9b63f2,m0+m1 [expected_no_op],,
28,f0028,context-rich,m2,mask\f0028_m2.png,True,True,,e26ae25bbf1a03aa612d65f062f1e3828cc42aa29d9896687a808f1d69fba76f,4cf2901c827e86d2ececd222499e43720250fd5cf93507c43df594b8edeedcf2,720,480,62357,False,ad66811abb71b8b05c8c5413054007cc2702fae63d17c9ecceb2c636ad9b63f2,m2+m3+m4 [no_op_placed_but_not_occluding],,
28,f0028,context-rich,m3,mask\f0028_m3.png,True,True,,df231e3837882f8e7f524ca60ef0a7c6fc12fc3cec646c83e0e98a767ed9e921,4cf2901c827e86d2ececd222499e43720250fd5cf93507c43df594b8edeedcf2,720,480,62357,False,ad66811abb71b8b05c8c5413054007cc2702fae63d17c9ecceb2c636ad9b63f2,m2+m3+m4 [no_op_placed_but_not_occluding],,
28,f0028,context-rich,m4,mask\f0028_m4.png,True,True,,8884ecce098775fb6a56a21ff87bb332311b93880da3bde173bdd193cc310389,4cf2901c827e86d2ececd222499e43720250fd5cf93507c43df594b8edeedcf2,720,480,62357,False,ad66811abb71b8b05c8c5413054007cc2702fae63d17c9ecceb2c636ad9b63f2,m2+m3+m4 [no_op_placed_but_not_occluding],,
29,f0029,context-rich,m0,mask\f0029_m0.png,True,True,,0de40852a8770358f7f56b22ae0da137aad425d710c8909ce36c5897d58a96fc,3a03f34d09e4f71bc9151430ebc89b55b6786d0827dc34920f922e0051832209,640,480,2976,False,39025ef5198d5de970f74d109d15dddb7365a17b5cae96f6d46b78bd5e7ab524,m0+m1+m2+m3+m4 [no_op_placed_but_not_occluding],,
29,f0029,context-rich,m1,mask\f0029_m1.png,True,True,,f560aa94c2f5f5aa9148b68e51b37e12005e76ca1e913128115e68bfd31d4043,3a03f34d09e4f71bc9151430ebc89b55b6786d0827dc34920f922e0051832209,640,480,2976,False,39025ef5198d5de970f74d109d15dddb7365a17b5cae96f6d46b78bd5e7ab524,m0+m1+m2+m3+m4 [no_op_placed_but_not_occluding],,
29,f0029,context-rich,m2,mask\f0029_m2.png,True,True,,2301ef75b96dd1daf2990af030b8687cc025faa6e2f765ba5dce50b9bfe09111,3a03f34d09e4f71bc9151430ebc89b55b6786d0827dc34920f922e0051832209,640,480,2976,False,39025ef5198d5de970f74d109d15dddb7365a17b5cae96f6d46b78bd5e7ab524,m0+m1+m2+m3+m4 [no_op_placed_but_not_occluding],,
29,f0029,context-rich,m3,mask\f0029_m3.png,True,True,,0da586506bb029c25442aa7f6f18d1c0d5a8ba5457f90d9e2f3bd23ef85511a5,3a03f34d09e4f71bc9151430ebc89b55b6786d0827dc34920f922e0051832209,640,480,2976,False,39025ef5198d5de970f74d109d15dddb7365a17b5cae96f6d46b78bd5e7ab524,m0+m1+m2+m3+m4 [no_op_placed_but_not_occluding],,
29,f0029,context-rich,m4,mask\f0029_m4.png,True,True,,7fe168bb8afb92baa805c3198b8ad6f25ef510411ffe149b418f9fc73f062e4a,3a03f34d09e4f71bc9151430ebc89b55b6786d0827dc34920f922e0051832209,640,480,2976,False,39025ef5198d5de970f74d109d15dddb7365a17b5cae96f6d46b78bd5e7ab524,m0+m1+m2+m3+m4 [no_op_placed_but_not_occluding],,
30,f0030,context-rich,m0,mask\f0030_m0.png,True,True,,f12442e64b34d53a1e773b7dfd9596ba4c223b79ba29bbcf342af758ac8705c3,a3fc1cc7a35002192f2d096168d295adf8ed2ef0bccdc4f984f31cf2c92ed2f9,960,540,74927,False,050149707d68a097841bcf22a8011300f0a25fde10f201951279071b1a8b3c9b,m0+m1+m2+m3+m4 [no_op_placed_but_not_occluding],,
30,f0030,context-rich,m1,mask\f0030_m1.png,True,True,,0d033001e4d1e0f3fea074e2acfc24be20b7d0a1b5b423fd76356f89a18aa658,a3fc1cc7a35002192f2d096168d295adf8ed2ef0bccdc4f984f31cf2c92ed2f9,960,540,74927,False,050149707d68a097841bcf22a8011300f0a25fde10f201951279071b1a8b3c9b,m0+m1+m2+m3+m4 [no_op_placed_but_not_occluding],,
30,f0030,context-rich,m2,mask\f0030_m2.png,True,True,,a6c1f0dfb686139f7c41427bf13329a3089eab27ec281cafa2cce89300a3cc87,a3fc1cc7a35002192f2d096168d295adf8ed2ef0bccdc4f984f31cf2c92ed2f9,960,540,74927,False,050149707d68a097841bcf22a8011300f0a25fde10f201951279071b1a8b3c9b,m0+m1+m2+m3+m4 [no_op_placed_but_not_occluding],,
30,f0030,context-rich,m3,mask\f0030_m3.png,True,True,,f94efcb06bd4b2c029d62ccd13d7fe99e12f584c21e32e2aa0f772d416b7b217,a3fc1cc7a35002192f2d096168d295adf8ed2ef0bccdc4f984f31cf2c92ed2f9,960,540,74927,False,050149707d68a097841bcf22a8011300f0a25fde10f201951279071b1a8b3c9b,m0+m1+m2+m3+m4 [no_op_placed_but_not_occluding],,
30,f0030,context-rich,m4,mask\f0030_m4.png,True,True,,92b0a970c76c6118ccbbece8887dfcd21743960a2fc338d792b0e19eee51bbab,a3fc1cc7a35002192f2d096168d295adf8ed2ef0bccdc4f984f31cf2c92ed2f9,960,540,74927,False,050149707d68a097841bcf22a8011300f0a25fde10f201951279071b1a8b3c9b,m0+m1+m2+m3+m4 [no_op_placed_but_not_occluding],,
31,f0031,context-rich,m0,mask\f0031_m0.png,True,True,,29c06499b1d22721b9e9ca667bd284878db00652a682fd7fe906a581cbac5f0b,57868f1ddcc362137e558a762f5288b7ca872529ded31b6a5a34b30f7a2bf8e9,640,480,7471,False,f4d3926175128ca6e1e238a3c566699927097e5e2df0a24da0fe201a7331c706,m0+m1 [expected_no_op],,
31,f0031,context-rich,m1,mask\f0031_m1.png,True,True,,aa66e1b9f7aa4c3bae718c08dcbb5fc8dbc063c558f59ac7e99e2e9062280406,57868f1ddcc362137e558a762f5288b7ca872529ded31b6a5a34b30f7a2bf8e9,640,480,7471,False,f4d3926175128ca6e1e238a3c566699927097e5e2df0a24da0fe201a7331c706,m0+m1 [expected_no_op],,
31,f0031,context-rich,m2,mask\f0031_m2.png,True,True,,81f6c52d18abbd49550ea355a1553a9625f595d9f8565bb347f08baf321f1f14,226626d3a684cdbdfaebc827044b759f519735c37c5a22609c20d792ae873dfd,640,480,5809,False,f4d3926175128ca6e1e238a3c566699927097e5e2df0a24da0fe201a7331c706,m2+m3+m4 [no_op_placed_but_not_occluding],,
31,f0031,context-rich,m3,mask\f0031_m3.png,True,True,,05cafe2cd25c45ae368fa49a55463e8e2a1957ed80bd839a651bd8085dc1c927,226626d3a684cdbdfaebc827044b759f519735c37c5a22609c20d792ae873dfd,640,480,5809,False,f4d3926175128ca6e1e238a3c566699927097e5e2df0a24da0fe201a7331c706,m2+m3+m4 [no_op_placed_but_not_occluding],,
31,f0031,context-rich,m4,mask\f0031_m4.png,True,True,,5a86f36ef9ae990c7a5589c21c5a0467425ec453a34dff3cc62f25b6b2a33517,226626d3a684cdbdfaebc827044b759f519735c37c5a22609c20d792ae873dfd,640,480,5809,False,f4d3926175128ca6e1e238a3c566699927097e5e2df0a24da0fe201a7331c706,m2+m3+m4 [no_op_placed_but_not_occluding],,
32,f0032,context-rich,m0,mask\f0032_m0.png,True,True,,66ae9d7d842eb663aa16da5cb4d0945e176ac7c40d6959d20a814bd57a213b41,6e87d19f3d2cacfd50f05b7710030b7320256924b5d01dea7197181a5a747ed8,960,540,800,False,1c2084a006c88ae7b4f91d1c0877f8fb7b2a7afe51933907e924c188243af519,m0+m1+m2+m3+m4 [no_op_placed_but_not_occluding],,
32,f0032,context-rich,m1,mask\f0032_m1.png,True,True,,c61f42c3daf8f6c8496915157455b85694d9ee8a05d198412193c34d12fe95ce,6e87d19f3d2cacfd50f05b7710030b7320256924b5d01dea7197181a5a747ed8,960,540,800,False,1c2084a006c88ae7b4f91d1c0877f8fb7b2a7afe51933907e924c188243af519,m0+m1+m2+m3+m4 [no_op_placed_but_not_occluding],,
32,f0032,context-rich,m2,mask\f0032_m2.png,True,True,,7b96ad36ddf0b943c8c2937f43e865fbd942f7fd79d417275bdd53f12aea6c67,6e87d19f3d2cacfd50f05b7710030b7320256924b5d01dea7197181a5a747ed8,960,540,800,False,1c2084a006c88ae7b4f91d1c0877f8fb7b2a7afe51933907e924c188243af519,m0+m1+m2+m3+m4 [no_op_placed_but_not_occluding],,
32,f0032,context-rich,m3,mask\f0032_m3.png,True,True,,4c5c4b6e39a889db182f40c1d9024a59df60207b7f0b16d1c969371d1deb149f,6e87d19f3d2cacfd50f05b7710030b7320256924b5d01dea7197181a5a747ed8,960,540,800,False,1c2084a006c88ae7b4f91d1c0877f8fb7b2a7afe51933907e924c188243af519,m0+m1+m2+m3+m4 [no_op_placed_but_not_occluding],,
32,f0032,context-rich,m4,mask\f0032_m4.png,True,True,,0b6ed953aa3ce23ffd8214ba8765b68042df43e0d666317639fa6dce42b29dd7,6e87d19f3d2cacfd50f05b7710030b7320256924b5d01dea7197181a5a747ed8,960,540,800,False,1c2084a006c88ae7b4f91d1c0877f8fb7b2a7afe51933907e924c188243af519,m0+m1+m2+m3+m4 [no_op_placed_but_not_occluding],,
33,f0033,context-rich,m0,mask\f0033_m0.png,True,True,,6446baa87c86618647720f2a6068f1bb01150f002ebbac27349133980c7a9f86,dca6db2621526ad1577adf23c65ae756d8670c3fe358efbecd6934e750b00b70,720,480,1405,False,d4065d45487a5fa2c547bb4e918e1961f1145d5f1370e9a7a01068ce2aeec93c,m0+m1 [expected_no_op],,
33,f0033,context-rich,m1,mask\f0033_m1.png,True,True,,c67221b99969873af1ca69b365e585c024159ff176cebfdd7a7aa54a78c889dc,dca6db2621526ad1577adf23c65ae756d8670c3fe358efbecd6934e750b00b70,720,480,1405,False,d4065d45487a5fa2c547bb4e918e1961f1145d5f1370e9a7a01068ce2aeec93c,m0+m1 [expected_no_op],,
33,f0033,context-rich,m2,mask\f0033_m2.png,True,True,,48e4946e7b931712bcb69709b12e12031d1ccaa29a62252100dda57b5cb54b2b,108f3e980add937c05cabdbc51997d5baad63061ca5ad8f73fb3495dea3e1bfa,720,480,1200,False,d4065d45487a5fa2c547bb4e918e1961f1145d5f1370e9a7a01068ce2aeec93c,m2+m3+m4 [expected_no_op],,
33,f0033,context-rich,m3,mask\f0033_m3.png,True,True,,f3a2925a2e23459c91dcbb7eac870289486312e63ae12084540740a5e73b3f73,108f3e980add937c05cabdbc51997d5baad63061ca5ad8f73fb3495dea3e1bfa,720,480,1200,False,d4065d45487a5fa2c547bb4e918e1961f1145d5f1370e9a7a01068ce2aeec93c,m2+m3+m4 [expected_no_op],,
33,f0033,context-rich,m4,mask\f0033_m4.png,True,True,,796c4b3284d3d3e6d62041a799e4586ac07a70b9e1d472b8e940d4ce1379cc6b,108f3e980add937c05cabdbc51997d5baad63061ca5ad8f73fb3495dea3e1bfa,720,480,1200,False,d4065d45487a5fa2c547bb4e918e1961f1145d5f1370e9a7a01068ce2aeec93c,m2+m3+m4 [expected_no_op],,
34,f0034,context-rich,m0,mask\f0034_m0.png,True,True,,3646f77cecbfa60bfa4d915965032e04aa9a0c8373387aca63ddfb42c4cfe7ec,bfee8b152f5cac5e42cf7547d33fcda357909d824db66edef643029c976f0e3b,640,480,32203,False,780c6e4b377b8927b849b0779cb73c52a7f5649b6d47499fbd1a9f44d72af08d,m0+m1+m2 [expected_no_op],,
34,f0034,context-rich,m1,mask\f0034_m1.png,True,True,,f1fd51864016a2931d5f78e14303c0239b24771b4c9a2eabc4c60e5a1ff21a95,bfee8b152f5cac5e42cf7547d33fcda357909d824db66edef643029c976f0e3b,640,480,32203,False,780c6e4b377b8927b849b0779cb73c52a7f5649b6d47499fbd1a9f44d72af08d,m0+m1+m2 [expected_no_op],,
34,f0034,context-rich,m2,mask\f0034_m2.png,True,True,,3726f296ea1c106aab481cbf95eb0f716d684a6582d2b77c3aca39b3fdafa706,bfee8b152f5cac5e42cf7547d33fcda357909d824db66edef643029c976f0e3b,640,480,32203,False,780c6e4b377b8927b849b0779cb73c52a7f5649b6d47499fbd1a9f44d72af08d,m0+m1+m2 [expected_no_op],,
34,f0034,context-rich,m3,mask\f0034_m3.png,True,True,,bb60618c1513ca63601618995883e4179b445c059426a1728b30e31ab4f1533f,f722d2f179452fa6e74467a1c59f8555d14267c94f682dc108f280351265cf07,640,480,32179,False,780c6e4b377b8927b849b0779cb73c52a7f5649b6d47499fbd1a9f44d72af08d,m3+m4 [expected_no_op],,
34,f0034,context-rich,m4,mask\f0034_m4.png,True,True,,a0b4c44e2e6f7eef11addde2438a28b5f520dd3532ed079e615ae880fe8cd93f,f722d2f179452fa6e74467a1c59f8555d14267c94f682dc108f280351265cf07,640,480,32179,False,780c6e4b377b8927b849b0779cb73c52a7f5649b6d47499fbd1a9f44d72af08d,m3+m4 [expected_no_op],,
35,f0035,controlled-occlusion,m0,mask\f0035_m0.png,True,True,,d32d0a73ca10576ca0179e92a94fa163798e521e98f45931eac3388613a96750,e9316aed25762fc74f2f72bcbab1eced6f82ecd977db72cb4f93b334b2ec2dee,960,540,102558,False,dfce496b8fac56e78716462d093ef31ee77dcbda76b5ad0cf9a3186ee08a9e76,m0+m1+m2+m3 [expected_no_op],,
35,f0035,controlled-occlusion,m1,mask\f0035_m1.png,True,True,,b39fe79f01aac50a62f9e5cf8af17b9ab7010ed6c85f79e2f6376142c724c592,e9316aed25762fc74f2f72bcbab1eced6f82ecd977db72cb4f93b334b2ec2dee,960,540,102558,False,dfce496b8fac56e78716462d093ef31ee77dcbda76b5ad0cf9a3186ee08a9e76,m0+m1+m2+m3 [expected_no_op],,
35,f0035,controlled-occlusion,m2,mask\f0035_m2.png,True,True,,89530c54cd9192d44e73d1559b78dbe25cf1b4609e7eacdcfbf2845b8701c9da,e9316aed25762fc74f2f72bcbab1eced6f82ecd977db72cb4f93b334b2ec2dee,960,540,102558,False,dfce496b8fac56e78716462d093ef31ee77dcbda76b5ad0cf9a3186ee08a9e76,m0+m1+m2+m3 [expected_no_op],,
35,f0035,controlled-occlusion,m3,mask\f0035_m3.png,True,True,,c90e199a2be633b68729f69b86935139b4b5befdf470e294a172c22617768764,e9316aed25762fc74f2f72bcbab1eced6f82ecd977db72cb4f93b334b2ec2dee,960,540,102558,False,dfce496b8fac56e78716462d093ef31ee77dcbda76b5ad0cf9a3186ee08a9e76,m0+m1+m2+m3 [expected_no_op],,
35,f0035,controlled-occlusion,m4,mask\f0035_m4.png,True,True,,53d0fcfc3abe954d52d4d57877629d7326124f4b67ad7262d8a97e7d32b11a5f,494002daad52fcbcddf6cba527f428de0703842d16e89498107ed1c83a9f00a2,960,540,90490,False,dfce496b8fac56e78716462d093ef31ee77dcbda76b5ad0cf9a3186ee08a9e76,,,
36,f0036,controlled-occlusion,m0,mask\f0036_m0.png,True,True,,0d7da5ee858b3207756366ecbfb1a9ad274c079e0f76febf0d0fcab1c2f7b38d,ee98507398d04e60ac6303294068be1555ca3c5934c90c72ae2936316a95a42c,640,480,95215,False,6529b21275c12b5f38ac51853b1f089865f041245bfd3693237bc4edba692e75,m0+m1+m2+m3 [expected_no_op],,
36,f0036,controlled-occlusion,m1,mask\f0036_m1.png,True,True,,23c0734b506531faf87d6b05c3c0cee29acf0740c760cdb9e19882e1ef945d96,ee98507398d04e60ac6303294068be1555ca3c5934c90c72ae2936316a95a42c,640,480,95215,False,6529b21275c12b5f38ac51853b1f089865f041245bfd3693237bc4edba692e75,m0+m1+m2+m3 [expected_no_op],,
36,f0036,controlled-occlusion,m2,mask\f0036_m2.png,True,True,,70dd65883413523cc817dc2c6e7cd005ef5ddeb13050ed4bffe9be3927b5afce,ee98507398d04e60ac6303294068be1555ca3c5934c90c72ae2936316a95a42c,640,480,95215,False,6529b21275c12b5f38ac51853b1f089865f041245bfd3693237bc4edba692e75,m0+m1+m2+m3 [expected_no_op],,
36,f0036,controlled-occlusion,m3,mask\f0036_m3.png,True,True,,9f16467fe8cb85ec9b04ce492dd88c3eb5dd70ecce9aaab9e50e1c0b564e38c7,ee98507398d04e60ac6303294068be1555ca3c5934c90c72ae2936316a95a42c,640,480,95215,False,6529b21275c12b5f38ac51853b1f089865f041245bfd3693237bc4edba692e75,m0+m1+m2+m3 [expected_no_op],,
36,f0036,controlled-occlusion,m4,mask\f0036_m4.png,True,True,,bd52072acc94db0b02dbdb8b2284722f80c346d2971bd1a40af72ba50f31f428,ebde7e1f2a19e70a9aee687a2f61de8ac528c846edf6e12db20c50a64bf6cc09,640,480,65377,False,6529b21275c12b5f38ac51853b1f089865f041245bfd3693237bc4edba692e75,,,
37,f0037,controlled-occlusion,m0,mask\f0037_m0.png,True,True,,0374e9e61c6e7a472043ebdc3c5a94835b56c2f19738b8e14aa92c96b250feab,4b376ad5d614c2d6b4db67c7b35ac8d2510fcb9dea43726e3564274aace33d19,560,560,4357,False,c15adfb3c648b27bf925cafcf7f4767cd565e5e4f897614abdf02e3de1fb28c4,m0+m1 [expected_no_op],,
37,f0037,controlled-occlusion,m1,mask\f0037_m1.png,True,True,,aae39a121e9f288c388c4216573a6b4afb1af392fcdfbbf810c262bb90789ef6,4b376ad5d614c2d6b4db67c7b35ac8d2510fcb9dea43726e3564274aace33d19,560,560,4357,False,c15adfb3c648b27bf925cafcf7f4767cd565e5e4f897614abdf02e3de1fb28c4,m0+m1 [expected_no_op],,
37,f0037,controlled-occlusion,m2,mask\f0037_m2.png,True,True,,573a304be14d653eb3c9df5a01649db4ce9dff89bfd71fcd32728c9b5757a0d5,a82813acd9d442b1a4466c614f7dcc7447b7a069c73c744cb6dab626fc27bcb3,560,560,3845,False,c15adfb3c648b27bf925cafcf7f4767cd565e5e4f897614abdf02e3de1fb28c4,m2+m3 [no_op_placed_but_not_occluding],,
37,f0037,controlled-occlusion,m3,mask\f0037_m3.png,True,True,,b337c121a111d1141d47c1e6019ba1691e43674df6048fd6d9d00c62594f9da7,a82813acd9d442b1a4466c614f7dcc7447b7a069c73c744cb6dab626fc27bcb3,560,560,3845,False,c15adfb3c648b27bf925cafcf7f4767cd565e5e4f897614abdf02e3de1fb28c4,m2+m3 [no_op_placed_but_not_occluding],,
37,f0037,controlled-occlusion,m4,mask\f0037_m4.png,True,True,,a1d384e97e83595a449c3881fb3056e76fdb9f7702127de01d63dc0ccb29618c,7b6bb5dca9d7b076c5676cc4e647595af49e102210496979c220e6038520323b,560,560,2953,False,c15adfb3c648b27bf925cafcf7f4767cd565e5e4f897614abdf02e3de1fb28c4,,,
38,f0038,controlled-occlusion,m0,mask\f0038_m0.png,True,True,,44aca1fa903addb58d6118bd4af3a71beb379e8718b737119dfa4009085a725b,f290c824350ed9983fe494fe693609e380c9421314ec71834b888d169906925d,640,480,31244,False,a789698907bc62c2e7129f5f225cf4c547be03b706d47cd7035db414040cda3c,m0+m1+m2+m3 [expected_no_op],,
38,f0038,controlled-occlusion,m1,mask\f0038_m1.png,True,True,,da7deec66e9d41ee49253a0b7d0420a2e0dfd37d6a8ecf04bb3014271ad1e9a8,f290c824350ed9983fe494fe693609e380c9421314ec71834b888d169906925d,640,480,31244,False,a789698907bc62c2e7129f5f225cf4c547be03b706d47cd7035db414040cda3c,m0+m1+m2+m3 [expected_no_op],,
38,f0038,controlled-occlusion,m2,mask\f0038_m2.png,True,True,,913d2c4addf494139af7cd352f75f511159b879c33a179d6494dd6ab64f14ce4,f290c824350ed9983fe494fe693609e380c9421314ec71834b888d169906925d,640,480,31244,False,a789698907bc62c2e7129f5f225cf4c547be03b706d47cd7035db414040cda3c,m0+m1+m2+m3 [expected_no_op],,
38,f0038,controlled-occlusion,m3,mask\f0038_m3.png,True,True,,67259781c86d26c6c7be59085775cd249d113b8aed2fe308b3626a689c3b7c71,f290c824350ed9983fe494fe693609e380c9421314ec71834b888d169906925d,640,480,31244,False,a789698907bc62c2e7129f5f225cf4c547be03b706d47cd7035db414040cda3c,m0+m1+m2+m3 [expected_no_op],,
38,f0038,controlled-occlusion,m4,mask\f0038_m4.png,True,True,,fe8e5c5f6cb936859193bb5e4b81f5cb31ec3cbd13935040a5588328ced54e58,2210586c346a8fce9c28ff85400d36afdb0d8c2e32fc31b9ca5f8f99f963f418,640,480,28214,False,a789698907bc62c2e7129f5f225cf4c547be03b706d47cd7035db414040cda3c,,,
39,f0039,controlled-occlusion,m0,mask\f0039_m0.png,True,True,,4b9cad781ae4278883a6bd8d0a5bb28f4240d878be9f16b6c85233e8c991c1ff,428d293f56819d879d394c88163f5d6bfccf78f9697cdd292a7db02206f23667,720,480,4876,False,ffe9ecaa509d52c27a0ce988159d73267d5f758dbb3f266844ad3bc191247491,m0+m1 [expected_no_op],,
39,f0039,controlled-occlusion,m1,mask\f0039_m1.png,True,True,,0ce5265d7e8c6aa81a91a6b16690ed5b5a58338bb0adfa1bee47e27985c98a3d,428d293f56819d879d394c88163f5d6bfccf78f9697cdd292a7db02206f23667,720,480,4876,False,ffe9ecaa509d52c27a0ce988159d73267d5f758dbb3f266844ad3bc191247491,m0+m1 [expected_no_op],,
39,f0039,controlled-occlusion,m2,mask\f0039_m2.png,True,True,,5d53fcb179addd57dcc26b2181b60ca5510f970a6a3005d646ec35fd189da420,d384d3a5509ebd772bdcbd6f24d916c49a887f8119c43fc0759a373bba827ef2,720,480,3911,False,ffe9ecaa509d52c27a0ce988159d73267d5f758dbb3f266844ad3bc191247491,m2+m3 [no_op_placed_but_not_occluding],,
39,f0039,controlled-occlusion,m3,mask\f0039_m3.png,True,True,,b3ccd608c0d1e116442d52fe3850490783ffee63d6878100de5491f82e0fc146,d384d3a5509ebd772bdcbd6f24d916c49a887f8119c43fc0759a373bba827ef2,720,480,3911,False,ffe9ecaa509d52c27a0ce988159d73267d5f758dbb3f266844ad3bc191247491,m2+m3 [no_op_placed_but_not_occluding],,
39,f0039,controlled-occlusion,m4,mask\f0039_m4.png,True,True,,1f0c47378bd8d8fe5b3ae85f0eaf4f20381fdea0b4b60145e3b94564d3aab6ea,b8475a0e18a5abbcefbe708a4c4733433793f0157d8013affba89ba5a25c9697,720,480,3559,False,ffe9ecaa509d52c27a0ce988159d73267d5f758dbb3f266844ad3bc191247491,,,
40,f0040,controlled-occlusion,m0,mask\f0040_m0.png,True,True,,bf73f4322e1130e7d83e1c8d55520a4ae4eb39012be67cc89901e1e73cea53f0,987ebe50b3826d07bc29203a82998b27233eb7025aa572f13485050f9fc91f9b,640,480,33814,False,f20a30be6d5fe1463f60eb7c8f0a503c7329ede89fa753fb21555e2b331887d2,m0+m1+m2+m3 [no_op_placed_but_not_occluding],,
40,f0040,controlled-occlusion,m1,mask\f0040_m1.png,True,True,,0ec9d256f20b7477e6ecf3a2b286f4799395451202650ffccfd989bc62c29ea2,987ebe50b3826d07bc29203a82998b27233eb7025aa572f13485050f9fc91f9b,640,480,33814,False,f20a30be6d5fe1463f60eb7c8f0a503c7329ede89fa753fb21555e2b331887d2,m0+m1+m2+m3 [no_op_placed_but_not_occluding],,
40,f0040,controlled-occlusion,m2,mask\f0040_m2.png,True,True,,dd1a0d2a650d7bb911192dabdf95cb0a0bf25fe70ad03123bccdcb5715abff28,987ebe50b3826d07bc29203a82998b27233eb7025aa572f13485050f9fc91f9b,640,480,33814,False,f20a30be6d5fe1463f60eb7c8f0a503c7329ede89fa753fb21555e2b331887d2,m0+m1+m2+m3 [no_op_placed_but_not_occluding],,
40,f0040,controlled-occlusion,m3,mask\f0040_m3.png,True,True,,ff53b9c745094d059ac82a70615f960a09b21bb6838b9cad409c9b7b0c41fccb,987ebe50b3826d07bc29203a82998b27233eb7025aa572f13485050f9fc91f9b,640,480,33814,False,f20a30be6d5fe1463f60eb7c8f0a503c7329ede89fa753fb21555e2b331887d2,m0+m1+m2+m3 [no_op_placed_but_not_occluding],,
40,f0040,controlled-occlusion,m4,mask\f0040_m4.png,True,True,,e5c7cf25cd28203b2e8c0d8023dccae89b6e3f4ad10705cb065c8d0c9939bfc5,c2cf538fecd3ccd502d572d98fb7aedaf340fc9e99b39a79453920dc30529af4,640,480,24205,False,f20a30be6d5fe1463f60eb7c8f0a503c7329ede89fa753fb21555e2b331887d2,,,
41,f0041,controlled-occlusion,m0,mask\f0041_m0.png,True,True,,61acb181b6d7e3a1a74f3465beb2aa88fed2532cb04b50c169387be11d0177ee,2867ab2eae961b580a36cdaa953b587b9abb90839f2084a8481356bf6777374b,640,480,9817,False,de5f142dd407bf6efb23d76035ed9b5b18555ac55b268b8664391c5e6af0790d,m0+m1+m2+m3 [no_op_placed_but_not_occluding],,
41,f0041,controlled-occlusion,m1,mask\f0041_m1.png,True,True,,f11cd96a463c5082af1d4b7fcb7cdb6928f4c9a8548a4edbe1c02071581ad20c,2867ab2eae961b580a36cdaa953b587b9abb90839f2084a8481356bf6777374b,640,480,9817,False,de5f142dd407bf6efb23d76035ed9b5b18555ac55b268b8664391c5e6af0790d,m0+m1+m2+m3 [no_op_placed_but_not_occluding],,
41,f0041,controlled-occlusion,m2,mask\f0041_m2.png,True,True,,5003561038bde149827a1673d43db957f733fe4002eaabf1bba626b606025f06,2867ab2eae961b580a36cdaa953b587b9abb90839f2084a8481356bf6777374b,640,480,9817,False,de5f142dd407bf6efb23d76035ed9b5b18555ac55b268b8664391c5e6af0790d,m0+m1+m2+m3 [no_op_placed_but_not_occluding],,
41,f0041,controlled-occlusion,m3,mask\f0041_m3.png,True,True,,323dd800db236adf547676bf73e9bf3fa323f4d004908fc156c121a1db29f284,2867ab2eae961b580a36cdaa953b587b9abb90839f2084a8481356bf6777374b,640,480,9817,False,de5f142dd407bf6efb23d76035ed9b5b18555ac55b268b8664391c5e6af0790d,m0+m1+m2+m3 [no_op_placed_but_not_occluding],,
41,f0041,controlled-occlusion,m4,mask\f0041_m4.png,True,True,,0565a7023973b506871844fbea502a0fd35b3a7f307bae6de44e11290b279cb5,dda32034087d0a3fdb3c286acdb47862f3a57b18c30829d2167f926241be9c6f,640,480,6882,False,de5f142dd407bf6efb23d76035ed9b5b18555ac55b268b8664391c5e6af0790d,,,
42,f0042,controlled-occlusion,m0,mask\f0042_m0.png,True,True,,ec5bd98978a0fc697f6d2a4d960136d119daa90c3f691ff6f784e342018c1843,810a0b2f970db70d8826f277f702823cde30eae2a27f1374589a0d5b9c3f1f14,960,540,7012,False,692cea6f2d58fbbf01405a406ced5585e8d9748831903774e3c1557f9044753b,m0+m1 [expected_no_op],,
42,f0042,controlled-occlusion,m1,mask\f0042_m1.png,True,True,,d48fcdd21536b04f2ac44761e7f25865a914a2bea57345770f976c299c2e3464,810a0b2f970db70d8826f277f702823cde30eae2a27f1374589a0d5b9c3f1f14,960,540,7012,False,692cea6f2d58fbbf01405a406ced5585e8d9748831903774e3c1557f9044753b,m0+m1 [expected_no_op],,
42,f0042,controlled-occlusion,m2,mask\f0042_m2.png,True,True,,56db8ab11b050800d686807c0634901fe09a1107f50449bbf7f7362d5574bb18,5a311ee6217ef44bd0eae9de647f97cb4d7538449dd6f2ac74be2a19130bd2aa,960,540,5818,False,692cea6f2d58fbbf01405a406ced5585e8d9748831903774e3c1557f9044753b,m2+m3 [no_op_placed_but_not_occluding],,
42,f0042,controlled-occlusion,m3,mask\f0042_m3.png,True,True,,29f4dbb5438e375bb4672cd9496201be987dda68c75547967b7159436ae8c138,5a311ee6217ef44bd0eae9de647f97cb4d7538449dd6f2ac74be2a19130bd2aa,960,540,5818,False,692cea6f2d58fbbf01405a406ced5585e8d9748831903774e3c1557f9044753b,m2+m3 [no_op_placed_but_not_occluding],,
42,f0042,controlled-occlusion,m4,mask\f0042_m4.png,True,True,,1910e69f619b952e556d50ce463e07b1b07e3efd3d5ebb3874a22530d0f43528,9c220abae152747e684f0a6bdb6de8844f14af2d2c75ab4b671d228c3d36395e,960,540,4594,False,692cea6f2d58fbbf01405a406ced5585e8d9748831903774e3c1557f9044753b,,,
43,f0043,controlled-occlusion,m0,mask\f0043_m0.png,True,True,,97131377f32debbc631b9909222898252fee78f648704a7c0fb7bee711e1db95,717aed67f79f0fb6a618aa40d447070ceb900625c30c4dcd120871381a1c7691,560,560,2132,False,3ab20fce58a4896a6138aa8a14169bbccaa5f1c38082e958b1b4aef2a154d4de,m0+m1+m2+m3 [no_op_placed_but_not_occluding],,
43,f0043,controlled-occlusion,m1,mask\f0043_m1.png,True,True,,cc85327d8879fa73a24c05aa707b1e339815da334582bfcb3a666b3088888017,717aed67f79f0fb6a618aa40d447070ceb900625c30c4dcd120871381a1c7691,560,560,2132,False,3ab20fce58a4896a6138aa8a14169bbccaa5f1c38082e958b1b4aef2a154d4de,m0+m1+m2+m3 [no_op_placed_but_not_occluding],,
43,f0043,controlled-occlusion,m2,mask\f0043_m2.png,True,True,,eea8f4b4db72fd488f73190748a4a48e4134a172a558f06ef788fbebbdc78303,717aed67f79f0fb6a618aa40d447070ceb900625c30c4dcd120871381a1c7691,560,560,2132,False,3ab20fce58a4896a6138aa8a14169bbccaa5f1c38082e958b1b4aef2a154d4de,m0+m1+m2+m3 [no_op_placed_but_not_occluding],,
43,f0043,controlled-occlusion,m3,mask\f0043_m3.png,True,True,,8e68e99be4f4cc41adcb5c6520d7ab1ecb88dd11fb112c120961987a819ffa48,717aed67f79f0fb6a618aa40d447070ceb900625c30c4dcd120871381a1c7691,560,560,2132,False,3ab20fce58a4896a6138aa8a14169bbccaa5f1c38082e958b1b4aef2a154d4de,m0+m1+m2+m3 [no_op_placed_but_not_occluding],,
43,f0043,controlled-occlusion,m4,mask\f0043_m4.png,True,True,,9c5b639d50ba6fccdcbbb5e738b4273553cd9fdae01ae1fd7bbf5c820693c3b7,fd641b33e58702aab175f0315cfe00cfb4e600a167af148387cdb0c8bc7809cb,560,560,1953,False,3ab20fce58a4896a6138aa8a14169bbccaa5f1c38082e958b1b4aef2a154d4de,,,
44,f0044,controlled-occlusion,m0,mask\f0044_m0.png,True,True,,6009962507db4ad81b68621061032b3c4fdcaef2d42240d01cec462da53df030,180a25e9068ff6e63621f536a86ffdb6437b4c9e137db7c6be4b7b99443dc53e,640,480,11889,False,a3cf1067096edbb2986e6b51fbc63ee7486a2ef7bdd7b425f72863b180e4dc00,m0+m1+m2+m3 [no_op_placed_but_not_occluding],,
44,f0044,controlled-occlusion,m1,mask\f0044_m1.png,True,True,,5f8b603c9dfa2b1909b73fca296f7c86a844c0f0fffb0b0fe8652d946e8bd382,180a25e9068ff6e63621f536a86ffdb6437b4c9e137db7c6be4b7b99443dc53e,640,480,11889,False,a3cf1067096edbb2986e6b51fbc63ee7486a2ef7bdd7b425f72863b180e4dc00,m0+m1+m2+m3 [no_op_placed_but_not_occluding],,
44,f0044,controlled-occlusion,m2,mask\f0044_m2.png,True,True,,9a09cc9f6cc4fc0cafc2a1ece0ef0313b48ad869783acfc01db6a8ffdc2a5e06,180a25e9068ff6e63621f536a86ffdb6437b4c9e137db7c6be4b7b99443dc53e,640,480,11889,False,a3cf1067096edbb2986e6b51fbc63ee7486a2ef7bdd7b425f72863b180e4dc00,m0+m1+m2+m3 [no_op_placed_but_not_occluding],,
44,f0044,controlled-occlusion,m3,mask\f0044_m3.png,True,True,,1b0d412369a14a9f1be4cc596e55fd02a9fc639062370799544455549fe6004f,180a25e9068ff6e63621f536a86ffdb6437b4c9e137db7c6be4b7b99443dc53e,640,480,11889,False,a3cf1067096edbb2986e6b51fbc63ee7486a2ef7bdd7b425f72863b180e4dc00,m0+m1+m2+m3 [no_op_placed_but_not_occluding],,
44,f0044,controlled-occlusion,m4,mask\f0044_m4.png,True,True,,e74b775af5a929e1d481d632ef55edafb9ded9fc7681ec6a9c5705a66744e3c3,122c15e26c0fd75c95d841456e1c4f75bfe671569210d15050053df1eb784221,640,480,7513,False,a3cf1067096edbb2986e6b51fbc63ee7486a2ef7bdd7b425f72863b180e4dc00,,,
45,f0045,controlled-occlusion,m0,mask\f0045_m0.png,True,True,,a152d7df02b8930888bac4e82c49cfa6cc3bc362e5a84194819bfba0c1acc4ba,1e378eb31155c16a6e2dd8bd00a9a5c0f2fd8ecffb5f4b5ec343ab8d87ac17fa,960,540,21450,False,e316da86d56ff992b2ec15e56bd9ba844c06e4390e6b12d5f1dff85a3c384e9c,m0+m1+m2+m3 [no_op_placed_but_not_occluding],,
45,f0045,controlled-occlusion,m1,mask\f0045_m1.png,True,True,,f7929453f26e464b8e35e41ae3a24728cc82fe0c603453cc3f7facacf16d7020,1e378eb31155c16a6e2dd8bd00a9a5c0f2fd8ecffb5f4b5ec343ab8d87ac17fa,960,540,21450,False,e316da86d56ff992b2ec15e56bd9ba844c06e4390e6b12d5f1dff85a3c384e9c,m0+m1+m2+m3 [no_op_placed_but_not_occluding],,
45,f0045,controlled-occlusion,m2,mask\f0045_m2.png,True,True,,bd9aa8e3d6511349d109f5b97fe8de75b0196649be92869724f006d41d277be5,1e378eb31155c16a6e2dd8bd00a9a5c0f2fd8ecffb5f4b5ec343ab8d87ac17fa,960,540,21450,False,e316da86d56ff992b2ec15e56bd9ba844c06e4390e6b12d5f1dff85a3c384e9c,m0+m1+m2+m3 [no_op_placed_but_not_occluding],,
45,f0045,controlled-occlusion,m3,mask\f0045_m3.png,True,True,,612cdd258c4bf5e9425ea8f45b88b562901f521be151311a30afd41333999917,1e378eb31155c16a6e2dd8bd00a9a5c0f2fd8ecffb5f4b5ec343ab8d87ac17fa,960,540,21450,False,e316da86d56ff992b2ec15e56bd9ba844c06e4390e6b12d5f1dff85a3c384e9c,m0+m1+m2+m3 [no_op_placed_but_not_occluding],,
45,f0045,controlled-occlusion,m4,mask\f0045_m4.png,True,True,,562f3d1e25bd5b86aa99db50362dbea5fd9e38ff215af02ebff68a0448a679c0,9fe0127a62e5262532b4aceab9e56cf5ac856981e901674da5c8b35382808da2,960,540,20109,False,e316da86d56ff992b2ec15e56bd9ba844c06e4390e6b12d5f1dff85a3c384e9c,,,
46,f0046,controlled-occlusion,m0,mask\f0046_m0.png,True,True,,4f40a3a10a1dae508e3c94e85dd8a5c8ed44a390bc5c3b4f1fa0566d2e3dc841,52ab7de5e97614f546854868ca4609de5c04a14f9bd1d2e81266c5eb44b03eb5,640,480,66092,False,36da09f986bcc09d436ecf34c9d3543a70640bbebe565e337c54a0a190dfb053,m0+m1+m2+m3 [expected_no_op],,
46,f0046,controlled-occlusion,m1,mask\f0046_m1.png,True,True,,9b3d66b9b89098c9b87392bf24a847b21d3b329a9fadc507d55e746c0f5ce160,52ab7de5e97614f546854868ca4609de5c04a14f9bd1d2e81266c5eb44b03eb5,640,480,66092,False,36da09f986bcc09d436ecf34c9d3543a70640bbebe565e337c54a0a190dfb053,m0+m1+m2+m3 [expected_no_op],,
46,f0046,controlled-occlusion,m2,mask\f0046_m2.png,True,True,,47a4bfd41d54908fdd2fb4351ed6bce7c7435abc28f44b54bd927904254c171f,52ab7de5e97614f546854868ca4609de5c04a14f9bd1d2e81266c5eb44b03eb5,640,480,66092,False,36da09f986bcc09d436ecf34c9d3543a70640bbebe565e337c54a0a190dfb053,m0+m1+m2+m3 [expected_no_op],,
46,f0046,controlled-occlusion,m3,mask\f0046_m3.png,True,True,,a62fe61bca1236a6b49ec19d609d0113967a4319a980833d725b0754ba4cc2be,52ab7de5e97614f546854868ca4609de5c04a14f9bd1d2e81266c5eb44b03eb5,640,480,66092,False,36da09f986bcc09d436ecf34c9d3543a70640bbebe565e337c54a0a190dfb053,m0+m1+m2+m3 [expected_no_op],,
46,f0046,controlled-occlusion,m4,mask\f0046_m4.png,True,True,,9bb26bb8cd9016f2b2da63c86166b2aaf48e5e9d8f3e8482f77e685fcf506b6d,f53a13a0ec19b9b28d941e66aed7bdccf1daf83c797607727fc97ea05eb64338,640,480,43069,False,36da09f986bcc09d436ecf34c9d3543a70640bbebe565e337c54a0a190dfb053,,,
47,f0047,controlled-occlusion,m0,mask\f0047_m0.png,True,True,,35897a65bf98c4f0e81158daed8e1379d968ba5116b3db21b5a209b6837465f4,f2665b03f941a801bf73488f3c3fe19d06ab71ec43bbb1d96442d74b37443b89,720,480,881,False,bd7162ff3a8dd5af6be426c9424d63c48bf53f4d9f1ab38a09015c589bfde856,m0+m1+m2+m3 [no_op_placed_but_not_occluding],,
47,f0047,controlled-occlusion,m1,mask\f0047_m1.png,True,True,,37b7ea6a88da4690d2bcc60220266812efae8057627adb95ce146c4d42e868ea,f2665b03f941a801bf73488f3c3fe19d06ab71ec43bbb1d96442d74b37443b89,720,480,881,False,bd7162ff3a8dd5af6be426c9424d63c48bf53f4d9f1ab38a09015c589bfde856,m0+m1+m2+m3 [no_op_placed_but_not_occluding],,
47,f0047,controlled-occlusion,m2,mask\f0047_m2.png,True,True,,8d9e6d7264273d696496f5c05525585b16b9ef547de34deef331df40349bda0d,f2665b03f941a801bf73488f3c3fe19d06ab71ec43bbb1d96442d74b37443b89,720,480,881,False,bd7162ff3a8dd5af6be426c9424d63c48bf53f4d9f1ab38a09015c589bfde856,m0+m1+m2+m3 [no_op_placed_but_not_occluding],,
47,f0047,controlled-occlusion,m3,mask\f0047_m3.png,True,True,,9fa974d67880f0a2acb7bcf2ff37e1b30e12b2f30c38eb187d877cf0eae1ebc3,f2665b03f941a801bf73488f3c3fe19d06ab71ec43bbb1d96442d74b37443b89,720,480,881,False,bd7162ff3a8dd5af6be426c9424d63c48bf53f4d9f1ab38a09015c589bfde856,m0+m1+m2+m3 [no_op_placed_but_not_occluding],,
47,f0047,controlled-occlusion,m4,mask\f0047_m4.png,True,True,,52358c7825b9e79fb0452997810262dfa209f9bd3c9e91c02755a226128a8e23,90a375f0c5dc2eca7ee965b2dcb1b11a538cc7354e9f82d026ae85a027f00861,720,480,561,False,bd7162ff3a8dd5af6be426c9424d63c48bf53f4d9f1ab38a09015c589bfde856,,,
48,f0048,controlled-occlusion,m0,mask\f0048_m0.png,True,True,,354f1a68799cae0721c60af5e0eff9b61b28e7354d330754ebe8a1e080c916f2,cc1812dfdeb98f78a5ba6f94b27392436b46bc722923fe006330cd5cc04107ff,640,480,104310,False,90e149ae8ab36d1d4bc0c6de3218d238e66b0940b580d414198eef4788d8f264,,,
48,f0048,controlled-occlusion,m1,mask\f0048_m1.png,True,True,,4216432065960ba77381f35c448ceb287a1753a7126a4b733548933b85ec1b55,8670b21d048aa0e6c43051a7c96b87e2664f02ad1ca43218075a3762f97eec37,640,480,104309,False,90e149ae8ab36d1d4bc0c6de3218d238e66b0940b580d414198eef4788d8f264,,,
48,f0048,controlled-occlusion,m2,mask\f0048_m2.png,True,True,,258e842ccfe6ca1a5247c34ba2dad220c421dbac8467f2fdf36354f83c623873,a2ac95a88e81efef7dcfc0cc7cb5d2c7877e802ccd82686f58fea71008d16841,640,480,97884,False,90e149ae8ab36d1d4bc0c6de3218d238e66b0940b580d414198eef4788d8f264,m2+m3 [expected_no_op],,
48,f0048,controlled-occlusion,m3,mask\f0048_m3.png,True,True,,be2803be946283735abef884b9624cfcbc90ff4238e02c8ef8291a2168605883,a2ac95a88e81efef7dcfc0cc7cb5d2c7877e802ccd82686f58fea71008d16841,640,480,97884,False,90e149ae8ab36d1d4bc0c6de3218d238e66b0940b580d414198eef4788d8f264,m2+m3 [expected_no_op],,
48,f0048,controlled-occlusion,m4,mask\f0048_m4.png,True,True,,37cb367c21c4bde00cd4b5e3fd8e7022f4bd2b3cf3e39cc5feaa21b385640cd6,95efd5efbb9b62511e8b7e75ad4c4d6198a2bfd49b628dc21d631d57b785ac69,640,480,82816,False,90e149ae8ab36d1d4bc0c6de3218d238e66b0940b580d414198eef4788d8f264,,,
49,f0049,controlled-occlusion,m0,mask\f0049_m0.png,True,True,,9983a55ca6a536bbc96243a778ea0550f512664954b556117c92f52798bc6f85,d6e2ac9123ce3b21f76e204f6dbb604613336619892a06e2a843d46a15c1b597,640,480,23497,False,10eeb341e16074bd318ea144bff47888171618b9d285d81098829b082383e332,m0+m1+m2+m3 [expected_no_op],,
49,f0049,controlled-occlusion,m1,mask\f0049_m1.png,True,True,,9bd01a0d439b1b4c7a59452a3c6fe297f1fdb6f49a9074c3004b3d7980ba67ca,d6e2ac9123ce3b21f76e204f6dbb604613336619892a06e2a843d46a15c1b597,640,480,23497,False,10eeb341e16074bd318ea144bff47888171618b9d285d81098829b082383e332,m0+m1+m2+m3 [expected_no_op],,
49,f0049,controlled-occlusion,m2,mask\f0049_m2.png,True,True,,bdb1279ad03e5e35f9b2518b0a5a027a78cdcabe2965a64bfe183dc97d942ec2,d6e2ac9123ce3b21f76e204f6dbb604613336619892a06e2a843d46a15c1b597,640,480,23497,False,10eeb341e16074bd318ea144bff47888171618b9d285d81098829b082383e332,m0+m1+m2+m3 [expected_no_op],,
49,f0049,controlled-occlusion,m3,mask\f0049_m3.png,True,True,,59cd2538fc9b554e60a7ec0699bbfeb371e3c7f889411e86ead83e36afd949d1,d6e2ac9123ce3b21f76e204f6dbb604613336619892a06e2a843d46a15c1b597,640,480,23497,False,10eeb341e16074bd318ea144bff47888171618b9d285d81098829b082383e332,m0+m1+m2+m3 [expected_no_op],,
49,f0049,controlled-occlusion,m4,mask\f0049_m4.png,True,True,,3bc393ed0d96675756fa967877636f0c4bcdb5f6287c2a9189341c01c8cb1181,6cddb4934177c892356b0133679cc2b81c31b7472241f90d0669fcc51dd343ad,640,480,20462,False,10eeb341e16074bd318ea144bff47888171618b9d285d81098829b082383e332,,,
