idx,stem,rendered_both,reject_reason_a,reject_reason_b,framespec_sha_a,framespec_sha_b,framespec_match,plan_sha_a,plan_sha_b,plan_match,label_norm_sha_a,label_norm_sha_b,label_match,rgb_pixel_sha_a,rgb_pixel_sha_b,rgb_match,rgb_filebytes_sha_a,rgb_filebytes_sha_b,rgb_filebytes_match,record_norm_sha_a,record_norm_sha_b,record_match,m0_pixel_sha_a,m0_pixel_sha_b,m0_match,m0_filebytes_match,m1_pixel_sha_a,m1_pixel_sha_b,m1_match,m1_filebytes_match,m2_pixel_sha_a,m2_pixel_sha_b,m2_match,m2_filebytes_match,m3_pixel_sha_a,m3_pixel_sha_b,m3_match,m3_filebytes_match,m4_pixel_sha_a,m4_pixel_sha_b,m4_match,m4_filebytes_match,mask_match_all,mask_filebytes_match_all
0,f0000,True,accepted,accepted,7738cab03c5b659075a28dc78424a42fd9f5fe4002c70408e1aefeccd6668f34,7738cab03c5b659075a28dc78424a42fd9f5fe4002c70408e1aefeccd6668f34,True,0ae482ba6c8c9017a846d74e1f503c9599dea8f353ef1cfe1d27e872cf705d0c,0ae482ba6c8c9017a846d74e1f503c9599dea8f353ef1cfe1d27e872cf705d0c,True,908618c86e2b960719f78468b43a5c036d18099ef294c71f5d78eb4399ffc982,908618c86e2b960719f78468b43a5c036d18099ef294c71f5d78eb4399ffc982,True,a7d7b7ee0a9675604db66da06fe552db56f51df032cbb75bde58e57a8ecd6392,a7d7b7ee0a9675604db66da06fe552db56f51df032cbb75bde58e57a8ecd6392,True,a56bde39ff270c07f0154561c43fed060f8645bd3164bbcea2dafbea4d8cbefb,a56bde39ff270c07f0154561c43fed060f8645bd3164bbcea2dafbea4d8cbefb,True,b17469bed9eaf377b0657f3786d186398a634afcc291a65b72ace79afe5f3845,b17469bed9eaf377b0657f3786d186398a634afcc291a65b72ace79afe5f3845,True,2a564aa805d704eff42fc3bb08886ee3a8740e32f332b534a0eec52a8632c81d,2a564aa805d704eff42fc3bb08886ee3a8740e32f332b534a0eec52a8632c81d,True,False,2a564aa805d704eff42fc3bb08886ee3a8740e32f332b534a0eec52a8632c81d,2a564aa805d704eff42fc3bb08886ee3a8740e32f332b534a0eec52a8632c81d,True,False,2a564aa805d704eff42fc3bb08886ee3a8740e32f332b534a0eec52a8632c81d,2a564aa805d704eff42fc3bb08886ee3a8740e32f332b534a0eec52a8632c81d,True,False,2a564aa805d704eff42fc3bb08886ee3a8740e32f332b534a0eec52a8632c81d,2a564aa805d704eff42fc3bb08886ee3a8740e32f332b534a0eec52a8632c81d,True,False,2a564aa805d704eff42fc3bb08886ee3a8740e32f332b534a0eec52a8632c81d,2a564aa805d704eff42fc3bb08886ee3a8740e32f332b534a0eec52a8632c81d,True,False,True,False
1,f0001,True,accepted,accepted,8f71f8d6af0ef08325b7b331d2b10e564eb40b1abb380b0ee78a7299880369a6,8f71f8d6af0ef08325b7b331d2b10e564eb40b1abb380b0ee78a7299880369a6,True,af344826654d578b055e182ac5e0cb9b5d8910b6f3973a21c4bb4004183c2503,af344826654d578b055e182ac5e0cb9b5d8910b6f3973a21c4bb4004183c2503,True,4a26676840d072801785848b7cfb00758ae712552642c2340322facd1888ef39,4a26676840d072801785848b7cfb00758ae712552642c2340322facd1888ef39,True,efb4075518eeed1dd9fb8073e60282aa3abdd606a9c5587446ee710413f0964b,efb4075518eeed1dd9fb8073e60282aa3abdd606a9c5587446ee710413f0964b,True,3dc3e99832ff9209a204326011c2762f777c523351fe1595100b402310be9094,3dc3e99832ff9209a204326011c2762f777c523351fe1595100b402310be9094,True,b9426cc34c63422e0017dad39b72ebdcb2bee7a2673232125dcfed560fd43c26,b9426cc34c63422e0017dad39b72ebdcb2bee7a2673232125dcfed560fd43c26,True,aea098a121e31a3b0272d926da8bb86cc7ef80d36881bd14e32f1302782b46d4,aea098a121e31a3b0272d926da8bb86cc7ef80d36881bd14e32f1302782b46d4,True,False,aea098a121e31a3b0272d926da8bb86cc7ef80d36881bd14e32f1302782b46d4,aea098a121e31a3b0272d926da8bb86cc7ef80d36881bd14e32f1302782b46d4,True,False,aea098a121e31a3b0272d926da8bb86cc7ef80d36881bd14e32f1302782b46d4,aea098a121e31a3b0272d926da8bb86cc7ef80d36881bd14e32f1302782b46d4,True,False,aea098a121e31a3b0272d926da8bb86cc7ef80d36881bd14e32f1302782b46d4,aea098a121e31a3b0272d926da8bb86cc7ef80d36881bd14e32f1302782b46d4,True,False,aea098a121e31a3b0272d926da8bb86cc7ef80d36881bd14e32f1302782b46d4,aea098a121e31a3b0272d926da8bb86cc7ef80d36881bd14e32f1302782b46d4,True,False,True,False
2,f0002,True,accepted,accepted,3bd09ec4461e3506d6c54166669851ae0c112f97526ec09741e27b6b478f35e7,3bd09ec4461e3506d6c54166669851ae0c112f97526ec09741e27b6b478f35e7,True,4b07a06d6a8dabfc4ff33cc0e75da19064767d0f553100d74c9d772aceb56aaa,4b07a06d6a8dabfc4ff33cc0e75da19064767d0f553100d74c9d772aceb56aaa,True,a4d07754ecaa9b5ec0108611fb217bb234205fdec7a817c867592d122456d31b,a4d07754ecaa9b5ec0108611fb217bb234205fdec7a817c867592d122456d31b,True,d17d80a0ab5081d6fcdd41b4204422e2c0d1572ac0542d01467f516763734bd3,d17d80a0ab5081d6fcdd41b4204422e2c0d1572ac0542d01467f516763734bd3,True,0277297579c2a0f00350996b8f8c1356bdadead73b84c66979abc95c2714f1a5,0277297579c2a0f00350996b8f8c1356bdadead73b84c66979abc95c2714f1a5,True,653538cfb6ec64bd79750b77d605406974d102870eaf5caf02333b5b148a8e7a,653538cfb6ec64bd79750b77d605406974d102870eaf5caf02333b5b148a8e7a,True,a0e1ed35c80e86940644913e45b48fc49f21061888b7f825aefe36c91c697e43,a0e1ed35c80e86940644913e45b48fc49f21061888b7f825aefe36c91c697e43,True,False,a0e1ed35c80e86940644913e45b48fc49f21061888b7f825aefe36c91c697e43,a0e1ed35c80e86940644913e45b48fc49f21061888b7f825aefe36c91c697e43,True,False,a0e1ed35c80e86940644913e45b48fc49f21061888b7f825aefe36c91c697e43,a0e1ed35c80e86940644913e45b48fc49f21061888b7f825aefe36c91c697e43,True,False,a0e1ed35c80e86940644913e45b48fc49f21061888b7f825aefe36c91c697e43,a0e1ed35c80e86940644913e45b48fc49f21061888b7f825aefe36c91c697e43,True,False,a0e1ed35c80e86940644913e45b48fc49f21061888b7f825aefe36c91c697e43,a0e1ed35c80e86940644913e45b48fc49f21061888b7f825aefe36c91c697e43,True,False,True,False
3,f0003,True,accepted,accepted,970d1bbe13ac763009ee637bd0f4323937ff5a26c64d09e7015c6c572777e93d,970d1bbe13ac763009ee637bd0f4323937ff5a26c64d09e7015c6c572777e93d,True,4f6e61c23f6c3271b8bbd892c9b1dcbf28848d947d774b54bd7a71e14288a0f5,4f6e61c23f6c3271b8bbd892c9b1dcbf28848d947d774b54bd7a71e14288a0f5,True,8a115da863c7659f2a505003b851155d8c938dbd16386e62df9012c6cdd8f05e,8a115da863c7659f2a505003b851155d8c938dbd16386e62df9012c6cdd8f05e,True,60cc05f13237614644e118b8a2eb58997ae8a86c1a74d7fe2e8d939d3da9b06f,60cc05f13237614644e118b8a2eb58997ae8a86c1a74d7fe2e8d939d3da9b06f,True,2c170e7242d51c87c187da86b8b2f8fc9e7f27231a750af0f08d7ab235214ec0,2c170e7242d51c87c187da86b8b2f8fc9e7f27231a750af0f08d7ab235214ec0,True,f6c72bfb17170352054ee3dc0cbb262b297d175f2a3b9ff0ebec0f0e9dbc196b,f6c72bfb17170352054ee3dc0cbb262b297d175f2a3b9ff0ebec0f0e9dbc196b,True,2fa96e1053939426de4d59d45b773bb9e01442c65ec1db6ae4a446b900c6e0dd,2fa96e1053939426de4d59d45b773bb9e01442c65ec1db6ae4a446b900c6e0dd,True,False,2fa96e1053939426de4d59d45b773bb9e01442c65ec1db6ae4a446b900c6e0dd,2fa96e1053939426de4d59d45b773bb9e01442c65ec1db6ae4a446b900c6e0dd,True,False,2fa96e1053939426de4d59d45b773bb9e01442c65ec1db6ae4a446b900c6e0dd,2fa96e1053939426de4d59d45b773bb9e01442c65ec1db6ae4a446b900c6e0dd,True,False,2fa96e1053939426de4d59d45b773bb9e01442c65ec1db6ae4a446b900c6e0dd,2fa96e1053939426de4d59d45b773bb9e01442c65ec1db6ae4a446b900c6e0dd,True,False,2fa96e1053939426de4d59d45b773bb9e01442c65ec1db6ae4a446b900c6e0dd,2fa96e1053939426de4d59d45b773bb9e01442c65ec1db6ae4a446b900c6e0dd,True,False,True,False
4,f0004,True,accepted,accepted,769ee52bc97268b7e0aed2122e7d9001f7e7aefdd2fc0c328a94af5e13bbd9d0,769ee52bc97268b7e0aed2122e7d9001f7e7aefdd2fc0c328a94af5e13bbd9d0,True,b2c7749fb8879d75eea7103b0d890125d2591cc15daadd05696e75003b38cd28,b2c7749fb8879d75eea7103b0d890125d2591cc15daadd05696e75003b38cd28,True,7a60103cfd9e4ecea41535e7ee828c89b6dc37e41d474cd11134938a255cfd36,7a60103cfd9e4ecea41535e7ee828c89b6dc37e41d474cd11134938a255cfd36,True,e30cfa12b8be14c765bad5ffc165102b596c87e0f9a7e454f08bcfcf0ad3813c,e30cfa12b8be14c765bad5ffc165102b596c87e0f9a7e454f08bcfcf0ad3813c,True,1ad254f2aa2961be3fa388a913204dca3658de9de6659871a8c505a3f12edae8,1ad254f2aa2961be3fa388a913204dca3658de9de6659871a8c505a3f12edae8,True,ebaade7c076920b5861e796d1d68209fc2ef542955826056d3a3f15f5a93a24c,ebaade7c076920b5861e796d1d68209fc2ef542955826056d3a3f15f5a93a24c,True,5ce96924ac8de59108c02971d0eca80358cc0dd9ad9a1e807412149154b37fd8,5ce96924ac8de59108c02971d0eca80358cc0dd9ad9a1e807412149154b37fd8,True,False,5ce96924ac8de59108c02971d0eca80358cc0dd9ad9a1e807412149154b37fd8,5ce96924ac8de59108c02971d0eca80358cc0dd9ad9a1e807412149154b37fd8,True,False,5ce96924ac8de59108c02971d0eca80358cc0dd9ad9a1e807412149154b37fd8,5ce96924ac8de59108c02971d0eca80358cc0dd9ad9a1e807412149154b37fd8,True,False,5ce96924ac8de59108c02971d0eca80358cc0dd9ad9a1e807412149154b37fd8,5ce96924ac8de59108c02971d0eca80358cc0dd9ad9a1e807412149154b37fd8,True,False,5ce96924ac8de59108c02971d0eca80358cc0dd9ad9a1e807412149154b37fd8,5ce96924ac8de59108c02971d0eca80358cc0dd9ad9a1e807412149154b37fd8,True,False,True,False
5,f0005,True,accepted,accepted,7d9e4270bb85538ddcde589eecfe52ab70eadedd4bcf2282171c5bd9a863a2cc,7d9e4270bb85538ddcde589eecfe52ab70eadedd4bcf2282171c5bd9a863a2cc,True,0ac6c4f8cce9909f5c35ace99a909c3e43a9c9e654c64fea4567df46c7eb5cc1,0ac6c4f8cce9909f5c35ace99a909c3e43a9c9e654c64fea4567df46c7eb5cc1,True,7ed5885141326695e9af2530b2d43fc9ac10b8879b6f7abf2379b854bba188d7,7ed5885141326695e9af2530b2d43fc9ac10b8879b6f7abf2379b854bba188d7,True,d0510d921ec6b0315cf0924fe0072425ca6e926bad4a4e35fff38669a5351914,d0510d921ec6b0315cf0924fe0072425ca6e926bad4a4e35fff38669a5351914,True,b7f1c808b97fee975fa7e45c2c0efa9c2b136052e1b674a28893d3938d4bcea3,b7f1c808b97fee975fa7e45c2c0efa9c2b136052e1b674a28893d3938d4bcea3,True,220df8c797a3ca9477607a09625b31a596522f792690feb0e3e635c7f790af72,220df8c797a3ca9477607a09625b31a596522f792690feb0e3e635c7f790af72,True,6296530947e15cb8242b0225818c76a58198fa62ebe4f340ff7afc8a87ad08e0,6296530947e15cb8242b0225818c76a58198fa62ebe4f340ff7afc8a87ad08e0,True,False,6296530947e15cb8242b0225818c76a58198fa62ebe4f340ff7afc8a87ad08e0,6296530947e15cb8242b0225818c76a58198fa62ebe4f340ff7afc8a87ad08e0,True,False,9ba57efd0a6fcfc51b7292c0bbbaacb6da267d6701db771a03c3b5b2c7df30a3,9ba57efd0a6fcfc51b7292c0bbbaacb6da267d6701db771a03c3b5b2c7df30a3,True,False,9ba57efd0a6fcfc51b7292c0bbbaacb6da267d6701db771a03c3b5b2c7df30a3,9ba57efd0a6fcfc51b7292c0bbbaacb6da267d6701db771a03c3b5b2c7df30a3,True,False,9ba57efd0a6fcfc51b7292c0bbbaacb6da267d6701db771a03c3b5b2c7df30a3,9ba57efd0a6fcfc51b7292c0bbbaacb6da267d6701db771a03c3b5b2c7df30a3,True,False,True,False
6,f0006,True,accepted,accepted,e15202a787929cc6df47cde5bf43909e2478eba4834dcd7584b087ef319e0737,e15202a787929cc6df47cde5bf43909e2478eba4834dcd7584b087ef319e0737,True,79c1f641f9fe45f6c03eda4b5ea94c72a7b8496774ea3a4f0280782cb66140ab,79c1f641f9fe45f6c03eda4b5ea94c72a7b8496774ea3a4f0280782cb66140ab,True,9c8e1f24ed7f3528e21a702394d6246e2d00f24732916f2f8f200fe0c2d50aea,9c8e1f24ed7f3528e21a702394d6246e2d00f24732916f2f8f200fe0c2d50aea,True,30e1c63616d43f17fdd92d871bfd183f40570fe42b3a9654de7db7d0f20ce40b,30e1c63616d43f17fdd92d871bfd183f40570fe42b3a9654de7db7d0f20ce40b,True,dcd3b4ee7693590e6f6717ee6b123553f72ba68404005ddd434298652f373ce3,dcd3b4ee7693590e6f6717ee6b123553f72ba68404005ddd434298652f373ce3,True,1941718f65aa72a94264b73f3c41953f3b1bbed8dec0739ef129bd403ef520b8,1941718f65aa72a94264b73f3c41953f3b1bbed8dec0739ef129bd403ef520b8,True,d178f0805f55089aaa2e76212f191753bd06f077579b3d9a9063a8cd51a315fb,d178f0805f55089aaa2e76212f191753bd06f077579b3d9a9063a8cd51a315fb,True,False,d178f0805f55089aaa2e76212f191753bd06f077579b3d9a9063a8cd51a315fb,d178f0805f55089aaa2e76212f191753bd06f077579b3d9a9063a8cd51a315fb,True,False,22e083eda7b0b3a9b18724426b265cab12be3f9babe19af29612f0e404884b34,22e083eda7b0b3a9b18724426b265cab12be3f9babe19af29612f0e404884b34,True,False,22e083eda7b0b3a9b18724426b265cab12be3f9babe19af29612f0e404884b34,22e083eda7b0b3a9b18724426b265cab12be3f9babe19af29612f0e404884b34,True,False,22e083eda7b0b3a9b18724426b265cab12be3f9babe19af29612f0e404884b34,22e083eda7b0b3a9b18724426b265cab12be3f9babe19af29612f0e404884b34,True,False,True,False
7,f0007,True,accepted,accepted,0bc22faedef310bb1de01108e44355397729a28b24ea2efeeec14ae8cf070af7,0bc22faedef310bb1de01108e44355397729a28b24ea2efeeec14ae8cf070af7,True,681b944326e786201cd78044f61d7adaa8c834a839d756ee547801d23b92e231,681b944326e786201cd78044f61d7adaa8c834a839d756ee547801d23b92e231,True,4f4963ad4be697f555561d4ba2363d39cf06a484f8b1bf1bbb92b771b22e84d6,4f4963ad4be697f555561d4ba2363d39cf06a484f8b1bf1bbb92b771b22e84d6,True,5998639f50bacfa81e00965f9039e0e30d836846b45a980e71977d73d0772b1b,5998639f50bacfa81e00965f9039e0e30d836846b45a980e71977d73d0772b1b,True,b25fedcb0d87e5db0aeff86cd8cb74f027d82b9482141b59c5e367eac397bbee,b25fedcb0d87e5db0aeff86cd8cb74f027d82b9482141b59c5e367eac397bbee,True,2778d308dacc50cd470a5d624bcb1ba90932c85c6551156da7a41d673f81b7fc,2778d308dacc50cd470a5d624bcb1ba90932c85c6551156da7a41d673f81b7fc,True,c7c5ea7d8204005a7be525d9e9449c1f5a81195227cb1d4dc7f8b424129e08a6,c7c5ea7d8204005a7be525d9e9449c1f5a81195227cb1d4dc7f8b424129e08a6,True,False,c7c5ea7d8204005a7be525d9e9449c1f5a81195227cb1d4dc7f8b424129e08a6,c7c5ea7d8204005a7be525d9e9449c1f5a81195227cb1d4dc7f8b424129e08a6,True,False,c7c5ea7d8204005a7be525d9e9449c1f5a81195227cb1d4dc7f8b424129e08a6,c7c5ea7d8204005a7be525d9e9449c1f5a81195227cb1d4dc7f8b424129e08a6,True,False,c7c5ea7d8204005a7be525d9e9449c1f5a81195227cb1d4dc7f8b424129e08a6,c7c5ea7d8204005a7be525d9e9449c1f5a81195227cb1d4dc7f8b424129e08a6,True,False,c7c5ea7d8204005a7be525d9e9449c1f5a81195227cb1d4dc7f8b424129e08a6,c7c5ea7d8204005a7be525d9e9449c1f5a81195227cb1d4dc7f8b424129e08a6,True,False,True,False
8,f0008,True,accepted,accepted,edd1f64676199fb77934a5150e603a5a78abe58f1f686d65b94018c28bcc2fbd,edd1f64676199fb77934a5150e603a5a78abe58f1f686d65b94018c28bcc2fbd,True,fa39836ddf1c81febc73371b3a6db59ed1608d893d8461992894cd17c62dcf18,fa39836ddf1c81febc73371b3a6db59ed1608d893d8461992894cd17c62dcf18,True,d6d1c4b3a56aec3ff89846891bf630666694b09fd4c49d33680aed04269b0cea,d6d1c4b3a56aec3ff89846891bf630666694b09fd4c49d33680aed04269b0cea,True,dee2ec48ce7cc001c872b7356ac696280dc1169a0f1e306da00e35fd157fc0dd,dee2ec48ce7cc001c872b7356ac696280dc1169a0f1e306da00e35fd157fc0dd,True,dd190f42369fb8a5ec3e6c6edd8930c065aab5b5e69adaf04ddec8396d451920,dd190f42369fb8a5ec3e6c6edd8930c065aab5b5e69adaf04ddec8396d451920,True,40c64977f11f24a634914968b97b551c32c8ae1eba6ecfa15bac5b7cb5b16048,40c64977f11f24a634914968b97b551c32c8ae1eba6ecfa15bac5b7cb5b16048,True,69c6598761e63e2b542585bdea5d0e59e4174806c9d82d4fccaade96ba7fb0c6,69c6598761e63e2b542585bdea5d0e59e4174806c9d82d4fccaade96ba7fb0c6,True,False,69c6598761e63e2b542585bdea5d0e59e4174806c9d82d4fccaade96ba7fb0c6,69c6598761e63e2b542585bdea5d0e59e4174806c9d82d4fccaade96ba7fb0c6,True,False,69c6598761e63e2b542585bdea5d0e59e4174806c9d82d4fccaade96ba7fb0c6,69c6598761e63e2b542585bdea5d0e59e4174806c9d82d4fccaade96ba7fb0c6,True,False,69c6598761e63e2b542585bdea5d0e59e4174806c9d82d4fccaade96ba7fb0c6,69c6598761e63e2b542585bdea5d0e59e4174806c9d82d4fccaade96ba7fb0c6,True,False,a82edb37059a3f5a45724928e7dff118087a2cb5a477a9fd8ad791da82bb5dea,a82edb37059a3f5a45724928e7dff118087a2cb5a477a9fd8ad791da82bb5dea,True,False,True,False
9,f0009,True,accepted,accepted,b44e3f2a0700f9831fca829dc7ffc0a012c389e4fe8c7399cf2e44ce5d4da82c,b44e3f2a0700f9831fca829dc7ffc0a012c389e4fe8c7399cf2e44ce5d4da82c,True,5eb36694c3eec07da9870e4fded4cfffa9a3037fbbe98054c04d0b2743f23650,5eb36694c3eec07da9870e4fded4cfffa9a3037fbbe98054c04d0b2743f23650,True,c77270f33e054f65f889cf0a77e8235fbfa0f1892025a33907505263c38dec8a,c77270f33e054f65f889cf0a77e8235fbfa0f1892025a33907505263c38dec8a,True,72a4791b84422b5d703a0c9edef4654e70285226cdf9e4f2ac75aeb918226d9c,72a4791b84422b5d703a0c9edef4654e70285226cdf9e4f2ac75aeb918226d9c,True,57c0b01375a126f4e8a40c36a9c4bdb1af4e9ff457c246a8c49e458a855168a3,57c0b01375a126f4e8a40c36a9c4bdb1af4e9ff457c246a8c49e458a855168a3,True,6ff34f1cf510f5150dd67fbb20e20f1b438e4ec5fa406bb6e943640f20f6b2a5,6ff34f1cf510f5150dd67fbb20e20f1b438e4ec5fa406bb6e943640f20f6b2a5,True,51710b1796ebb85eaac5094cf41356feea00c92a427541c52a74cc342980a317,51710b1796ebb85eaac5094cf41356feea00c92a427541c52a74cc342980a317,True,False,51710b1796ebb85eaac5094cf41356feea00c92a427541c52a74cc342980a317,51710b1796ebb85eaac5094cf41356feea00c92a427541c52a74cc342980a317,True,False,543234ed014ca02263d67fd9679f2c484df77aa15a03d5ca97bd5ccb683b6c88,543234ed014ca02263d67fd9679f2c484df77aa15a03d5ca97bd5ccb683b6c88,True,False,543234ed014ca02263d67fd9679f2c484df77aa15a03d5ca97bd5ccb683b6c88,543234ed014ca02263d67fd9679f2c484df77aa15a03d5ca97bd5ccb683b6c88,True,False,543234ed014ca02263d67fd9679f2c484df77aa15a03d5ca97bd5ccb683b6c88,543234ed014ca02263d67fd9679f2c484df77aa15a03d5ca97bd5ccb683b6c88,True,False,True,False
10,f0010,True,accepted,accepted,c67f680d9910bac549b8a628423fa356c7ac12e5d8ccacb2dc20f136b8161099,c67f680d9910bac549b8a628423fa356c7ac12e5d8ccacb2dc20f136b8161099,True,2039c9b781972fe2d4e1a11b74abeadc3c2d0400e4171d1626921e021e028238,2039c9b781972fe2d4e1a11b74abeadc3c2d0400e4171d1626921e021e028238,True,08e587abbcf94ff388b208d0d3b18ffa03618038bec2fa514b92bb43d9a7dccb,08e587abbcf94ff388b208d0d3b18ffa03618038bec2fa514b92bb43d9a7dccb,True,e450da357192e2cbd736f525f62838cbcf526858ccaece0e7fc98286bfb82545,e450da357192e2cbd736f525f62838cbcf526858ccaece0e7fc98286bfb82545,True,a8cc119f78e0126114509e47f1923391978aff2163dcc86b445e8a9816487995,a8cc119f78e0126114509e47f1923391978aff2163dcc86b445e8a9816487995,True,bc668a1ce7335c509016cb7bd0678c84976547237eeb6e3e61a109b3ee8d9d41,bc668a1ce7335c509016cb7bd0678c84976547237eeb6e3e61a109b3ee8d9d41,True,998130a0758a99ca0e3aab80a97fa6e3b214d699f0d5c4a79d1b65cce18dca5c,998130a0758a99ca0e3aab80a97fa6e3b214d699f0d5c4a79d1b65cce18dca5c,True,False,998130a0758a99ca0e3aab80a97fa6e3b214d699f0d5c4a79d1b65cce18dca5c,998130a0758a99ca0e3aab80a97fa6e3b214d699f0d5c4a79d1b65cce18dca5c,True,False,998130a0758a99ca0e3aab80a97fa6e3b214d699f0d5c4a79d1b65cce18dca5c,998130a0758a99ca0e3aab80a97fa6e3b214d699f0d5c4a79d1b65cce18dca5c,True,False,bccd7ca5ce68fbfd43c3096d1d899a2f7a804cefc7f63653f6363ef461f23233,bccd7ca5ce68fbfd43c3096d1d899a2f7a804cefc7f63653f6363ef461f23233,True,False,bccd7ca5ce68fbfd43c3096d1d899a2f7a804cefc7f63653f6363ef461f23233,bccd7ca5ce68fbfd43c3096d1d899a2f7a804cefc7f63653f6363ef461f23233,True,False,True,False
11,f0011,True,accepted,accepted,a4009be360aee232e5a19034bd062a6a4ae8a319fa2c4be3844270cbad3ad8ff,a4009be360aee232e5a19034bd062a6a4ae8a319fa2c4be3844270cbad3ad8ff,True,c95e37a9780fa88a400045df8d60f9c910bbaee107c8096c397d05f80a93ab09,c95e37a9780fa88a400045df8d60f9c910bbaee107c8096c397d05f80a93ab09,True,f8ada120082cb596443312e94f0993c4832b6072beff8d2f8b1ab85cb4d56367,f8ada120082cb596443312e94f0993c4832b6072beff8d2f8b1ab85cb4d56367,True,154ae1a789f134e4dc87fb89696b171beaca370db4a8aff5697cb87ca7ea47c0,154ae1a789f134e4dc87fb89696b171beaca370db4a8aff5697cb87ca7ea47c0,True,982d471726dc7edd2863e938a80a57c8aa4242f9f636353d77cf28b2acf7dea8,982d471726dc7edd2863e938a80a57c8aa4242f9f636353d77cf28b2acf7dea8,True,ac1d67cad5b81e5bc8b1411be58944ec32dd13de806af84f3c5f1b619e7c4bce,ac1d67cad5b81e5bc8b1411be58944ec32dd13de806af84f3c5f1b619e7c4bce,True,060151e6035341ba67148bc6092185850d5e48dc7950d7a5a069f2c856ebc114,060151e6035341ba67148bc6092185850d5e48dc7950d7a5a069f2c856ebc114,True,False,060151e6035341ba67148bc6092185850d5e48dc7950d7a5a069f2c856ebc114,060151e6035341ba67148bc6092185850d5e48dc7950d7a5a069f2c856ebc114,True,False,c5a6ce903cd692bba9de254a4052a5bd8aacfe1fbddc07fa63e14eff6d4b7231,c5a6ce903cd692bba9de254a4052a5bd8aacfe1fbddc07fa63e14eff6d4b7231,True,False,c5a6ce903cd692bba9de254a4052a5bd8aacfe1fbddc07fa63e14eff6d4b7231,c5a6ce903cd692bba9de254a4052a5bd8aacfe1fbddc07fa63e14eff6d4b7231,True,False,23cfc18b93c3f3e884e9cffb14ad342b304c1c4387abb9db9875f3dbfec92427,23cfc18b93c3f3e884e9cffb14ad342b304c1c4387abb9db9875f3dbfec92427,True,False,True,False
12,f0012,True,accepted,accepted,53a5228eb1df323d8b45eb3380e9f075767ee6ee8645bc8c05638508b573bfcd,53a5228eb1df323d8b45eb3380e9f075767ee6ee8645bc8c05638508b573bfcd,True,aeb7f712b02de3fe312b7b4e594b05d3d64233b8ce42c5b24335153916441cf1,aeb7f712b02de3fe312b7b4e594b05d3d64233b8ce42c5b24335153916441cf1,True,f32b9a93d1525fa1f766f9f2179da51e607d123464dc3880bdc9b861b076859b,f32b9a93d1525fa1f766f9f2179da51e607d123464dc3880bdc9b861b076859b,True,bbb4b2e3bf788c77e5809e1937ea01b8777fe012fbf190e2763a03640ecacbf5,bbb4b2e3bf788c77e5809e1937ea01b8777fe012fbf190e2763a03640ecacbf5,True,4c68632b3fedacfde29a72ed25f57b466012f19a971e4e4e33cdcb4ae4934d0a,4c68632b3fedacfde29a72ed25f57b466012f19a971e4e4e33cdcb4ae4934d0a,True,970641fcb6c241ea5b73a3f66376566b5e7e505b06b1fc8e713c1c802542e173,970641fcb6c241ea5b73a3f66376566b5e7e505b06b1fc8e713c1c802542e173,True,7db390d921b62f68456a3f34169cc06cff6685387e8999dba3f267a846fff9fa,7db390d921b62f68456a3f34169cc06cff6685387e8999dba3f267a846fff9fa,True,False,7db390d921b62f68456a3f34169cc06cff6685387e8999dba3f267a846fff9fa,7db390d921b62f68456a3f34169cc06cff6685387e8999dba3f267a846fff9fa,True,False,7db390d921b62f68456a3f34169cc06cff6685387e8999dba3f267a846fff9fa,7db390d921b62f68456a3f34169cc06cff6685387e8999dba3f267a846fff9fa,True,False,7db390d921b62f68456a3f34169cc06cff6685387e8999dba3f267a846fff9fa,7db390d921b62f68456a3f34169cc06cff6685387e8999dba3f267a846fff9fa,True,False,8d4d03115463b1f28ba592cecf57339283cef1c4ac859b90db92b4f4f560efbc,8d4d03115463b1f28ba592cecf57339283cef1c4ac859b90db92b4f4f560efbc,True,False,True,False
13,f0013,True,accepted,accepted,129f0e4e9c61183b48c16f79f57366fbbfa7c7b8d8fa7780a7f987d57cfe5610,129f0e4e9c61183b48c16f79f57366fbbfa7c7b8d8fa7780a7f987d57cfe5610,True,aa85d94922b68b19286d8733e66c8a25769239fab8b4f592970f529bc11fb9b9,aa85d94922b68b19286d8733e66c8a25769239fab8b4f592970f529bc11fb9b9,True,1ab03b6f9ed11bc4b49658b22a7018c0a3ef5ba4be204c63abb55458dca30f80,1ab03b6f9ed11bc4b49658b22a7018c0a3ef5ba4be204c63abb55458dca30f80,True,5a02d3bf4b5d2bdfba4264587c91d8648fac806977b269ae0a06eb46855e492d,5a02d3bf4b5d2bdfba4264587c91d8648fac806977b269ae0a06eb46855e492d,True,e68e5a6951fd052efc2b68db73fd7fb4b4f6e6e1dbbd0d2d219174bd59f89a1e,e68e5a6951fd052efc2b68db73fd7fb4b4f6e6e1dbbd0d2d219174bd59f89a1e,True,936527c347965b5b6b9b8c4eef1d9df4db06f1e6773cd74a85bfc3ab531af6a6,936527c347965b5b6b9b8c4eef1d9df4db06f1e6773cd74a85bfc3ab531af6a6,True,e85e95696f3c4737fbce447688559b3582ce5a5bb7a1c3eef5b8a5ea15603e60,e85e95696f3c4737fbce447688559b3582ce5a5bb7a1c3eef5b8a5ea15603e60,True,False,e85e95696f3c4737fbce447688559b3582ce5a5bb7a1c3eef5b8a5ea15603e60,e85e95696f3c4737fbce447688559b3582ce5a5bb7a1c3eef5b8a5ea15603e60,True,False,e85e95696f3c4737fbce447688559b3582ce5a5bb7a1c3eef5b8a5ea15603e60,e85e95696f3c4737fbce447688559b3582ce5a5bb7a1c3eef5b8a5ea15603e60,True,False,e85e95696f3c4737fbce447688559b3582ce5a5bb7a1c3eef5b8a5ea15603e60,e85e95696f3c4737fbce447688559b3582ce5a5bb7a1c3eef5b8a5ea15603e60,True,False,e85e95696f3c4737fbce447688559b3582ce5a5bb7a1c3eef5b8a5ea15603e60,e85e95696f3c4737fbce447688559b3582ce5a5bb7a1c3eef5b8a5ea15603e60,True,False,True,False
14,f0014,True,G1,G1,03beab32d5e2e73fdd4cb7060234276080da6cd8d2083c096b1304672644edfd,03beab32d5e2e73fdd4cb7060234276080da6cd8d2083c096b1304672644edfd,True,faa12fd53f4aee7d3c8bbb0698cc639a961708f5286e21952e690b4fdb4668d4,faa12fd53f4aee7d3c8bbb0698cc639a961708f5286e21952e690b4fdb4668d4,True,8f2748d99e3d0bb3d5078f47e9c65f86c3d11313c477d02ba19c6128f8a96177,8f2748d99e3d0bb3d5078f47e9c65f86c3d11313c477d02ba19c6128f8a96177,True,ff5ece6d5eed2dcfed58a6c22dced1b9a285ac7735b6892eb8ac9c6b604c905f,ff5ece6d5eed2dcfed58a6c22dced1b9a285ac7735b6892eb8ac9c6b604c905f,True,66310e79cc89cf70bb510b2d1689ef9b9d4999d564847c3a37231d73e7bbb1f1,66310e79cc89cf70bb510b2d1689ef9b9d4999d564847c3a37231d73e7bbb1f1,True,cac47c7140eff432067effed2b3406baaaff5a96624d198c609da10ffdffaea2,cac47c7140eff432067effed2b3406baaaff5a96624d198c609da10ffdffaea2,True,c97edd92bd5b7a51a641cb13e4af6a9cdc34cbb007b17c76ad07e618c36de3ee,c97edd92bd5b7a51a641cb13e4af6a9cdc34cbb007b17c76ad07e618c36de3ee,True,False,c97edd92bd5b7a51a641cb13e4af6a9cdc34cbb007b17c76ad07e618c36de3ee,c97edd92bd5b7a51a641cb13e4af6a9cdc34cbb007b17c76ad07e618c36de3ee,True,False,2dc24295d20e8b9942685c9451a3235c5f1f843a61f3f21eeb6fbd9a5a81798b,2dc24295d20e8b9942685c9451a3235c5f1f843a61f3f21eeb6fbd9a5a81798b,True,False,8725d917aad213838fb119d92398819094a5df069db0284f0358aeefa82af18d,8725d917aad213838fb119d92398819094a5df069db0284f0358aeefa82af18d,True,False,8725d917aad213838fb119d92398819094a5df069db0284f0358aeefa82af18d,8725d917aad213838fb119d92398819094a5df069db0284f0358aeefa82af18d,True,False,True,False
15,f0015,False,bounded_local_search_exhausted,bounded_local_search_exhausted,1f5ee4e10bb4a6ee779d3249ebfb2f02f8973b89b8e4526bf1f70bc303604582,1f5ee4e10bb4a6ee779d3249ebfb2f02f8973b89b8e4526bf1f70bc303604582,True,dad28d2a6ab5218a7797f3146d1a660ab7d10315dd2ef169c9f886e5d4d109f1,dad28d2a6ab5218a7797f3146d1a660ab7d10315dd2ef169c9f886e5d4d109f1,True,,,True,,,True,,,True,4e34073047bdb43258e787fb0bde4ffbc4dbc4a867c8a88fc62bd2e00bc076b5,4e34073047bdb43258e787fb0bde4ffbc4dbc4a867c8a88fc62bd2e00bc076b5,True,,,True,True,,,True,True,,,True,True,,,True,True,,,True,True,True,True
16,f0016,True,accepted,accepted,48277125d598aa905a5df2609c99a9bd43d79d93136e9ae882310da5207b8cf7,48277125d598aa905a5df2609c99a9bd43d79d93136e9ae882310da5207b8cf7,True,b720463091ffff91e315d93cba7c76e726f7ef0f72500f5d062a10e1cf0d8278,b720463091ffff91e315d93cba7c76e726f7ef0f72500f5d062a10e1cf0d8278,True,56f273f049c24bbf95a76b352258f7e9b2f41189d0c9e8bbea6b842d422ed6a6,56f273f049c24bbf95a76b352258f7e9b2f41189d0c9e8bbea6b842d422ed6a6,True,3cdd24ae05a72efb103ae82729a88225b8e39e866b68ab22927bce55eab634d4,3cdd24ae05a72efb103ae82729a88225b8e39e866b68ab22927bce55eab634d4,True,3614fbb8a1a6f8290f37a57c6d0764181b03791c7fb7cadf0b6df890f0a78aca,3614fbb8a1a6f8290f37a57c6d0764181b03791c7fb7cadf0b6df890f0a78aca,True,62efb4c571ddddf3c9ca90ace2af801d5474a454159ba2ab7194b23304cd168b,62efb4c571ddddf3c9ca90ace2af801d5474a454159ba2ab7194b23304cd168b,True,ea1e5670b0974646857ab15595bdcb4b40cac7b1f5470d57b92177ca8b704d75,ea1e5670b0974646857ab15595bdcb4b40cac7b1f5470d57b92177ca8b704d75,True,False,ea1e5670b0974646857ab15595bdcb4b40cac7b1f5470d57b92177ca8b704d75,ea1e5670b0974646857ab15595bdcb4b40cac7b1f5470d57b92177ca8b704d75,True,False,be0fe94973806da938659bc60f58fc5e89239cc11f57ec6bd42e2f8c9ceb6eaf,be0fe94973806da938659bc60f58fc5e89239cc11f57ec6bd42e2f8c9ceb6eaf,True,False,be0fe94973806da938659bc60f58fc5e89239cc11f57ec6bd42e2f8c9ceb6eaf,be0fe94973806da938659bc60f58fc5e89239cc11f57ec6bd42e2f8c9ceb6eaf,True,False,be0fe94973806da938659bc60f58fc5e89239cc11f57ec6bd42e2f8c9ceb6eaf,be0fe94973806da938659bc60f58fc5e89239cc11f57ec6bd42e2f8c9ceb6eaf,True,False,True,False
17,f0017,True,accepted,accepted,38fe793aac19f6e93b3d17f4aae63cc27e75c7aa55fe8379b99631aed56feabc,38fe793aac19f6e93b3d17f4aae63cc27e75c7aa55fe8379b99631aed56feabc,True,124b19faa40d996c3fb51ac4d1bf4326e42ad7584f71dfbe1728faef3b9fdf9a,124b19faa40d996c3fb51ac4d1bf4326e42ad7584f71dfbe1728faef3b9fdf9a,True,5ea4e91c2dfa09c11b8ae4d3683dfdb3cdfbbfc767326f540bd61f4a25752233,5ea4e91c2dfa09c11b8ae4d3683dfdb3cdfbbfc767326f540bd61f4a25752233,True,d5e79546f9604bd7ca1c7d768c8e22d9ab6fd13121b5e59445f62a5cb9848b9a,d5e79546f9604bd7ca1c7d768c8e22d9ab6fd13121b5e59445f62a5cb9848b9a,True,d0172a4294ece68470a19815a3ab7f406e89b8299fb27ae496712d8e88d8b35c,d0172a4294ece68470a19815a3ab7f406e89b8299fb27ae496712d8e88d8b35c,True,19e864cc8bdf4754b6cf587ba45869d7923cef51b49d657dc7503a4676aa245e,19e864cc8bdf4754b6cf587ba45869d7923cef51b49d657dc7503a4676aa245e,True,06c8ba4bcd3061cc4ad8cb66d4ea9bade4fe3aba3c278568f883ae7ba3ca3363,06c8ba4bcd3061cc4ad8cb66d4ea9bade4fe3aba3c278568f883ae7ba3ca3363,True,False,06c8ba4bcd3061cc4ad8cb66d4ea9bade4fe3aba3c278568f883ae7ba3ca3363,06c8ba4bcd3061cc4ad8cb66d4ea9bade4fe3aba3c278568f883ae7ba3ca3363,True,False,06c8ba4bcd3061cc4ad8cb66d4ea9bade4fe3aba3c278568f883ae7ba3ca3363,06c8ba4bcd3061cc4ad8cb66d4ea9bade4fe3aba3c278568f883ae7ba3ca3363,True,False,06c8ba4bcd3061cc4ad8cb66d4ea9bade4fe3aba3c278568f883ae7ba3ca3363,06c8ba4bcd3061cc4ad8cb66d4ea9bade4fe3aba3c278568f883ae7ba3ca3363,True,False,06c8ba4bcd3061cc4ad8cb66d4ea9bade4fe3aba3c278568f883ae7ba3ca3363,06c8ba4bcd3061cc4ad8cb66d4ea9bade4fe3aba3c278568f883ae7ba3ca3363,True,False,True,False
18,f0018,False,bounded_local_search_exhausted,bounded_local_search_exhausted,0dadc7667b7233461fe52aff8c695b284879c64779fbb34eb082dd66ffcb6dc1,0dadc7667b7233461fe52aff8c695b284879c64779fbb34eb082dd66ffcb6dc1,True,8e8c0bd3d907b47f6f9eb37109bd87c9b9d9c9de38bab83deddbeb60d069bb92,8e8c0bd3d907b47f6f9eb37109bd87c9b9d9c9de38bab83deddbeb60d069bb92,True,,,True,,,True,,,True,2637af5431e266352dda3281d317edb5bc552db25786df8ae74cc6e91a42fccf,2637af5431e266352dda3281d317edb5bc552db25786df8ae74cc6e91a42fccf,True,,,True,True,,,True,True,,,True,True,,,True,True,,,True,True,True,True
19,f0019,True,accepted,accepted,377d52d88404d503e6f33b5b7033457bc369d4f446e2be1d89987b0dd082081f,377d52d88404d503e6f33b5b7033457bc369d4f446e2be1d89987b0dd082081f,True,faa12fd53f4aee7d3c8bbb0698cc639a961708f5286e21952e690b4fdb4668d4,faa12fd53f4aee7d3c8bbb0698cc639a961708f5286e21952e690b4fdb4668d4,True,4f48c2fdbce308a020b82b098f3281096d14f4450cc6ab70966aa26b83e19840,4f48c2fdbce308a020b82b098f3281096d14f4450cc6ab70966aa26b83e19840,True,0a42f6f2199b2af741d1cc8a35a39724007bad34efaa297a86318497e06065c6,0a42f6f2199b2af741d1cc8a35a39724007bad34efaa297a86318497e06065c6,True,f2be3e5b9ef66e46f2a19ccab5c2691a1763e64b34049570bdb6ccdc98a372d6,f2be3e5b9ef66e46f2a19ccab5c2691a1763e64b34049570bdb6ccdc98a372d6,True,1475f163a47a382fc10e605813bf3095d0d6075e370a8dc7bc272af6cb62852e,1475f163a47a382fc10e605813bf3095d0d6075e370a8dc7bc272af6cb62852e,True,12cd824df43bd7f5669fa646db57dd12ca930ad8815e4de73537d210ed559c2c,12cd824df43bd7f5669fa646db57dd12ca930ad8815e4de73537d210ed559c2c,True,False,12cd824df43bd7f5669fa646db57dd12ca930ad8815e4de73537d210ed559c2c,12cd824df43bd7f5669fa646db57dd12ca930ad8815e4de73537d210ed559c2c,True,False,44b2d7c729ba74a36a4369854fbf30cfb006b05d0303e842cb8ac80c83f728a3,44b2d7c729ba74a36a4369854fbf30cfb006b05d0303e842cb8ac80c83f728a3,True,False,44b2d7c729ba74a36a4369854fbf30cfb006b05d0303e842cb8ac80c83f728a3,44b2d7c729ba74a36a4369854fbf30cfb006b05d0303e842cb8ac80c83f728a3,True,False,44b2d7c729ba74a36a4369854fbf30cfb006b05d0303e842cb8ac80c83f728a3,44b2d7c729ba74a36a4369854fbf30cfb006b05d0303e842cb8ac80c83f728a3,True,False,True,False
