idx,frame_id,label_present,geometry_ok,rendered,pallet_type,diagnostic_mode,noise_tier,image_w,image_h,fx,fy,cx,cy,label_reproj_consistency_px,camera_distance_measured_m,camera_distance_used_m,camera_distance_source,camera_distance_limit_m,elevation_deg_actual,projected_size_actual,object_depth_z_m,mask_m0_area,mask_m0_bbox_w_px,mask_m0_bbox_h_px,mask_m0_min_side_px,bbox_all_w_px,bbox_all_h_px,bbox_all_min_side_px,bbox_all_diag_px,bbox_vis_w_px,bbox_vis_h_px,bbox_vis_min_side_px,bbox_vis_diag_px,bbox_vis_area_px2,visible_kp_min_pair_dist_px,visible_kp_hull_area_px2,inframe_corner_count,visible_corner_count,visible_kp_count,V_vis_label,visible_corner_count_matches_label,pnp_exact_success,pnp_exact_inliers,pnp_exact_reproj_mean_px,pnp_exact_reproj_max_px,pnp_exact_trans_err_cm,pnp_exact_rot_err_deg,canonical3d_exact_reproj_mean_px,mc1px_solve_fail_rate,mc1px_diverged_rate,mc1px_pose_fail_rate,mc1px_trans_cm_q50,mc1px_trans_cm_q90,mc1px_trans_cm_q95,mc1px_rot_deg_q50,mc1px_rot_deg_q90,mc1px_rot_deg_q95,mc1px_reproj_px_q50,mc1px_reproj_px_q90,mc1px_reproj_px_q95,mc2px_solve_fail_rate,mc2px_diverged_rate,mc2px_pose_fail_rate,mc2px_trans_cm_q50,mc2px_trans_cm_q90,mc2px_trans_cm_q95,mc2px_rot_deg_q50,mc2px_rot_deg_q90,mc2px_rot_deg_q95,mc2px_reproj_px_q50,mc2px_reproj_px_q90,mc2px_reproj_px_q95,mc3px_solve_fail_rate,mc3px_diverged_rate,mc3px_pose_fail_rate,mc3px_trans_cm_q50,mc3px_trans_cm_q90,mc3px_trans_cm_q95,mc3px_rot_deg_q50,mc3px_rot_deg_q90,mc3px_rot_deg_q95,mc3px_reproj_px_q50,mc3px_reproj_px_q90,mc3px_reproj_px_q95,physical_valid,physical_violations,physical_unknown,gate_valid,gate_valid_unknown,gate_unknown_fields,G1_pass,G2_pass,G3_pass,G4_pass,G5_pass,pnp_eligible_candidate_2cell,pnp_eligible_candidate_3cell,pnp_eligible_candidate_4cell,tiny_warning,pnp_stress
0,f0000,True,True,True,Pallet_1,clean-static,clean,640,480,454.23014,454.23014,320,240,5.6843419e-14,4.9737471,4.973747,record,10,1.891,0.17353475,4.7913854,1471,111,18,18,111.06224,17.996126,17.996126,112.51081,111.06224,17.996126,17.996126,112.51081,1998.6901,6.0057678,1889.9778,8,8,9,8,True,True,9,4.4141962e-06,7.1572722e-06,3.6617779e-05,3.6222548e-06,4.4262748e-06,0,0,0.24,2.5673306,6.4672058,9.0129184,0.59400963,0.95691943,1.0353614,1.0322896,1.3532878,1.4200129,0,0,0.505,5.0580075,12.956195,16.472949,1.2214681,1.9625073,2.1715242,2.0698156,2.7467742,2.8863795,0,0,0.685,9.0957453,21.893485,27.034224,2.0171256,3.2982155,3.6251302,3.063654,4.0483021,4.3511031,True,,,True,False,,True,True,True,True,True,True,False,False,False,True
1,f0001,True,True,True,Pallet_3,clean-static,clean,720,480,605.9065,605.9065,360,240,5.6843419e-14,9.3276502,9.3276502,record,10,3.012,0.16095758,8.3303709,1360,108,17,17,115.88946,17.026354,17.026354,117.13353,54.60545,17.026354,17.026354,57.198356,929.73174,2.4710678,743.19953,6,6,7,6,True,True,7,5.2668018e-06,1.04474e-05,3.6935161e-05,8.706817e-06,5.2720503e-06,0,0.11,0.78,11.415753,46.628822,66.725354,1.0333728,52.595328,53.568991,0.97173808,19.898638,27.820603,0,0.225,0.915,31.112822,105.14374,279.4503,2.420429,53.599046,55.147369,2.0812453,26.908809,27.911025,0,0.31,0.985,46.099492,269.20946,861.9996,3.6517532,54.678572,56.601463,3.1357165,27.364366,29.426763,True,,,True,False,,True,True,True,True,True,True,False,False,False,True
2,f0002,True,True,True,Pallet_2,clean-static,low,640,480,353.65952,353.65952,320,240,2.8421709e-14,0.8156221,0.81562179,record,10,8.833,2.6244715,0.77013158,132814,640,248,248,1679.6618,288.61548,288.61548,1704.2777,336.34415,52.723724,52.723724,340.45143,17733.316,50.093008,17035.995,4,4,5,4,True,True,5,4.2391054e-05,8.6779647e-05,6.2285394e-05,4.439623e-05,3.3136801e-05,0,0,0.005,1.0401684,2.1456954,2.6216194,0.55214766,1.1867911,1.3558675,2.207518,4.5707048,5.4884008,0,0,0.045,2.1113304,3.9566908,4.8852227,1.2898586,2.3526922,2.795105,4.1288714,8.540024,10.540283,0,0.005,0.195,2.8834441,6.5238136,7.6157001,1.7587904,3.6379584,4.1991757,6.0251193,13.510749,16.373614,True,,,True,False,,True,True,True,True,True,True,True,True,False,False
3,f0003,True,True,True,Pallet_0,clean-static,clean,960,540,605.9065,605.9065,480,270,2.2737368e-13,1.26097,1.2609699,record,10,52.907,0.79773499,1.26097,227891,749,506,506,765.82559,711.94812,711.94812,1045.6381,765.82559,335.37505,335.37505,836.04142,256838.79,46.406486,116330.34,6,6,7,6,True,True,7,1.8866885e-05,3.296454e-05,6.1627776e-06,2.9575587e-06,3.0378797e-05,0,0,0,1.1138968,2.2286889,2.5393569,1.0928746,2.3378187,2.8067691,2.4650016,4.4768992,5.4554233,0,0,0.07,1.9357097,4.0590938,4.7439253,2.057716,4.434816,5.2548966,4.4973906,8.414623,10.541568,0,0,0.265,2.9338954,6.2796405,7.0673588,3.0035502,6.9646836,7.7338174,6.1367079,10.55991,12.258472,True,,,True,False,,True,True,True,True,True,True,True,True,False,False
4,f0004,True,True,True,Pallet_2,clean-static,low,960,540,520.55225,520.55225,480,270,1.1368684e-13,2.3163719,2.3163719,record,10,4.383,0.40287996,2.0565168,10478,376,31,31,386.76476,92.869322,92.869322,397.75834,373.25189,31.079558,31.079558,374.54361,11600.504,52.450122,6263.6594,4,4,5,4,True,True,5,1.8643136e-05,3.9537039e-05,3.643106e-06,8.706817e-06,1.8685063e-05,0,0,0,0.74436459,1.4595063,1.9338985,0.33703569,0.59306655,0.66635399,0.89700888,1.4054229,1.5756652,0,0.03,0.035,1.4106335,3.21851,3.9197179,0.63519401,1.1051776,1.4201427,1.6004302,2.7116238,2.9563192,0,0.05,0.1,1.8573721,4.9565891,6.5360874,1.0067657,1.9106124,2.9048496,2.8370277,4.8480299,7.6961746,True,,,True,False,,True,True,True,True,True,True,True,False,False,False
5,f0005,True,True,True,Pallet_0,clean-static,low,640,480,517.26025,517.26025,320,240,5.6843419e-14,6.6929959,6.6929961,record,10,29.298,0.21868927,5.7865086,5417,92,74,74,139.96113,77.098459,77.098459,159.7914,87.478998,70.527349,70.527349,112.36851,6169.6619,10.672994,3360.0573,6,6,7,6,True,True,7,1.1142466e-05,3.6081886e-05,5.4073558e-05,3.1945285e-06,1.135662e-05,0,0,0.555,6.0464616,15.174214,18.851587,0.98690028,1.8137755,2.0715876,0.95095118,1.2625618,1.3567451,0,0.015,0.81,12.720529,30.641806,36.905408,1.8696402,3.3275317,3.6807011,1.91447,2.5440835,2.8389817,0,0.04,0.865,20.579729,47.26521,68.701287,3.098782,5.2073863,5.9936075,2.8784527,4.056632,4.9143648,True,,,True,False,,True,True,True,True,True,True,True,True,False,True
6,f0006,True,True,True,Pallet_3,clean-static,clean,560,560,553.96307,553.96307,280,280,5.6843419e-14,2.4157456,2.4157456,record,10,23.319,0.65479719,2.2395506,34215,364,119,119,366.68643,170.7913,170.7913,404.51033,362.9145,112.3046,112.3046,379.89375,40756.969,29.719358,24092.544,6,6,7,6,True,True,7,1.6575898e-05,4.7627388e-05,7.3340262e-06,1.0245284e-05,1.6661889e-05,0,0,0,0.74170892,1.5367335,1.8796048,0.53803821,0.92609821,1.0755402,0.9889824,1.3051381,1.3811002,0,0,0.01,1.291049,3.1417799,3.4861669,0.96169334,1.8052212,2.0217836,2.0593015,2.6491539,2.8997446,0,0,0.11,2.0366926,5.1719754,5.8499687,1.6435344,2.8648231,3.2843386,2.9737452,4.0968474,4.395301,True,,,True,False,,True,True,True,True,True,True,True,True,False,False
7,f0007,True,True,True,Pallet_1,clean-static,clean,640,480,605.9065,605.9065,320,240,5.6843419e-14,1.1559851,1.1559851,record,10,60.286,1.451714,1.091511,148490,545,435,435,929.09693,1003.1051,929.09693,1367.275,412.42419,303.9427,303.9427,512.32302,125353.32,42.614914,67503.403,4,4,5,4,True,True,5,1.0696018e-05,1.3621296e-05,4.3499781e-06,5.6632937e-06,1.3134492e-05,0,0,0,0.45056123,1.0181271,1.1686959,0.4939882,1.0721172,1.2326757,0.7890414,1.2851069,1.4285654,0,0,0.005,1.0419621,2.01187,2.3684444,0.98774702,2.2399277,2.7146295,1.6144771,2.4875804,2.6580903,0,0,0.015,1.3854951,3.0699789,3.5594383,1.5407977,3.0709263,3.7538547,2.2846985,3.5624366,4.0756456,True,,,True,False,,True,True,True,True,True,True,True,True,False,False
8,f0008,True,True,True,Pallet_0,clean-static,low,640,480,360.10351,360.10351,320,240,1.1368684e-13,7.3237991,7.3237991,record,10,2.962,0.08616093,7.0582972,550,54,11,11,55.142995,11.374797,11.374797,56.30396,55.142995,11.374797,11.374797,56.30396,627.24037,2.6709836,603.90495,8,8,9,8,True,True,9,4.9928886e-06,7.0119069e-06,0.0001311424,4.0045534e-06,5.3355273e-06,0,0,0.63,7.0271932,18.802508,22.778103,1.0730087,1.8200533,1.9457543,1.017673,1.2804717,1.3556872,0,0,0.855,18.367823,39.195423,48.274913,2.0090007,3.2601198,3.6148828,2.0550469,2.6430082,2.8080488,0,0.015,0.965,26.067939,57.86358,72.722148,3.6518143,5.563468,6.3353964,3.1659384,4.1027364,4.3911046,True,,,True,False,,True,True,True,True,True,False,False,False,True,True
9,f0009,True,True,True,Pallet_3,clean-static,clean,720,480,335.44423,335.44423,360,240,5.6843419e-14,2.3936032,2.3936032,record,10,75.538,0.30559316,2.3936032,19278,217,200,200,220.02708,203.3235,203.3235,299.58698,220.02708,203.3235,203.3235,299.58698,44736.676,2.7777798,21927.567,8,8,9,8,True,True,9,9.9005173e-06,3.4064926e-05,7.0320912e-06,1.4787793e-05,1.0690809e-05,0,0,0.09,1.1765854,2.3301335,2.6445418,2.4511749,4.6652772,5.8233748,1.387398,2.0391742,2.3806525,0,0,0.54,2.5642183,5.4133483,5.9434025,5.2248661,11.38799,17.34238,2.6200966,4.481377,5.8049556,0,0,0.765,4.1215371,8.135682,9.8101078,6.979018,19.802252,22.709374,4.0190444,7.4588901,8.919401,True,,,True,False,,True,True,True,True,True,True,True,True,False,True
10,f0010,True,True,True,Pallet_2,cargo-only,clean,640,480,643.24559,643.24559,320,240,5.6843419e-14,4.9305332,4.9305332,record,10,20.945,0.26128841,4.6555366,9806,165,100,100,167.22458,101.32752,101.32752,195.52833,167.22458,101.32752,101.32752,195.52833,16944.452,20.979871,8912.8222,8,6,7,6,True,True,7,1.6669324e-05,6.2835104e-05,2.719649e-05,7.1431828e-06,1.6662861e-05,0,0,0.08,2.0393139,4.8895016,5.2906182,0.57084546,0.93172854,1.1201876,0.93619809,1.3134548,1.4735989,0,0,0.52,5.0663291,10.910204,12.538495,1.3597074,2.0624524,2.4377069,1.887367,2.6191006,2.7325699,0,0,0.605,7.2244154,16.879299,19.735818,1.8252282,3.1380199,3.3617642,2.9977629,3.9254638,4.17628,True,,,True,False,,True,True,True,True,True,True,True,True,False,True
11,f0011,True,True,True,Pallet_1,cargo-only,clean,960,540,605.9065,605.9065,480,270,1.1368684e-13,5.4830045,5.4830045,record,10,8.712,0.1946587,5.0409152,4356,185,31,31,186.87236,49.076746,49.076746,193.20922,186.87236,18.629193,18.629193,187.79863,3481.2812,13.444291,3280.513,7,6,7,6,True,True,7,8.5339069e-06,1.5086271e-05,1.8267051e-06,9.9566261e-06,8.5339076e-06,0,0,0.1,2.308616,4.8073587,5.8150099,0.60518815,0.96612473,1.0439759,0.97162892,1.2971657,1.3659576,0,0.02,0.455,4.3711445,9.6700413,12.014232,1.2553738,2.2758118,2.776717,1.8445584,2.6459021,2.8913581,0,0.03,0.62,5.9051273,14.04954,19.39508,1.7769511,3.2619508,4.0361795,2.903584,4.2116915,4.6636941,True,,,True,False,,True,True,True,True,True,True,False,False,False,False
12,f0012,True,True,True,Pallet_3,cargo-only,low,640,480,359.59197,359.59197,320,240,5.6843419e-14,8.7463882,8.7463883,record,10,37.607,0.1090305,8.2585652,1583,69,35,35,69.779518,35.583927,35.583927,78.328775,69.779518,35.583927,35.583927,78.328775,2483.0293,5.1142213,1690.8797,8,8,9,8,True,True,9,3.7517685e-06,6.6507244e-06,3.4541235e-05,1.1952831e-05,3.6809704e-06,0,0,0.725,8.5968714,22.410858,24.028292,1.9958067,3.5837738,3.9843205,1.0527272,1.3184557,1.4087783,0,0,0.9,19.144056,41.422658,52.2829,4.1565016,7.3723719,14.748518,2.051307,2.802439,4.294415,0,0.03,0.98,30.83839,62.976499,79.479364,6.4332929,35.104138,38.564136,3.2248801,11.170758,12.056867,True,,,True,False,,True,True,True,True,True,True,True,True,False,True
13,f0013,True,True,True,Pallet_2,cargo-only,clean,720,480,660.84432,660.84432,360,240,5.6843419e-14,2.411039,2.411039,record,10,6.341,0.68577477,2.2075971,27903,357,101,101,493.75783,128.11119,128.11119,510.10712,314.93669,52.25151,52.25151,319.24182,16455.918,44.316216,8227.5175,5,4,5,4,True,True,5,9.4220892e-06,1.3162184e-05,8.3197113e-06,3.4150946e-06,0.078688849,0,0.05,0.08,0.95500183,2.803346,40.509516,0.35282264,0.7202605,43.1111,0.85108584,1.4714172,70.135446,0,0.005,0.065,1.5513408,4.3024496,5.6696547,0.69107728,1.2199011,1.4551894,1.5204605,2.5958265,2.9730543,0,0.01,0.18,2.5070973,5.764295,6.9213489,1.0116686,1.7520805,1.8723973,2.4543121,3.6855757,4.1076834,True,,,True,False,,True,True,True,True,True,True,True,True,False,False
14,f0014,True,True,True,Pallet_1,cargo-only,medium,640,480,605.9065,605.9065,320,240,1.1368684e-13,1.499342,1.499342,record,10,11.749,0.93954058,1.499342,73560,555,228,228,601.30597,230.91871,230.91871,644.12136,235.91128,215.71716,215.71716,319.66862,50890.112,44.925778,25062.484,6,4,5,4,True,True,5,4.0999883e-06,6.4920239e-06,7.2025144e-07,0,3.940185e-06,0,0,0,0.69258173,1.3801347,1.6558472,0.30324512,0.52998723,0.64113975,0.81379061,1.3313501,1.4601583,0,0,0.01,1.4185425,3.2363492,3.8739799,0.59149565,1.0827072,1.1826863,1.5089588,2.5829352,2.8863789,0,0.005,0.075,2.0557235,4.7854539,5.266429,0.90863275,1.6406909,1.8352576,2.5396893,3.8837311,4.4858777,True,,,True,False,,True,True,True,True,True,True,True,True,False,False
15,f0015,True,True,True,Pallet_0,cargo-only,clean,960,540,490.31726,490.31726,480,270,1.1368684e-13,8.3752805,8.3752806,record,10,11.027,0.086124579,7.8748429,1663,82,24,24,82.679596,24.599283,24.599283,86.261465,82.679596,24.599283,24.599283,86.261465,2033.8588,2.9231549,1713.9175,8,8,9,8,True,True,9,1.05285e-05,1.9276224e-05,0.00010741473,1.5603283e-05,1.1362899e-05,0,0,0.58,5.8738925,12.885312,15.565392,0.98543985,1.5270806,1.6844817,1.0235105,1.3209726,1.3854089,0,0,0.81,12.123222,27.631906,33.924287,1.8872058,3.4806817,3.9848475,2.1005933,2.6748859,2.8256687,0,0,0.88,20.842382,47.525201,58.695042,3.2129665,5.1615371,5.8918976,3.0755867,3.9267097,4.29004,True,,,True,False,,True,True,True,True,True,True,True,False,False,True
16,f0016,True,True,True,Pallet_0,cargo-only,low,960,540,632.76989,632.76989,480,270,2.2737368e-13,1.5878245,1.5878244,record,10,32.306,0.65794995,1.5878245,147389,618,405,405,631.63195,444.89745,444.89745,772.58829,631.63195,286.2583,286.2583,693.47151,180809.89,51.083972,96949.949,7,5,5,5,True,True,5,2.2890677e-05,2.8889589e-05,8.1191507e-06,1.0933637e-05,0.00013275192,0,0,0,0.40468758,0.70688917,0.8248644,0.30217257,0.58088387,0.64835904,1.2674529,2.1593909,2.4544623,0,0,0.005,0.74603816,1.2318601,1.4934568,0.5393965,1.0428291,1.2515652,2.2983489,4.0731378,5.3320814,0,0,0.005,1.02122,1.8464141,2.3527532,0.76419834,1.4509384,1.6310517,3.4338582,7.1907003,8.4998361,True,,,True,False,,True,True,True,True,True,True,True,True,False,False
17,f0017,True,True,True,Pallet_2,cargo-only,clean,560,560,359.85123,359.85123,280,280,5.6843419e-14,5.2019651,5.2019651,record,10,65.986,0.20864615,4.9118295,5599,116,112,112,116.84184,112.72434,112.72434,162.35391,116.84184,112.72434,112.72434,162.35391,13170.92,4.402846,6691.0196,8,8,8,8,True,True,8,9.1601864e-06,1.8551284e-05,4.5036754e-05,2.6148342e-05,9.3209954e-06,0,0,0.38,3.9810564,8.9409742,10.795303,1.880432,3.3605158,3.6695678,1.0093015,1.3106532,1.3618047,0,0,0.77,8.2698126,17.85573,21.536435,3.6606774,6.935384,8.0248178,2.0244728,2.6283233,2.8214572,0,0.02,0.87,10.915663,24.692436,29.553709,6.0866426,11.51384,16.285717,3.0307207,3.9606748,4.5299832,True,,,True,False,,True,True,True,True,True,True,True,True,False,True
18,f0018,True,True,True,Pallet_3,cargo-only,medium,640,480,578.48892,578.48892,320,240,1.1368684e-13,2.6730702,2.6730702,record,10,17.678,0.51928673,2.5951512,25749,329,103,103,332.34351,102.65137,102.65137,347.83547,332.34351,102.65137,102.65137,347.83547,34115.517,29.691029,24453.092,8,7,8,7,True,True,8,2.9175729e-06,4.5423225e-06,1.0864697e-06,2.6998693e-06,3.1600427e-06,0,0,0,0.63304824,1.4426607,1.7631914,0.33959795,0.5738573,0.65984196,1.0423772,1.3313134,1.4039366,0,0,0,1.0778704,2.5393066,3.0279183,0.70733465,1.183441,1.3504194,1.9797764,2.6722446,2.8740256,0,0,0.09,2.0944527,4.8817104,5.473434,1.1380846,1.88539,2.1208736,3.0587941,3.9095209,4.304688,True,,,True,False,,True,True,True,True,True,True,True,True,False,False
19,f0019,True,True,True,Pallet_1,cargo-only,low,640,480,605.9065,605.9065,320,240,1.1368684e-13,1.3907301,1.3907301,record,10,11.208,1.2922662,1.3131632,56628,344,228,228,827.05034,228.25917,228.25917,857.97116,234.93036,226.18751,226.18751,326.11817,53138.313,43.769389,26350.284,6,4,5,4,True,True,5,5.4974223e-06,9.6355631e-06,3.8629332e-06,1.2074183e-06,8.4446447e-06,0,0,0,0.60452024,1.2153814,1.4164112,0.27385296,0.4892792,0.56169243,0.82171112,1.3296675,1.5140049,0,0,0.005,1.1466916,2.6256987,3.0396971,0.55870375,0.95461649,1.1374529,1.8230624,2.5998632,2.9811495,0,0,0.04,1.7685122,4.1735886,4.7237789,0.77719942,1.6082057,1.7506557,2.4914559,4.339901,4.8175116,True,,,True,False,,True,True,True,True,True,True,True,True,False,False
20,f0020,True,True,True,Pallet_2,context-rich,low,640,480,605.9065,605.9065,320,240,1.1368684e-13,4.7327502,4.7327502,record,10,45.783,0.32004935,4.4424543,18571,192,158,158,204.83159,159.26106,159.26106,259.4611,124.27518,159.26106,124.27518,202.0109,19792.197,16.548056,9741.2623,6,6,7,6,True,True,7,1.2892579e-05,2.4278591e-05,2.4940793e-05,1.3336371e-05,1.2864872e-05,0,0,0.285,3.0660297,8.5030626,10.706791,0.81404592,1.59686,1.8240902,0.94801205,1.269119,1.3297333,0,0,0.59,6.3840395,15.797608,17.946052,1.6427829,3.017204,3.2731232,1.9122947,2.5971164,2.7661786,0,0,0.68,10.17899,23.673863,27.859353,2.6098454,4.8995814,5.8952237,2.8124997,3.73474,4.0797344,True,,,True,False,,True,True,True,True,True,True,True,True,False,True
21,f0021,True,True,True,Pallet_1,context-rich,medium,560,560,524.12503,524.12503,280,280,5.6843419e-14,1.9313372,1.9313376,record,10,6.951,0.76686231,1.8447311,22525,336,111,111,429.44289,113.07298,113.07298,444.07961,302.35519,113.07298,113.07298,322.80669,34188.201,39.834132,21258.918,6,5,6,5,True,True,6,2.0332109e-05,5.0194966e-05,1.4743316e-05,4.0045534e-06,2.1168563e-05,0,0,0,0.65348698,1.4338485,1.6029447,0.33369413,0.54184102,0.62789102,0.90790394,1.2664946,1.3290577,0,0,0.005,1.1851085,2.4457049,2.9535778,0.57869669,1.1038578,1.2503613,1.7986378,2.5666355,2.7701774,0,0,0.025,1.9380991,3.9987663,4.5862705,0.93709187,1.6567662,1.836753,2.5757751,3.7964673,4.144534,True,,,True,False,,True,True,True,True,True,True,True,True,False,False
22,f0022,True,True,True,Pallet_3,context-rich,clean,640,480,619.30083,619.30083,320,240,1.1368684e-13,1.0684502,1.0684506,record,10,17.741,1.6950668,1.0171695,136247,576,426,426,1084.8428,613.04417,613.04417,1246.0766,430.03438,130.84444,130.84444,449.49954,56267.606,57.863231,38077.297,4,4,5,4,True,True,5,1.5387465e-05,2.8344239e-05,3.0191588e-05,1.7497153e-05,1.3952572e-05,0,0,0.01,0.38084298,0.72710272,0.85785652,0.28892295,0.48256286,0.55054106,0.85181132,1.2953794,1.5337187,0,0,0.005,0.78616509,1.4837383,1.7832037,0.55280814,0.94457611,1.0232164,1.6046039,2.4979021,2.91446,0,0,0,1.1717445,2.1315233,2.3984924,0.90936985,1.5094259,1.6603348,2.6362086,3.9446273,4.5961128,True,,,True,False,,True,True,True,True,True,True,True,True,False,False
23,f0023,True,True,True,Pallet_0,context-rich,low,720,480,605.9065,605.9065,360,240,1.1368684e-13,6.9620912,6.9620911,record,10,31.789,0.22414343,6.17731,6941,158,68,68,161.38327,104.54149,104.54149,192.2849,161.38327,61.744405,61.744405,172.79159,9964.5141,11.727,5055.225,6,6,7,6,True,True,7,9.8870682e-06,1.1910292e-05,3.5794552e-05,1.5367926e-05,1.0691855e-05,0,0.015,0.235,3.0334702,7.5702582,9.7927423,1.1781487,1.9389582,2.2379074,0.94313582,1.2906558,1.439687,0,0.005,0.67,6.8228765,15.420357,17.350151,2.2073898,3.9461836,4.8344826,1.8977173,2.6915951,2.9254529,0,0.01,0.755,8.395258,24.260732,28.110355,3.3819975,5.5147506,6.7091157,2.8253726,4.0317736,4.4083496,True,,,True,False,,True,True,True,True,True,True,True,True,False,True
24,f0024,True,True,True,Pallet_3,context-rich,low,640,480,473.19296,473.19296,320,240,5.6843419e-14,8.6162573,8.6162579,record,10,3.463,0.13355326,8.3056139,944,84,14,14,85.474085,14.42487,14.42487,86.682732,85.474085,14.42487,14.42487,86.682732,1232.9526,7.9093481,988.37558,8,8,9,8,True,True,9,8.2194941e-06,1.2839685e-05,0.00018079873,1.7329712e-05,5.3290062e-06,0,0,0.725,8.3936624,21.504604,26.115526,1.024637,1.7664662,1.9704817,1.0314851,1.3745577,1.4470635,0,0.01,0.805,14.83485,41.449854,47.569098,2.1053824,3.6853102,4.1629172,2.0866721,2.6912493,2.8762628,0,0.01,0.935,24.132137,67.140067,78.236129,3.5118274,6.7149478,7.506363,3.1664463,4.3355456,4.7272934,True,,,True,False,,True,True,True,True,True,False,False,False,True,True
25,f0025,True,True,True,Pallet_0,context-rich,medium,960,540,546.02423,546.02423,480,270,5.6843419e-14,7.8524053,7.8524052,record,10,2.659,0.10956602,7.566808,1451,103,16,16,105.18338,15.851759,15.851759,106.37115,105.18338,14.874059,14.874059,106.22985,1564.5038,10.772785,1361.2161,8,7,8,7,True,True,8,5.4350901e-06,1.0168428e-05,0.00010599642,1.7075473e-06,3.7535798e-06,0,0,0.49,4.9350871,10.507098,12.4369,0.9096692,1.4584035,1.7665811,0.98795825,1.308747,1.4383026,0,0,0.775,11.652778,25.77418,29.208195,1.849242,3.0447888,3.4408753,2.0098253,2.6340701,2.7782123,0,0,0.85,16.64869,39.466409,48.99792,2.7638873,4.4209123,4.9998392,3.0347598,4.0581815,4.4089677,True,,,True,False,,True,True,True,True,True,False,False,False,True,True
26,f0026,True,True,True,Pallet_2,context-rich,clean,960,540,489.04425,489.04425,480,270,2.8421709e-14,1.2177014,1.217701,record,10,16.145,0.72581948,1.1402952,133604,692,350,350,696.7867,362.64139,362.64139,785.50652,351.21755,311.44865,311.44865,469.41882,109386.23,87.7294,54772.581,7,4,5,4,True,True,5,6.0687244e-05,0.00014927489,6.4142311e-05,2.9028304e-05,6.3022584e-05,0,0,0,0.48338439,1.0416262,1.1661857,0.29206326,0.53375779,0.61735758,0.92364899,1.5754747,1.7619466,0,0,0,0.92629159,1.9524782,2.2842584,0.57266544,1.0189774,1.1404897,1.7801694,2.8760494,3.181779,0,0,0,1.4663746,3.1792514,3.6811264,0.89825584,1.5282603,1.7318811,2.7631965,4.5201134,5.1140384,True,,,True,False,,True,True,True,True,True,True,True,True,False,False
27,f0027,True,True,True,Pallet_1,context-rich,clean,640,480,613.33383,613.33383,320,240,5.6843419e-14,2.6382608,2.6382608,record,10,22.618,0.56867613,2.6382608,34550,359,174,174,363.95272,176.50316,176.50316,404.49345,363.95272,176.50316,176.50316,404.49345,64238.805,23.95843,37105.631,8,8,9,8,True,True,9,4.5191232e-06,7.3869253e-06,4.1362612e-06,2.4148365e-06,7.6654748e-06,0,0,0,0.50888625,1.1429177,1.27772,0.29496127,0.46730729,0.52682498,1.0621665,1.347596,1.443654,0,0,0,1.0271474,2.349884,2.8260909,0.5700597,0.95784641,1.0876005,2.1295749,2.7190074,2.9340541,0,0,0.025,1.5860434,3.694755,4.2692461,0.90735797,1.5507484,1.7973345,3.1518766,4.2560451,4.5760567,True,,,True,False,,True,True,True,True,True,True,True,True,False,False
28,f0028,True,True,True,Pallet_3,context-rich,low,720,480,605.9065,605.9065,360,240,5.6843419e-14,1.1580582,1.1580582,record,10,4.428,1.5229119,1.0934684,62433,391,217,217,1096.4966,217.02722,217.02722,1117.7681,305.38626,217.02722,217.02722,374.64862,66277.133,16.278297,40956.432,6,6,7,6,True,True,7,4.3847937e-06,9.9033955e-06,8.7363613e-07,0,8.2724291e-06,0,0,0,0.45862207,1.0571711,1.3274561,0.18983472,0.32557656,0.34999607,1.2101035,1.7173467,1.8685712,0,0,0,0.87820114,1.9169699,2.2588113,0.38181365,0.68597031,0.79278188,2.476127,3.4649777,3.8121012,0,0,0.005,1.3402523,2.6230206,3.1523263,0.56218357,1.0369814,1.2256624,3.5117154,5.1550597,5.6156764,True,,,True,False,,True,True,True,True,True,True,True,True,False,False
29,f0029,True,True,True,Pallet_1,context-rich,low,640,480,642.50385,642.50385,320,240,5.6843419e-14,9.2545357,9.2545357,record,10,18.068,0.19941329,8.5133996,2976,109,42,42,127.6245,42.681293,42.681293,134.57231,74.064194,42.681293,42.681293,85.482148,3161.1556,9.1890115,1788.424,6,6,7,6,True,True,7,4.572291e-06,8.0236102e-06,3.7584664e-05,6.5021464e-06,4.5705323e-06,0,0.01,0.745,10.039161,27.459747,35.217211,0.99980958,1.8080354,2.0950968,0.95942107,1.3013043,1.4120857,0,0.115,0.925,23.486541,56.611237,79.359918,2.2424375,4.8896758,46.626062,1.9291122,4.9031842,29.244431,0,0.245,0.935,41.33501,180.41366,626.66178,3.7304734,45.853284,46.702954,3.1191463,27.475552,28.792127,True,,,True,False,,True,True,True,True,True,True,True,True,False,True
30,f0030,True,True,True,Pallet_0,context-rich,clean,960,540,577.18184,577.18184,480,270,5.6843419e-14,1.9850498,1.9850498,record,10,53.232,0.48716773,1.890142,74927,459,232,232,467.68102,412.88995,412.88995,623.86188,467.68102,228.27903,228.27903,520.41988,106761.77,26.998763,49846.735,6,6,7,6,True,True,7,1.1469587e-05,1.9990277e-05,7.0666415e-06,4.5177455e-06,1.5622291e-05,0,0,0,0.65770478,1.2582017,1.3584067,0.75603594,1.4662919,1.5806985,1.0128044,1.4235328,1.5892725,0,0,0.005,1.2366575,2.7175187,3.2513344,1.413117,2.7115082,3.1902468,2.0558212,2.8800616,3.2291988,0,0,0.065,1.9160655,3.8303214,4.4230199,1.9930145,4.026389,4.6820443,3.150849,4.1521615,4.6307241,True,,,True,False,,True,True,True,True,True,True,True,True,False,False
31,f0031,True,True,True,Pallet_2,context-rich,low,640,480,605.9065,605.9065,320,240,5.6843419e-14,7.4803056,7.480306,record,10,55.696,0.2166543,7.0630972,7471,137,119,119,138.65875,120.12615,120.12615,183.45719,138.65875,120.12615,120.12615,183.45719,16656.542,8.2970228,8749.3752,8,8,8,8,True,True,8,5.2821174e-06,9.173396e-06,1.9299505e-05,1.0245284e-05,5.2347563e-06,0,0,0.38,4.0604164,10.398589,12.402127,1.3208704,1.9939619,2.4249945,1.0039367,1.3034067,1.4096623,0,0,0.785,9.422456,20.913974,24.434506,2.3906785,4.3601202,4.7156252,2.044124,2.6122899,2.7868126,0,0,0.86,13.686503,38.41049,43.426466,3.8900215,6.7697482,7.7845122,3.0151391,4.1657451,4.4307124,True,,,True,False,,True,True,True,True,True,True,True,True,False,True
32,f0032,True,True,True,Pallet_1,context-rich,clean,960,540,386.31545,386.31545,480,270,5.6843419e-14,7.1089993,7.1089993,record,10,5.071,0.07628833,6.6976395,800,72,17,17,73.236797,16.426049,16.426049,75.056269,73.236797,16.426049,16.426049,75.056269,1202.9912,7.2036002,966.25066,8,8,9,8,True,True,9,6.8075855e-06,1.1735021e-05,4.6447937e-05,8.1891091e-06,6.8180378e-06,0,0,0.615,6.5257387,16.995595,19.756818,0.97963046,1.5364169,1.6932673,1.0159783,1.3391751,1.4440113,0,0,0.825,12.114797,31.013377,38.546109,1.7996743,2.9778438,3.4424868,2.0818673,2.7501741,2.8554616,0,0,0.885,17.944016,50.444286,54.786399,3.1312113,5.0626752,5.725739,3.0692125,4.1621542,4.3815153,True,,,True,False,,True,True,True,True,True,True,False,False,False,True
33,f0033,True,True,True,Pallet_0,context-rich,low,720,480,605.9065,605.9065,360,240,1.1368684e-13,9.7374448,9.7374448,record,10,11.139,0.12727927,8.2681842,1405,87,20,20,91.641077,35.971985,35.971985,98.448315,75.753172,17.278088,17.278088,77.698619,1308.87,7.8231019,1043.3314,5,5,6,5,True,True,6,8.7402412e-06,1.3955525e-05,9.66663e-05,1.0316186e-05,8.7818162e-06,0,0.02,0.655,7.1735768,23.46029,27.589515,1.1754667,1.9145127,2.2148327,0.86660635,1.3000593,1.4523561,0,0.07,0.875,22.561996,70.357019,86.469963,2.3225055,4.4132527,58.865891,1.7754761,2.9029013,29.145976,0,0.135,0.935,40.01629,84.3432,117.80748,3.6855497,10.228655,62.162404,2.6880956,5.5521506,30.184899,True,,,True,False,,True,True,True,True,True,True,False,False,False,True
34,f0034,True,True,True,Pallet_0,context-rich,clean,640,480,593.74886,593.74886,320,240,5.6843419e-14,2.2807806,2.2807806,record,10,9.274,0.55871857,2.1728595,32203,352,123,123,357.57989,126.29649,126.29649,379.2284,357.4299,126.29649,126.29649,379.08698,45142.141,18.093779,25127.241,8,7,8,7,True,True,8,6.5496367e-06,1.194115e-05,3.6070215e-06,2.0913098e-06,5.0645153e-06,0,0,0,0.5587857,1.3653195,1.5448274,0.22879195,0.38285171,0.43211749,1.0516198,1.4167959,1.4915062,0,0,0,1.1593163,2.3361811,2.7477593,0.46236795,0.75934769,0.8557984,2.2061652,2.9279267,3.1063089,0,0,0.03,1.4808181,3.5862438,4.6769032,0.66941687,1.1842238,1.3338616,3.1336876,4.2629238,4.5418488,True,,,True,False,,True,True,True,True,True,True,True,True,False,False
35,f0035,True,True,True,Pallet_2,controlled-occlusion,medium,960,540,692.1887,692.1887,480,270,1.1368684e-13,2.1995518,2.1995518,record,10,32.254,0.54303342,2.0768735,102558,491,328,328,521.31208,333.91018,333.91018,619.08182,388.30003,333.91018,333.91018,512.12588,129657.33,43.021856,56623.728,7,5,6,5,True,True,6,1.8676499e-05,3.4087256e-05,2.37284e-05,2.4148365e-06,1.8676499e-05,0,0,0,0.66315083,1.5085452,1.802409,0.38370168,0.69999026,0.82226342,0.95004306,1.3866894,1.4863028,0,0,0,1.3889401,3.4455581,3.8258848,0.75826805,1.5535776,1.790415,1.8520343,2.7249433,2.8416157,0,0,0.11,2.0929607,5.4591297,6.0867355,1.2708726,2.2680772,2.5869628,2.7293295,3.9417139,4.2249885,True,,,True,False,,True,True,True,True,True,True,True,True,False,False
36,f0036,True,True,True,Pallet_3,controlled-occlusion,clean,640,480,432.46403,432.46403,320,240,1.1368684e-13,1.4090867,1.4090869,record,10,49.042,0.77408951,1.3924591,95215,466,294,294,495.41728,296.05541,296.05541,577.13698,342.03996,296.05541,296.05541,452.37168,101262.78,27.214319,48120.024,7,6,7,6,True,True,7,1.3499821e-05,5.6680766e-05,3.1659933e-06,5.1226419e-06,0.00017323264,0,0,0,0.77102137,1.7447205,2.006742,0.62469429,1.345587,1.5623976,1.1919573,1.9041319,2.1115379,0,0,0.005,1.2562608,3.1872558,3.7835345,1.1699377,2.5437568,2.8449253,2.3128555,3.3878344,3.9577281,0,0,0.08,2.1809365,4.6305425,5.7088135,2.0091305,4.0311617,5.2908243,3.3749241,4.9862586,5.6708183,True,,,True,False,,True,True,True,True,True,True,True,True,False,False
37,f0037,True,True,True,Pallet_3,controlled-occlusion,low,560,560,364.33645,364.33645,280,280,5.6843419e-14,4.9247324,4.924732,record,10,30.995,0.19072145,4.7399667,4357,106,50,50,106.80401,49.635521,49.635521,117.77428,51.204144,46.263836,46.263836,69.008745,2368.9001,9.8100301,1160.8056,8,4,5,4,True,True,5,1.4204765e-05,1.9444854e-05,4.8146678e-05,4.0407944e-05,1.423147e-05,0,0.355,0.85,21.855608,320.61421,348.65682,3.4205891,75.340017,90.835777,1.2553109,10.059391,11.029231,0,0.29,0.92,29.90822,289.79741,319.02817,5.3091083,52.692674,76.005682,2.1830807,10.195532,11.681703,0,0.295,0.97,43.224292,266.66872,323.57264,10.354019,59.625871,82.015408,4.008549,11.195116,12.883583,True,,,True,False,,True,True,True,True,True,True,True,True,False,True
38,f0038,True,True,True,Pallet_3,controlled-occlusion,clean,640,480,605.9065,605.9065,320,240,1.1368684e-13,2.0548089,2.0548089,record,10,8.476,0.72064276,1.9402035,31244,344,135,135,461.21137,136.48007,136.48007,480.98101,23.891884,136.48007,23.891884,138.55551,3260.766,11.488517,1372.1902,6,4,5,4,True,True,5,34.927042,94.113759,4.1834786e+11,146.41147,34.866653,0,0.65,0.925,4718.9442,7.9823293e+12,7.5027379e+32,4.4616426,147.01876,150.6671,34.50605,36.286301,38.444192,0,0.6,0.94,2370.4039,1.3849608e+15,9.2014269e+28,5.9931883,146.69524,150.05299,33.717276,36.481912,37.901129,0,0.605,0.96,852.48952,3.7568054e+11,1.3644652e+16,9.1627774,148.68242,154.71208,31.780136,37.024963,38.072033,True,,,True,False,,True,True,True,True,True,True,False,False,False,True
39,f0039,True,True,True,Pallet_0,controlled-occlusion,clean,720,480,605.9065,605.9065,360,240,1.1368684e-13,9.65936,9.65936,record,10,68.017,0.12532785,9.0978585,4876,90,85,85,90.236051,86.450634,86.450634,124.96502,90.236051,64.938392,64.938392,111.17347,5859.7841,3.2408847,2761.719,8,6,6,6,True,True,6,1.1157044e-05,1.5740945e-05,0.00015373019,1.3976877e-05,1.0441985e-05,0,0.12,0.875,14.054969,41.763295,49.070974,4.7912952,46.188068,51.822624,1.0991715,10.176658,12.37536,0,0.14,0.98,23.080152,59.351783,67.275088,12.350805,46.974758,52.712516,2.5019231,12.42634,14.303586,0,0.225,1,38.257328,88.887104,111.13966,23.368831,51.534778,58.842298,3.6694115,11.247751,13.974492,True,,,True,False,,True,True,True,True,True,True,True,True,False,True
40,f0040,True,True,True,Pallet_1,controlled-occlusion,clean,640,480,536.74352,536.74352,320,240,2.8421709e-14,2.9229182,2.9229182,record,10,44.823,0.37766625,2.7814613,33814,240,219,219,241.7064,240.00267,240.00267,340.62188,170.38848,95.296455,95.296455,195.22717,16237.418,17.243522,8280.2266,6,4,5,4,True,True,5,4.8841066e-06,1.247188e-05,7.6486126e-06,1.0173887e-05,4.9113841e-06,0,0,0.03,1.8841159,4.2363881,4.6031343,0.96395495,1.7166086,1.8971427,0.76698579,1.2032771,1.3883668,0,0,0.34,3.6123842,9.4776929,29.234065,2.0491555,4.25214,8.4358009,1.5491281,2.6103209,9.3874506,0,0,0.595,5.7559912,17.227332,28.157737,3.1494944,6.460912,32.991109,2.2996882,4.6848401,18.498135,True,,,True,False,,True,True,True,True,True,True,True,True,False,False
41,f0041,True,True,True,Pallet_0,controlled-occlusion,clean,640,480,346.53429,346.53429,320,240,5.6843419e-14,3.4362166,3.436217,record,10,31.602,0.23656137,3.2445643,9817,150,97,97,151.39928,99.805655,99.805655,181.33646,78.561454,59.826024,59.826024,98.747431,4700.0194,11.908675,2241.8206,8,4,5,4,True,True,5,8.8513478e-06,2.080893e-05,0.00010035826,1.5080649e-05,8.2721464e-06,0,0.055,0.475,4.6097402,67.06986,100.83094,1.6204439,8.3453137,18.335093,0.86912973,5.918072,9.5149966,0,0.095,0.79,12.004742,79.916515,116.37562,3.8533344,19.382737,20.455559,1.9663677,14.330235,15.27385,0,0.135,0.895,17.328877,112.73987,182.35437,5.4338858,20.332477,25.301424,3.0651422,14.139694,15.419076,True,,,True,False,,True,True,True,True,True,True,True,True,False,True
42,f0042,True,True,True,Pallet_3,controlled-occlusion,low,960,540,568.55574,568.55574,480,270,5.6843419e-14,4.972771,4.972771,record,10,18.312,0.17127328,4.8295589,7012,163,56,56,164.42235,56.981051,56.981051,174.01595,77.491702,50.960369,50.960369,92.746553,3949.0057,15.542478,1934.7603,8,4,5,4,True,True,5,1.3325649e-05,1.8676566e-05,6.9626497e-06,2.0022767e-05,1.3678773e-05,0,0.33,0.77,15.350007,537.03811,592.60169,1.9360533,35.489447,43.879612,1.3147986,19.2865,20.913153,0,0.34,0.915,29.233081,499.79538,570.18342,3.136657,32.419314,46.18726,2.3565376,19.533948,20.802244,0,0.32,0.955,32.555117,533.20518,682.21343,4.6538891,36.679475,47.566479,3.2304961,19.472159,21.072206,True,,,True,False,,True,True,True,True,True,True,True,True,False,True
43,f0043,True,True,True,Pallet_2,controlled-occlusion,clean,560,560,452.10014,452.10014,280,280,5.6843419e-14,8.9944199,8.9944199,record,10,26.339,0.149954,8.4305094,2132,83,47,47,83.974241,47.98652,47.98652,96.71804,45.753157,47.98652,45.753157,66.302772,2195.5348,8.3875517,1227.9308,8,6,7,6,True,True,7,4.7749268e-06,6.3066001e-06,6.9697303e-05,1.1830235e-05,4.8101866e-06,0,0.01,0.8,14.412537,35.089972,46.57936,1.6392694,3.461787,40.880119,0.98716749,1.4514596,15.973825,0,0.065,0.91,26.878846,76.053296,126.91915,3.4835781,41.487226,43.045164,2.0626638,16.013564,16.497045,0,0.235,0.99,44.839478,184.84967,398.04956,6.7908987,44.649128,46.123917,3.3610461,16.2561,17.720237,True,,,True,False,,True,True,True,True,True,True,True,True,False,True
44,f0044,True,True,True,Pallet_2,controlled-occlusion,low,640,480,605.9065,605.9065,320,240,5.6843419e-14,3.709087,3.709087,record,10,7.909,0.42248955,3.5022156,11889,242,72,72,270.39331,73.352136,73.352136,280.16616,134.2851,44.17921,44.17921,141.3658,5932.6095,25.950187,3604.4985,6,4,5,4,True,True,5,3.8218189e-06,5.9102484e-06,1.7596154e-05,2.4148365e-06,4.1107207e-06,0,0,0.19,2.9028301,6.0636433,8.247863,0.7309064,1.4129808,1.5493913,0.84675065,1.3060309,1.495876,0,0,0.515,5.1241681,14.573727,18.042817,1.4748033,2.5975168,3.0357678,1.6317723,2.505763,3.0559627,0,0.01,0.77,9.6394099,25.064843,40.130967,2.3257206,4.2224169,4.8785757,2.3948923,4.6636332,7.1117388,True,,,True,False,,True,True,True,True,True,True,True,True,False,True
45,f0045,True,True,True,Pallet_1,controlled-occlusion,low,960,540,605.9065,605.9065,480,270,1.1368684e-13,3.8722679,3.8722678,record,10,32.46,0.27179758,3.6562952,21450,259,164,164,260.92567,167.09571,167.09571,309.8438,206.23149,146.36942,146.36942,252.89412,30185.984,16.970492,11459.769,8,5,6,5,True,True,6,1.6173708e-05,2.2705009e-05,1.2165572e-05,6.0370913e-06,1.6946929e-05,0,0,0.035,1.6266633,3.8777903,4.3751553,0.63315511,1.0752948,1.2010911,0.94138906,1.3564419,1.4414061,0,0,0.355,3.3475282,9.3099726,10.706704,1.3525455,2.2334955,2.6815134,1.9367828,2.7707969,3.0331314,0,0.005,0.56,6.0392212,13.867544,18.047785,2.094396,3.7635285,4.2767805,2.7894437,4.00416,4.3815201,True,,,True,False,,True,True,True,True,True,True,True,True,False,False
46,f0046,True,True,True,Pallet_3,controlled-occlusion,low,640,480,624.48577,624.48577,320,240,1.1368684e-13,2.0190062,2.0190062,record,10,23.731,0.78220972,1.9670768,66092,495,163,163,500.61422,163.30857,163.30857,526.5779,251.85376,158.82479,158.82479,297.75095,40000.621,41.061437,18726.57,8,4,5,4,True,True,5,3.1678814e-06,5.457444e-06,5.6113272e-07,1.7075473e-06,3.4863233e-06,0,0,0,0.84416368,1.9219819,2.2959474,0.43330994,0.73383128,0.81576162,0.78772072,1.1715009,1.2659349,0,0.01,0.03,1.6410035,3.4451126,4.1113184,0.85311448,1.5725606,1.8075228,1.6052146,2.4803982,2.7820388,0,0.01,0.175,2.4269614,5.9157759,7.4953349,1.4166793,2.3271294,2.8026889,2.2681583,3.8843755,4.2132862,True,,,True,False,,True,True,True,True,True,True,True,True,False,False
47,f0047,True,True,True,Pallet_3,controlled-occlusion,clean,720,480,389.99099,389.99099,360,240,5.6843419e-14,8.2517864,8.2517864,record,10,6.148,0.11145101,7.7915495,881,79,16,16,80.24473,16.194781,16.194781,81.862615,40.890262,11.89968,11.89968,42.58657,486.58104,7.7210096,283.49576,8,4,5,4,True,True,5,6.0402878e-06,1.1487066e-05,0.00023695341,1.6730478e-05,6.0665779e-06,0,0.29,0.875,28.337812,847.00035,929.78633,2.782269,29.836838,39.048874,0.93733771,8.0059641,10.032061,0,0.38,0.985,67.608879,719.40086,922.03129,6.5418569,34.387466,40.890551,1.967479,7.9796822,12.695762,0,0.535,1,109.01735,671.68055,807.19202,7.8105906,31.820897,38.565832,2.8115865,8.0877671,11.497967,True,,,True,False,,True,True,True,True,True,False,False,False,True,True
48,f0048,True,True,True,Pallet_0,controlled-occlusion,clean,640,480,605.9065,605.9065,320,240,2.2737368e-13,1.4386213,1.4386211,record,10,12.136,1.0278137,1.4386213,104310,623,260,260,657.80077,269.47154,269.47154,710.85636,355.03515,240.75539,240.75539,428.9675,85476.625,28.309192,46618.431,6,5,6,5,True,True,6,2.690964e-05,5.5536856e-05,8.0647221e-06,2.4148365e-06,2.6957152e-05,0,0,0,0.45033282,1.0173236,1.2475512,0.22954996,0.40059019,0.46151238,0.92680352,1.4572727,1.6065369,0,0,0,0.96288077,2.1451441,2.5052577,0.51786128,0.87060529,1.025289,1.8896397,2.7015996,3.0468902,0,0,0.02,1.3978424,3.6172409,4.1560161,0.75097629,1.3810875,1.5341175,2.8925179,4.1720149,4.7289518,True,,,True,False,,True,True,True,True,True,True,True,True,False,False
49,f0049,True,True,True,Pallet_2,controlled-occlusion,clean,640,480,679.67167,679.67167,320,240,2.8421709e-14,2.512459,2.512459,record,10,4.602,0.72943427,2.3765607,23497,338,98,98,466.83793,99.014021,99.014021,477.22262,44.437764,99.014021,44.437764,108.52876,4399.9617,16.393509,2520.3519,6,4,5,4,True,True,5,30.613061,68.058108,24835606,159.98519,30.306822,0,0.575,0.945,503.8231,6.6084405e+15,2.2205571e+26,4.8091219,160.28769,161.00758,27.273259,31.432327,32.261749,0,0.565,0.97,231.6741,1.0898616e+14,1.1876795e+31,8.0784606,160.88102,162.97681,24.693401,32.252313,33.211111,0,0.585,0.98,169.71999,2.4430145e+13,6.0953406e+27,10.442296,159.11419,164.71383,22.149618,32.851199,40.303759,True,,,True,False,,True,True,True,True,True,True,True,True,False,True
