relative_path,classification,reason,depth,child_dirs,files,in_registry,prior_ledger,was_move_source,destination
data/pallet/archive/corrupt,EMPTY_POLICY_CONTAINER,최종 semantic container,2,0,0,False,,False,
data/pallet/archive/legacy_assets,EMPTY_POLICY_CONTAINER,최종 semantic container,2,0,0,False,,False,
data/pallet/archive/legacy_datasets/noai_baked/training_data/_test_outdoor3,EMPTY_PAYLOAD_SUBDIR,최종 구조 안의 빈 하위폴더 — 해당 항목/뼈대의 일부,5,0,0,False,,False,
data/pallet/archive/legacy_datasets/noai_baked/training_data/_test_outdoor9,EMPTY_PAYLOAD_SUBDIR,최종 구조 안의 빈 하위폴더 — 해당 항목/뼈대의 일부,5,0,0,False,,False,
data/pallet/archive/legacy_datasets/test_blender_v1/overlay,EMPTY_PAYLOAD_SUBDIR,최종 구조 안의 빈 하위폴더 — 해당 항목/뼈대의 일부,4,0,0,False,,False,
data/pallet/archive/legacy_datasets/test_blender_v2/overlay,EMPTY_PAYLOAD_SUBDIR,최종 구조 안의 빈 하위폴더 — 해당 항목/뼈대의 일부,4,0,0,False,,False,
data/pallet/archive/legacy_datasets/test_blender_v3/overlay,EMPTY_PAYLOAD_SUBDIR,최종 구조 안의 빈 하위폴더 — 해당 항목/뼈대의 일부,4,0,0,False,,False,
data/pallet/archive/legacy_datasets/test_blender_v35,EMPTY_PAYLOAD_SUBDIR,최종 구조 안의 빈 하위폴더 — 해당 항목/뼈대의 일부,3,1,0,False,,False,
data/pallet/archive/legacy_datasets/test_blender_v35/overlay,EMPTY_PAYLOAD_SUBDIR,최종 구조 안의 빈 하위폴더 — 해당 항목/뼈대의 일부,4,0,0,False,,False,
data/pallet/archive/legacy_datasets/test_blender_v49,EMPTY_PAYLOAD_SUBDIR,최종 구조 안의 빈 하위폴더 — 해당 항목/뼈대의 일부,3,1,0,False,,False,
data/pallet/archive/legacy_datasets/test_blender_v49/overlay,EMPTY_PAYLOAD_SUBDIR,최종 구조 안의 빈 하위폴더 — 해당 항목/뼈대의 일부,4,0,0,False,,False,
data/pallet/archive/nonredistributable,EMPTY_POLICY_CONTAINER,최종 semantic container,2,0,0,False,,False,
data/pallet/archive/superseded_runs/_efront_12kp_check/_smoke_4pallet/overlay,EMPTY_PAYLOAD_SUBDIR,최종 구조 안의 빈 하위폴더 — 해당 항목/뼈대의 일부,5,0,0,False,,False,
data/pallet/archive/superseded_runs/_efront_12kp_check/_smoke_v4/train/overlay,EMPTY_PAYLOAD_SUBDIR,최종 구조 안의 빈 하위폴더 — 해당 항목/뼈대의 일부,6,0,0,False,,False,
data/pallet/archive/superseded_runs/_floor_emit/overlay,EMPTY_PAYLOAD_SUBDIR,최종 구조 안의 빈 하위폴더 — 해당 항목/뼈대의 일부,4,0,0,False,,False,
data/pallet/archive/superseded_runs/_v2_pilot_2k/mask/unocc,EMPTY_PAYLOAD_SUBDIR,최종 구조 안의 빈 하위폴더 — 해당 항목/뼈대의 일부,5,0,0,False,,False,
data/pallet/archive/superseded_runs/_v2_publicmask_overlay_smoke8/eda/failure_examples,EMPTY_PAYLOAD_SUBDIR,최종 구조 안의 빈 하위폴더 — 해당 항목/뼈대의 일부,5,0,0,False,,False,
data/pallet/archive/superseded_runs/_v2_publicmask_overlay_smoke8/logs,EMPTY_PAYLOAD_SUBDIR,최종 구조 안의 빈 하위폴더 — 해당 항목/뼈대의 일부,4,0,0,False,,False,
data/pallet/archive/superseded_runs/_v2_scene_logic_500_seed7500/logs,EMPTY_PAYLOAD_SUBDIR,최종 구조 안의 빈 하위폴더 — 해당 항목/뼈대의 일부,4,0,0,False,,False,
data/pallet/archive/superseded_runs/_v2_smoke50_9d/eda/failure_examples,EMPTY_PAYLOAD_SUBDIR,최종 구조 안의 빈 하위폴더 — 해당 항목/뼈대의 일부,5,0,0,False,,False,
data/pallet/archive/superseded_runs/_v2_smoke50_9d/logs,EMPTY_PAYLOAD_SUBDIR,최종 구조 안의 빈 하위폴더 — 해당 항목/뼈대의 일부,4,0,0,False,,False,
data/pallet/archive/unidentified,EMPTY_POLICY_CONTAINER,최종 semantic container,2,0,0,False,,False,
data/pallet/assets/distractors/manifest,EMPTY_PAYLOAD_SUBDIR,최종 구조 안의 빈 하위폴더 — 해당 항목/뼈대의 일부,3,0,0,False,,False,
data/pallet/assets/distractors/metadata,EMPTY_PAYLOAD_SUBDIR,최종 구조 안의 빈 하위폴더 — 해당 항목/뼈대의 일부,3,0,0,False,,False,
data/pallet/assets/distractors/models,EMPTY_PAYLOAD_SUBDIR,최종 구조 안의 빈 하위폴더 — 해당 항목/뼈대의 일부,3,0,0,False,,False,
data/pallet/assets/licenses,EMPTY_PAYLOAD_SUBDIR,최종 구조 안의 빈 하위폴더 — 해당 항목/뼈대의 일부,2,0,0,False,,False,
data/pallet/assets/pallets/metadata,EMPTY_PAYLOAD_SUBDIR,최종 구조 안의 빈 하위폴더 — 해당 항목/뼈대의 일부,3,0,0,False,,False,
data/pallet/assets/scenes/experimental,EMPTY_PAYLOAD_SUBDIR,최종 구조 안의 빈 하위폴더 — 해당 항목/뼈대의 일부,3,0,0,False,,False,
data/pallet/reference/camera_calibration,EMPTY_PAYLOAD_SUBDIR,최종 구조 안의 빈 하위폴더 — 해당 항목/뼈대의 일부,2,0,0,False,,False,
data/pallet/reference/expected_outputs,EMPTY_PAYLOAD_SUBDIR,최종 구조 안의 빈 하위폴더 — 해당 항목/뼈대의 일부,2,0,0,False,,False,
data/pallet/release/attribution,EMPTY_PAYLOAD_SUBDIR,최종 구조 안의 빈 하위폴더 — 해당 항목/뼈대의 일부,2,0,0,False,,False,
data/pallet/release/datasets,EMPTY_PAYLOAD_SUBDIR,최종 구조 안의 빈 하위폴더 — 해당 항목/뼈대의 일부,2,0,0,False,,False,
data/pallet/release/packaging,EMPTY_PAYLOAD_SUBDIR,최종 구조 안의 빈 하위폴더 — 해당 항목/뼈대의 일부,2,0,0,False,,False,
data/pallet/runs/diagnostics/_v2_exactclearance_idx12_seed7500/labels,EMPTY_PAYLOAD_SUBDIR,최종 구조 안의 빈 하위폴더 — 해당 항목/뼈대의 일부,4,0,0,False,,False,
data/pallet/runs/diagnostics/_v2_exactclearance_idx12_seed7500/logs,EMPTY_PAYLOAD_SUBDIR,최종 구조 안의 빈 하위폴더 — 해당 항목/뼈대의 일부,4,0,0,False,,False,
data/pallet/runs/diagnostics/_v2_exactclearance_idx12_seed7500/mask,EMPTY_PAYLOAD_SUBDIR,최종 구조 안의 빈 하위폴더 — 해당 항목/뼈대의 일부,4,0,0,False,,False,
data/pallet/runs/diagnostics/_v2_exactclearance_idx12_seed7500/rgb,EMPTY_PAYLOAD_SUBDIR,최종 구조 안의 빈 하위폴더 — 해당 항목/뼈대의 일부,4,0,0,False,,False,
data/pallet/runs/diagnostics/_v2_exactclearance_idx12_seed7500_r2/logs,EMPTY_PAYLOAD_SUBDIR,최종 구조 안의 빈 하위폴더 — 해당 항목/뼈대의 일부,4,0,0,False,,False,
data/pallet/runs/diagnostics/_v2_ph7_regress_base/logs,EMPTY_PAYLOAD_SUBDIR,최종 구조 안의 빈 하위폴더 — 해당 항목/뼈대의 일부,4,0,0,False,,False,
data/pallet/runs/diagnostics/_v2_ph7_regress_final/logs,EMPTY_PAYLOAD_SUBDIR,최종 구조 안의 빈 하위폴더 — 해당 항목/뼈대의 일부,4,0,0,False,,False,
data/pallet/runs/diagnostics/_v2_ph7_regress_new/logs,EMPTY_PAYLOAD_SUBDIR,최종 구조 안의 빈 하위폴더 — 해당 항목/뼈대의 일부,4,0,0,False,,False,
data/pallet/runs/diagnostics/_v2_ph7_usable10/logs,EMPTY_PAYLOAD_SUBDIR,최종 구조 안의 빈 하위폴더 — 해당 항목/뼈대의 일부,4,0,0,False,,False,
data/pallet/runs/diagnostics/_v2_ph7_usable_resume12/logs,EMPTY_PAYLOAD_SUBDIR,최종 구조 안의 빈 하위폴더 — 해당 항목/뼈대의 일부,4,0,0,False,,False,
data/pallet/runs/diagnostics/_v2_statefix_fresh_idx2_seed7500/logs,EMPTY_PAYLOAD_SUBDIR,최종 구조 안의 빈 하위폴더 — 해당 항목/뼈대의 일부,4,0,0,False,,False,
data/pallet/runs/diagnostics/_v2_statefix_sequence0_6_seed7500/logs,EMPTY_PAYLOAD_SUBDIR,최종 구조 안의 빈 하위폴더 — 해당 항목/뼈대의 일부,4,0,0,False,,False,
data/pallet/runs/diagnostics/_v2_supportclearance_idx12_seed7500/labels,EMPTY_PAYLOAD_SUBDIR,최종 구조 안의 빈 하위폴더 — 해당 항목/뼈대의 일부,4,0,0,False,,False,
data/pallet/runs/diagnostics/_v2_supportclearance_idx12_seed7500/logs,EMPTY_PAYLOAD_SUBDIR,최종 구조 안의 빈 하위폴더 — 해당 항목/뼈대의 일부,4,0,0,False,,False,
data/pallet/runs/diagnostics/_v2_supportclearance_idx12_seed7500/mask,EMPTY_PAYLOAD_SUBDIR,최종 구조 안의 빈 하위폴더 — 해당 항목/뼈대의 일부,4,0,0,False,,False,
data/pallet/runs/diagnostics/_v2_supportclearance_idx12_seed7500/rgb,EMPTY_PAYLOAD_SUBDIR,최종 구조 안의 빈 하위폴더 — 해당 항목/뼈대의 일부,4,0,0,False,,False,
data/pallet/runs/diagnostics/_v2_supportsnap_idx12_seed7500/labels,EMPTY_PAYLOAD_SUBDIR,최종 구조 안의 빈 하위폴더 — 해당 항목/뼈대의 일부,4,0,0,False,,False,
data/pallet/runs/diagnostics/_v2_supportsnap_idx12_seed7500/logs,EMPTY_PAYLOAD_SUBDIR,최종 구조 안의 빈 하위폴더 — 해당 항목/뼈대의 일부,4,0,0,False,,False,
data/pallet/runs/diagnostics/_v2_supportsnap_idx12_seed7500/mask,EMPTY_PAYLOAD_SUBDIR,최종 구조 안의 빈 하위폴더 — 해당 항목/뼈대의 일부,4,0,0,False,,False,
data/pallet/runs/diagnostics/_v2_supportsnap_idx12_seed7500/rgb,EMPTY_PAYLOAD_SUBDIR,최종 구조 안의 빈 하위폴더 — 해당 항목/뼈대의 일부,4,0,0,False,,False,
data/pallet/runs/diagnostics/v2_scene_logic_probes/_v2_scene_logic_probe1_seed7500/logs,EMPTY_PAYLOAD_SUBDIR,최종 구조 안의 빈 하위폴더 — 해당 항목/뼈대의 일부,5,0,0,False,,False,
data/pallet/runs/diagnostics/v2_scene_logic_probes/_v2_scene_logic_probe1b_seed7500/logs,EMPTY_PAYLOAD_SUBDIR,최종 구조 안의 빈 하위폴더 — 해당 항목/뼈대의 일부,5,0,0,False,,False,
data/pallet/runs/diagnostics/v2_scene_logic_probes/_v2_scene_logic_probe_modes2_repeat_seed7500/logs,EMPTY_PAYLOAD_SUBDIR,최종 구조 안의 빈 하위폴더 — 해당 항목/뼈대의 일부,5,0,0,False,,False,
data/pallet/runs/diagnostics/v2_scene_logic_probes/_v2_scene_logic_probe_modes2_seed7500/logs,EMPTY_PAYLOAD_SUBDIR,최종 구조 안의 빈 하위폴더 — 해당 항목/뼈대의 일부,5,0,0,False,,False,
data/pallet/runs/diagnostics/v2_scene_logic_probes/_v2_scene_logic_probe_modes_seed7500/logs,EMPTY_PAYLOAD_SUBDIR,최종 구조 안의 빈 하위폴더 — 해당 항목/뼈대의 일부,5,0,0,False,,False,
data/pallet/runs/diagnostics/v2_scene_logic_probes/_v2_scene_logic_probe_seed7500_f16_r1/labels,EMPTY_PAYLOAD_SUBDIR,최종 구조 안의 빈 하위폴더 — 해당 항목/뼈대의 일부,5,0,0,False,,False,
data/pallet/runs/diagnostics/v2_scene_logic_probes/_v2_scene_logic_probe_seed7500_f16_r1/logs,EMPTY_PAYLOAD_SUBDIR,최종 구조 안의 빈 하위폴더 — 해당 항목/뼈대의 일부,5,0,0,False,,False,
data/pallet/runs/diagnostics/v2_scene_logic_probes/_v2_scene_logic_probe_seed7500_f16_r1/mask,EMPTY_PAYLOAD_SUBDIR,최종 구조 안의 빈 하위폴더 — 해당 항목/뼈대의 일부,5,0,0,False,,False,
data/pallet/runs/diagnostics/v2_scene_logic_probes/_v2_scene_logic_probe_seed7500_f16_r1/rgb,EMPTY_PAYLOAD_SUBDIR,최종 구조 안의 빈 하위폴더 — 해당 항목/뼈대의 일부,5,0,0,False,,False,
data/pallet/runs/diagnostics/v2_scene_logic_probes/_v2_scene_logic_probe_seed7500_f16_r10/labels,EMPTY_PAYLOAD_SUBDIR,최종 구조 안의 빈 하위폴더 — 해당 항목/뼈대의 일부,5,0,0,False,,False,
data/pallet/runs/diagnostics/v2_scene_logic_probes/_v2_scene_logic_probe_seed7500_f16_r10/logs,EMPTY_PAYLOAD_SUBDIR,최종 구조 안의 빈 하위폴더 — 해당 항목/뼈대의 일부,5,0,0,False,,False,
data/pallet/runs/diagnostics/v2_scene_logic_probes/_v2_scene_logic_probe_seed7500_f16_r10/mask,EMPTY_PAYLOAD_SUBDIR,최종 구조 안의 빈 하위폴더 — 해당 항목/뼈대의 일부,5,0,0,False,,False,
data/pallet/runs/diagnostics/v2_scene_logic_probes/_v2_scene_logic_probe_seed7500_f16_r10/rgb,EMPTY_PAYLOAD_SUBDIR,최종 구조 안의 빈 하위폴더 — 해당 항목/뼈대의 일부,5,0,0,False,,False,
data/pallet/runs/diagnostics/v2_scene_logic_probes/_v2_scene_logic_probe_seed7500_f16_r11/labels,EMPTY_PAYLOAD_SUBDIR,최종 구조 안의 빈 하위폴더 — 해당 항목/뼈대의 일부,5,0,0,False,,False,
data/pallet/runs/diagnostics/v2_scene_logic_probes/_v2_scene_logic_probe_seed7500_f16_r11/logs,EMPTY_PAYLOAD_SUBDIR,최종 구조 안의 빈 하위폴더 — 해당 항목/뼈대의 일부,5,0,0,False,,False,
data/pallet/runs/diagnostics/v2_scene_logic_probes/_v2_scene_logic_probe_seed7500_f16_r11/mask,EMPTY_PAYLOAD_SUBDIR,최종 구조 안의 빈 하위폴더 — 해당 항목/뼈대의 일부,5,0,0,False,,False,
data/pallet/runs/diagnostics/v2_scene_logic_probes/_v2_scene_logic_probe_seed7500_f16_r11/rgb,EMPTY_PAYLOAD_SUBDIR,최종 구조 안의 빈 하위폴더 — 해당 항목/뼈대의 일부,5,0,0,False,,False,
data/pallet/runs/diagnostics/v2_scene_logic_probes/_v2_scene_logic_probe_seed7500_f16_r13/labels,EMPTY_PAYLOAD_SUBDIR,최종 구조 안의 빈 하위폴더 — 해당 항목/뼈대의 일부,5,0,0,False,,False,
data/pallet/runs/diagnostics/v2_scene_logic_probes/_v2_scene_logic_probe_seed7500_f16_r13/logs,EMPTY_PAYLOAD_SUBDIR,최종 구조 안의 빈 하위폴더 — 해당 항목/뼈대의 일부,5,0,0,False,,False,
data/pallet/runs/diagnostics/v2_scene_logic_probes/_v2_scene_logic_probe_seed7500_f16_r13/mask,EMPTY_PAYLOAD_SUBDIR,최종 구조 안의 빈 하위폴더 — 해당 항목/뼈대의 일부,5,0,0,False,,False,
data/pallet/runs/diagnostics/v2_scene_logic_probes/_v2_scene_logic_probe_seed7500_f16_r13/rgb,EMPTY_PAYLOAD_SUBDIR,최종 구조 안의 빈 하위폴더 — 해당 항목/뼈대의 일부,5,0,0,False,,False,
data/pallet/runs/diagnostics/v2_scene_logic_probes/_v2_scene_logic_probe_seed7500_f16_r14/labels,EMPTY_PAYLOAD_SUBDIR,최종 구조 안의 빈 하위폴더 — 해당 항목/뼈대의 일부,5,0,0,False,,False,
data/pallet/runs/diagnostics/v2_scene_logic_probes/_v2_scene_logic_probe_seed7500_f16_r14/logs,EMPTY_PAYLOAD_SUBDIR,최종 구조 안의 빈 하위폴더 — 해당 항목/뼈대의 일부,5,0,0,False,,False,
data/pallet/runs/diagnostics/v2_scene_logic_probes/_v2_scene_logic_probe_seed7500_f16_r14/mask,EMPTY_PAYLOAD_SUBDIR,최종 구조 안의 빈 하위폴더 — 해당 항목/뼈대의 일부,5,0,0,False,,False,
data/pallet/runs/diagnostics/v2_scene_logic_probes/_v2_scene_logic_probe_seed7500_f16_r14/rgb,EMPTY_PAYLOAD_SUBDIR,최종 구조 안의 빈 하위폴더 — 해당 항목/뼈대의 일부,5,0,0,False,,False,
data/pallet/runs/diagnostics/v2_scene_logic_probes/_v2_scene_logic_probe_seed7500_f16_r15/labels,EMPTY_PAYLOAD_SUBDIR,최종 구조 안의 빈 하위폴더 — 해당 항목/뼈대의 일부,5,0,0,False,,False,
data/pallet/runs/diagnostics/v2_scene_logic_probes/_v2_scene_logic_probe_seed7500_f16_r15/logs,EMPTY_PAYLOAD_SUBDIR,최종 구조 안의 빈 하위폴더 — 해당 항목/뼈대의 일부,5,0,0,False,,False,
data/pallet/runs/diagnostics/v2_scene_logic_probes/_v2_scene_logic_probe_seed7500_f16_r15/mask,EMPTY_PAYLOAD_SUBDIR,최종 구조 안의 빈 하위폴더 — 해당 항목/뼈대의 일부,5,0,0,False,,False,
data/pallet/runs/diagnostics/v2_scene_logic_probes/_v2_scene_logic_probe_seed7500_f16_r15/rgb,EMPTY_PAYLOAD_SUBDIR,최종 구조 안의 빈 하위폴더 — 해당 항목/뼈대의 일부,5,0,0,False,,False,
data/pallet/runs/diagnostics/v2_scene_logic_probes/_v2_scene_logic_probe_seed7500_f16_r16/labels,EMPTY_PAYLOAD_SUBDIR,최종 구조 안의 빈 하위폴더 — 해당 항목/뼈대의 일부,5,0,0,False,,False,
data/pallet/runs/diagnostics/v2_scene_logic_probes/_v2_scene_logic_probe_seed7500_f16_r16/logs,EMPTY_PAYLOAD_SUBDIR,최종 구조 안의 빈 하위폴더 — 해당 항목/뼈대의 일부,5,0,0,False,,False,
data/pallet/runs/diagnostics/v2_scene_logic_probes/_v2_scene_logic_probe_seed7500_f16_r16/mask,EMPTY_PAYLOAD_SUBDIR,최종 구조 안의 빈 하위폴더 — 해당 항목/뼈대의 일부,5,0,0,False,,False,
data/pallet/runs/diagnostics/v2_scene_logic_probes/_v2_scene_logic_probe_seed7500_f16_r16/rgb,EMPTY_PAYLOAD_SUBDIR,최종 구조 안의 빈 하위폴더 — 해당 항목/뼈대의 일부,5,0,0,False,,False,
data/pallet/runs/diagnostics/v2_scene_logic_probes/_v2_scene_logic_probe_seed7500_f16_r17/labels,EMPTY_PAYLOAD_SUBDIR,최종 구조 안의 빈 하위폴더 — 해당 항목/뼈대의 일부,5,0,0,False,,False,
data/pallet/runs/diagnostics/v2_scene_logic_probes/_v2_scene_logic_probe_seed7500_f16_r17/logs,EMPTY_PAYLOAD_SUBDIR,최종 구조 안의 빈 하위폴더 — 해당 항목/뼈대의 일부,5,0,0,False,,False,
data/pallet/runs/diagnostics/v2_scene_logic_probes/_v2_scene_logic_probe_seed7500_f16_r17/mask,EMPTY_PAYLOAD_SUBDIR,최종 구조 안의 빈 하위폴더 — 해당 항목/뼈대의 일부,5,0,0,False,,False,
data/pallet/runs/diagnostics/v2_scene_logic_probes/_v2_scene_logic_probe_seed7500_f16_r17/rgb,EMPTY_PAYLOAD_SUBDIR,최종 구조 안의 빈 하위폴더 — 해당 항목/뼈대의 일부,5,0,0,False,,False,
data/pallet/runs/diagnostics/v2_scene_logic_probes/_v2_scene_logic_probe_seed7500_f16_r17_current/logs,EMPTY_PAYLOAD_SUBDIR,최종 구조 안의 빈 하위폴더 — 해당 항목/뼈대의 일부,5,0,0,False,,False,
data/pallet/runs/diagnostics/v2_scene_logic_probes/_v2_scene_logic_probe_seed7500_f16_r18_no_context/labels,EMPTY_PAYLOAD_SUBDIR,최종 구조 안의 빈 하위폴더 — 해당 항목/뼈대의 일부,5,0,0,False,,False,
data/pallet/runs/diagnostics/v2_scene_logic_probes/_v2_scene_logic_probe_seed7500_f16_r18_no_context/logs,EMPTY_PAYLOAD_SUBDIR,최종 구조 안의 빈 하위폴더 — 해당 항목/뼈대의 일부,5,0,0,False,,False,
data/pallet/runs/diagnostics/v2_scene_logic_probes/_v2_scene_logic_probe_seed7500_f16_r18_no_context/mask,EMPTY_PAYLOAD_SUBDIR,최종 구조 안의 빈 하위폴더 — 해당 항목/뼈대의 일부,5,0,0,False,,False,
data/pallet/runs/diagnostics/v2_scene_logic_probes/_v2_scene_logic_probe_seed7500_f16_r18_no_context/rgb,EMPTY_PAYLOAD_SUBDIR,최종 구조 안의 빈 하위폴더 — 해당 항목/뼈대의 일부,5,0,0,False,,False,
data/pallet/runs/diagnostics/v2_scene_logic_probes/_v2_scene_logic_probe_seed7500_f16_r19/labels,EMPTY_PAYLOAD_SUBDIR,최종 구조 안의 빈 하위폴더 — 해당 항목/뼈대의 일부,5,0,0,False,,False,
data/pallet/runs/diagnostics/v2_scene_logic_probes/_v2_scene_logic_probe_seed7500_f16_r19/logs,EMPTY_PAYLOAD_SUBDIR,최종 구조 안의 빈 하위폴더 — 해당 항목/뼈대의 일부,5,0,0,False,,False,
data/pallet/runs/diagnostics/v2_scene_logic_probes/_v2_scene_logic_probe_seed7500_f16_r19/mask,EMPTY_PAYLOAD_SUBDIR,최종 구조 안의 빈 하위폴더 — 해당 항목/뼈대의 일부,5,0,0,False,,False,
data/pallet/runs/diagnostics/v2_scene_logic_probes/_v2_scene_logic_probe_seed7500_f16_r19/rgb,EMPTY_PAYLOAD_SUBDIR,최종 구조 안의 빈 하위폴더 — 해당 항목/뼈대의 일부,5,0,0,False,,False,
data/pallet/runs/diagnostics/v2_scene_logic_probes/_v2_scene_logic_probe_seed7500_f16_r2/labels,EMPTY_PAYLOAD_SUBDIR,최종 구조 안의 빈 하위폴더 — 해당 항목/뼈대의 일부,5,0,0,False,,False,
data/pallet/runs/diagnostics/v2_scene_logic_probes/_v2_scene_logic_probe_seed7500_f16_r2/logs,EMPTY_PAYLOAD_SUBDIR,최종 구조 안의 빈 하위폴더 — 해당 항목/뼈대의 일부,5,0,0,False,,False,
data/pallet/runs/diagnostics/v2_scene_logic_probes/_v2_scene_logic_probe_seed7500_f16_r2/mask,EMPTY_PAYLOAD_SUBDIR,최종 구조 안의 빈 하위폴더 — 해당 항목/뼈대의 일부,5,0,0,False,,False,
data/pallet/runs/diagnostics/v2_scene_logic_probes/_v2_scene_logic_probe_seed7500_f16_r2/rgb,EMPTY_PAYLOAD_SUBDIR,최종 구조 안의 빈 하위폴더 — 해당 항목/뼈대의 일부,5,0,0,False,,False,
data/pallet/runs/diagnostics/v2_scene_logic_probes/_v2_scene_logic_probe_seed7500_f16_r20_support_hits/labels,EMPTY_PAYLOAD_SUBDIR,최종 구조 안의 빈 하위폴더 — 해당 항목/뼈대의 일부,5,0,0,False,,False,
data/pallet/runs/diagnostics/v2_scene_logic_probes/_v2_scene_logic_probe_seed7500_f16_r20_support_hits/logs,EMPTY_PAYLOAD_SUBDIR,최종 구조 안의 빈 하위폴더 — 해당 항목/뼈대의 일부,5,0,0,False,,False,
data/pallet/runs/diagnostics/v2_scene_logic_probes/_v2_scene_logic_probe_seed7500_f16_r20_support_hits/mask,EMPTY_PAYLOAD_SUBDIR,최종 구조 안의 빈 하위폴더 — 해당 항목/뼈대의 일부,5,0,0,False,,False,
data/pallet/runs/diagnostics/v2_scene_logic_probes/_v2_scene_logic_probe_seed7500_f16_r20_support_hits/rgb,EMPTY_PAYLOAD_SUBDIR,최종 구조 안의 빈 하위폴더 — 해당 항목/뼈대의 일부,5,0,0,False,,False,
data/pallet/runs/diagnostics/v2_scene_logic_probes/_v2_scene_logic_probe_seed7500_f16_r21_mesh_contacts/logs,EMPTY_PAYLOAD_SUBDIR,최종 구조 안의 빈 하위폴더 — 해당 항목/뼈대의 일부,5,0,0,False,,False,
data/pallet/runs/diagnostics/v2_scene_logic_probes/_v2_scene_logic_probe_seed7500_f16_r22_best_seed/logs,EMPTY_PAYLOAD_SUBDIR,최종 구조 안의 빈 하위폴더 — 해당 항목/뼈대의 일부,5,0,0,False,,False,
data/pallet/runs/diagnostics/v2_scene_logic_probes/_v2_scene_logic_probe_seed7500_f16_r22_current/logs,EMPTY_PAYLOAD_SUBDIR,최종 구조 안의 빈 하위폴더 — 해당 항목/뼈대의 일부,5,0,0,False,,False,
data/pallet/runs/diagnostics/v2_scene_logic_probes/_v2_scene_logic_probe_seed7500_f16_r23_axis_feedback/logs,EMPTY_PAYLOAD_SUBDIR,최종 구조 안의 빈 하위폴더 — 해당 항목/뼈대의 일부,5,0,0,False,,False,
data/pallet/runs/diagnostics/v2_scene_logic_probes/_v2_scene_logic_probe_seed7500_f16_r24_failclosed/labels,EMPTY_PAYLOAD_SUBDIR,최종 구조 안의 빈 하위폴더 — 해당 항목/뼈대의 일부,5,0,0,False,,False,
data/pallet/runs/diagnostics/v2_scene_logic_probes/_v2_scene_logic_probe_seed7500_f16_r24_failclosed/logs,EMPTY_PAYLOAD_SUBDIR,최종 구조 안의 빈 하위폴더 — 해당 항목/뼈대의 일부,5,0,0,False,,False,
data/pallet/runs/diagnostics/v2_scene_logic_probes/_v2_scene_logic_probe_seed7500_f16_r24_failclosed/mask,EMPTY_PAYLOAD_SUBDIR,최종 구조 안의 빈 하위폴더 — 해당 항목/뼈대의 일부,5,0,0,False,,False,
data/pallet/runs/diagnostics/v2_scene_logic_probes/_v2_scene_logic_probe_seed7500_f16_r24_failclosed/rgb,EMPTY_PAYLOAD_SUBDIR,최종 구조 안의 빈 하위폴더 — 해당 항목/뼈대의 일부,5,0,0,False,,False,
data/pallet/runs/diagnostics/v2_scene_logic_probes/_v2_scene_logic_probe_seed7500_f16_r24_side_seed_axis_feedback/labels,EMPTY_PAYLOAD_SUBDIR,최종 구조 안의 빈 하위폴더 — 해당 항목/뼈대의 일부,5,0,0,False,,False,
data/pallet/runs/diagnostics/v2_scene_logic_probes/_v2_scene_logic_probe_seed7500_f16_r24_side_seed_axis_feedback/logs,EMPTY_PAYLOAD_SUBDIR,최종 구조 안의 빈 하위폴더 — 해당 항목/뼈대의 일부,5,0,0,False,,False,
data/pallet/runs/diagnostics/v2_scene_logic_probes/_v2_scene_logic_probe_seed7500_f16_r24_side_seed_axis_feedback/mask,EMPTY_PAYLOAD_SUBDIR,최종 구조 안의 빈 하위폴더 — 해당 항목/뼈대의 일부,5,0,0,False,,False,
data/pallet/runs/diagnostics/v2_scene_logic_probes/_v2_scene_logic_probe_seed7500_f16_r24_side_seed_axis_feedback/rgb,EMPTY_PAYLOAD_SUBDIR,최종 구조 안의 빈 하위폴더 — 해당 항목/뼈대의 일부,5,0,0,False,,False,
data/pallet/runs/diagnostics/v2_scene_logic_probes/_v2_scene_logic_probe_seed7500_f16_r25_infeasible_guard/labels,EMPTY_PAYLOAD_SUBDIR,최종 구조 안의 빈 하위폴더 — 해당 항목/뼈대의 일부,5,0,0,False,,False,
data/pallet/runs/diagnostics/v2_scene_logic_probes/_v2_scene_logic_probe_seed7500_f16_r25_infeasible_guard/logs,EMPTY_PAYLOAD_SUBDIR,최종 구조 안의 빈 하위폴더 — 해당 항목/뼈대의 일부,5,0,0,False,,False,
data/pallet/runs/diagnostics/v2_scene_logic_probes/_v2_scene_logic_probe_seed7500_f16_r25_infeasible_guard/mask,EMPTY_PAYLOAD_SUBDIR,최종 구조 안의 빈 하위폴더 — 해당 항목/뼈대의 일부,5,0,0,False,,False,
data/pallet/runs/diagnostics/v2_scene_logic_probes/_v2_scene_logic_probe_seed7500_f16_r25_infeasible_guard/rgb,EMPTY_PAYLOAD_SUBDIR,최종 구조 안의 빈 하위폴더 — 해당 항목/뼈대의 일부,5,0,0,False,,False,
data/pallet/runs/diagnostics/v2_scene_logic_probes/_v2_scene_logic_probe_seed7500_f16_r25_side_candidate_feedback/labels,EMPTY_PAYLOAD_SUBDIR,최종 구조 안의 빈 하위폴더 — 해당 항목/뼈대의 일부,5,0,0,False,,False,
data/pallet/runs/diagnostics/v2_scene_logic_probes/_v2_scene_logic_probe_seed7500_f16_r25_side_candidate_feedback/logs,EMPTY_PAYLOAD_SUBDIR,최종 구조 안의 빈 하위폴더 — 해당 항목/뼈대의 일부,5,0,0,False,,False,
data/pallet/runs/diagnostics/v2_scene_logic_probes/_v2_scene_logic_probe_seed7500_f16_r25_side_candidate_feedback/mask,EMPTY_PAYLOAD_SUBDIR,최종 구조 안의 빈 하위폴더 — 해당 항목/뼈대의 일부,5,0,0,False,,False,
data/pallet/runs/diagnostics/v2_scene_logic_probes/_v2_scene_logic_probe_seed7500_f16_r25_side_candidate_feedback/rgb,EMPTY_PAYLOAD_SUBDIR,최종 구조 안의 빈 하위폴더 — 해당 항목/뼈대의 일부,5,0,0,False,,False,
data/pallet/runs/diagnostics/v2_scene_logic_probes/_v2_scene_logic_probe_seed7500_f16_r26_pool640_mesh_support/labels,EMPTY_PAYLOAD_SUBDIR,최종 구조 안의 빈 하위폴더 — 해당 항목/뼈대의 일부,5,0,0,False,,False,
data/pallet/runs/diagnostics/v2_scene_logic_probes/_v2_scene_logic_probe_seed7500_f16_r26_pool640_mesh_support/logs,EMPTY_PAYLOAD_SUBDIR,최종 구조 안의 빈 하위폴더 — 해당 항목/뼈대의 일부,5,0,0,False,,False,
data/pallet/runs/diagnostics/v2_scene_logic_probes/_v2_scene_logic_probe_seed7500_f16_r26_pool640_mesh_support/mask,EMPTY_PAYLOAD_SUBDIR,최종 구조 안의 빈 하위폴더 — 해당 항목/뼈대의 일부,5,0,0,False,,False,
data/pallet/runs/diagnostics/v2_scene_logic_probes/_v2_scene_logic_probe_seed7500_f16_r26_pool640_mesh_support/rgb,EMPTY_PAYLOAD_SUBDIR,최종 구조 안의 빈 하위폴더 — 해당 항목/뼈대의 일부,5,0,0,False,,False,
data/pallet/runs/diagnostics/v2_scene_logic_probes/_v2_scene_logic_probe_seed7500_f16_r27_pool640_six_fallback/labels,EMPTY_PAYLOAD_SUBDIR,최종 구조 안의 빈 하위폴더 — 해당 항목/뼈대의 일부,5,0,0,False,,False,
data/pallet/runs/diagnostics/v2_scene_logic_probes/_v2_scene_logic_probe_seed7500_f16_r27_pool640_six_fallback/logs,EMPTY_PAYLOAD_SUBDIR,최종 구조 안의 빈 하위폴더 — 해당 항목/뼈대의 일부,5,0,0,False,,False,
data/pallet/runs/diagnostics/v2_scene_logic_probes/_v2_scene_logic_probe_seed7500_f16_r27_pool640_six_fallback/mask,EMPTY_PAYLOAD_SUBDIR,최종 구조 안의 빈 하위폴더 — 해당 항목/뼈대의 일부,5,0,0,False,,False,
data/pallet/runs/diagnostics/v2_scene_logic_probes/_v2_scene_logic_probe_seed7500_f16_r27_pool640_six_fallback/rgb,EMPTY_PAYLOAD_SUBDIR,최종 구조 안의 빈 하위폴더 — 해당 항목/뼈대의 일부,5,0,0,False,,False,
data/pallet/runs/diagnostics/v2_scene_logic_probes/_v2_scene_logic_probe_seed7500_f16_r28_shape_diverse/labels,EMPTY_PAYLOAD_SUBDIR,최종 구조 안의 빈 하위폴더 — 해당 항목/뼈대의 일부,5,0,0,False,,False,
data/pallet/runs/diagnostics/v2_scene_logic_probes/_v2_scene_logic_probe_seed7500_f16_r28_shape_diverse/logs,EMPTY_PAYLOAD_SUBDIR,최종 구조 안의 빈 하위폴더 — 해당 항목/뼈대의 일부,5,0,0,False,,False,
data/pallet/runs/diagnostics/v2_scene_logic_probes/_v2_scene_logic_probe_seed7500_f16_r28_shape_diverse/mask,EMPTY_PAYLOAD_SUBDIR,최종 구조 안의 빈 하위폴더 — 해당 항목/뼈대의 일부,5,0,0,False,,False,
data/pallet/runs/diagnostics/v2_scene_logic_probes/_v2_scene_logic_probe_seed7500_f16_r28_shape_diverse/rgb,EMPTY_PAYLOAD_SUBDIR,최종 구조 안의 빈 하위폴더 — 해당 항목/뼈대의 일부,5,0,0,False,,False,
data/pallet/runs/diagnostics/v2_scene_logic_probes/_v2_scene_logic_probe_seed7500_f16_r29_bidirectional_depth/labels,EMPTY_PAYLOAD_SUBDIR,최종 구조 안의 빈 하위폴더 — 해당 항목/뼈대의 일부,5,0,0,False,,False,
data/pallet/runs/diagnostics/v2_scene_logic_probes/_v2_scene_logic_probe_seed7500_f16_r29_bidirectional_depth/logs,EMPTY_PAYLOAD_SUBDIR,최종 구조 안의 빈 하위폴더 — 해당 항목/뼈대의 일부,5,0,0,False,,False,
data/pallet/runs/diagnostics/v2_scene_logic_probes/_v2_scene_logic_probe_seed7500_f16_r29_bidirectional_depth/mask,EMPTY_PAYLOAD_SUBDIR,최종 구조 안의 빈 하위폴더 — 해당 항목/뼈대의 일부,5,0,0,False,,False,
data/pallet/runs/diagnostics/v2_scene_logic_probes/_v2_scene_logic_probe_seed7500_f16_r29_bidirectional_depth/rgb,EMPTY_PAYLOAD_SUBDIR,최종 구조 안의 빈 하위폴더 — 해당 항목/뼈대의 일부,5,0,0,False,,False,
data/pallet/runs/diagnostics/v2_scene_logic_probes/_v2_scene_logic_probe_seed7500_f16_r3/labels,EMPTY_PAYLOAD_SUBDIR,최종 구조 안의 빈 하위폴더 — 해당 항목/뼈대의 일부,5,0,0,False,,False,
data/pallet/runs/diagnostics/v2_scene_logic_probes/_v2_scene_logic_probe_seed7500_f16_r3/logs,EMPTY_PAYLOAD_SUBDIR,최종 구조 안의 빈 하위폴더 — 해당 항목/뼈대의 일부,5,0,0,False,,False,
data/pallet/runs/diagnostics/v2_scene_logic_probes/_v2_scene_logic_probe_seed7500_f16_r3/mask,EMPTY_PAYLOAD_SUBDIR,최종 구조 안의 빈 하위폴더 — 해당 항목/뼈대의 일부,5,0,0,False,,False,
data/pallet/runs/diagnostics/v2_scene_logic_probes/_v2_scene_logic_probe_seed7500_f16_r3/rgb,EMPTY_PAYLOAD_SUBDIR,최종 구조 안의 빈 하위폴더 — 해당 항목/뼈대의 일부,5,0,0,False,,False,
data/pallet/runs/diagnostics/v2_scene_logic_probes/_v2_scene_logic_probe_seed7500_f16_r30_ground_compensated_depth/labels,EMPTY_PAYLOAD_SUBDIR,최종 구조 안의 빈 하위폴더 — 해당 항목/뼈대의 일부,5,0,0,False,,False,
data/pallet/runs/diagnostics/v2_scene_logic_probes/_v2_scene_logic_probe_seed7500_f16_r30_ground_compensated_depth/logs,EMPTY_PAYLOAD_SUBDIR,최종 구조 안의 빈 하위폴더 — 해당 항목/뼈대의 일부,5,0,0,False,,False,
data/pallet/runs/diagnostics/v2_scene_logic_probes/_v2_scene_logic_probe_seed7500_f16_r30_ground_compensated_depth/mask,EMPTY_PAYLOAD_SUBDIR,최종 구조 안의 빈 하위폴더 — 해당 항목/뼈대의 일부,5,0,0,False,,False,
data/pallet/runs/diagnostics/v2_scene_logic_probes/_v2_scene_logic_probe_seed7500_f16_r30_ground_compensated_depth/rgb,EMPTY_PAYLOAD_SUBDIR,최종 구조 안의 빈 하위폴더 — 해당 항목/뼈대의 일부,5,0,0,False,,False,
data/pallet/runs/diagnostics/v2_scene_logic_probes/_v2_scene_logic_probe_seed7500_f16_r31_axis_fixed/labels,EMPTY_PAYLOAD_SUBDIR,최종 구조 안의 빈 하위폴더 — 해당 항목/뼈대의 일부,5,0,0,False,,False,
data/pallet/runs/diagnostics/v2_scene_logic_probes/_v2_scene_logic_probe_seed7500_f16_r31_axis_fixed/logs,EMPTY_PAYLOAD_SUBDIR,최종 구조 안의 빈 하위폴더 — 해당 항목/뼈대의 일부,5,0,0,False,,False,
data/pallet/runs/diagnostics/v2_scene_logic_probes/_v2_scene_logic_probe_seed7500_f16_r31_axis_fixed/mask,EMPTY_PAYLOAD_SUBDIR,최종 구조 안의 빈 하위폴더 — 해당 항목/뼈대의 일부,5,0,0,False,,False,
data/pallet/runs/diagnostics/v2_scene_logic_probes/_v2_scene_logic_probe_seed7500_f16_r31_axis_fixed/rgb,EMPTY_PAYLOAD_SUBDIR,최종 구조 안의 빈 하위폴더 — 해당 항목/뼈대의 일부,5,0,0,False,,False,
data/pallet/runs/diagnostics/v2_scene_logic_probes/_v2_scene_logic_probe_seed7500_f16_r32_thin_upright/labels,EMPTY_PAYLOAD_SUBDIR,최종 구조 안의 빈 하위폴더 — 해당 항목/뼈대의 일부,5,0,0,False,,False,
data/pallet/runs/diagnostics/v2_scene_logic_probes/_v2_scene_logic_probe_seed7500_f16_r32_thin_upright/logs,EMPTY_PAYLOAD_SUBDIR,최종 구조 안의 빈 하위폴더 — 해당 항목/뼈대의 일부,5,0,0,False,,False,
data/pallet/runs/diagnostics/v2_scene_logic_probes/_v2_scene_logic_probe_seed7500_f16_r32_thin_upright/mask,EMPTY_PAYLOAD_SUBDIR,최종 구조 안의 빈 하위폴더 — 해당 항목/뼈대의 일부,5,0,0,False,,False,
data/pallet/runs/diagnostics/v2_scene_logic_probes/_v2_scene_logic_probe_seed7500_f16_r32_thin_upright/rgb,EMPTY_PAYLOAD_SUBDIR,최종 구조 안의 빈 하위폴더 — 해당 항목/뼈대의 일부,5,0,0,False,,False,
data/pallet/runs/diagnostics/v2_scene_logic_probes/_v2_scene_logic_probe_seed7500_f16_r33_manifest_normalized/labels,EMPTY_PAYLOAD_SUBDIR,최종 구조 안의 빈 하위폴더 — 해당 항목/뼈대의 일부,5,0,0,False,,False,
data/pallet/runs/diagnostics/v2_scene_logic_probes/_v2_scene_logic_probe_seed7500_f16_r33_manifest_normalized/logs,EMPTY_PAYLOAD_SUBDIR,최종 구조 안의 빈 하위폴더 — 해당 항목/뼈대의 일부,5,0,0,False,,False,
data/pallet/runs/diagnostics/v2_scene_logic_probes/_v2_scene_logic_probe_seed7500_f16_r33_manifest_normalized/mask,EMPTY_PAYLOAD_SUBDIR,최종 구조 안의 빈 하위폴더 — 해당 항목/뼈대의 일부,5,0,0,False,,False,
data/pallet/runs/diagnostics/v2_scene_logic_probes/_v2_scene_logic_probe_seed7500_f16_r33_manifest_normalized/rgb,EMPTY_PAYLOAD_SUBDIR,최종 구조 안의 빈 하위폴더 — 해당 항목/뼈대의 일부,5,0,0,False,,False,
data/pallet/runs/diagnostics/v2_scene_logic_probes/_v2_scene_logic_probe_seed7500_f16_r33_thin_upright/labels,EMPTY_PAYLOAD_SUBDIR,최종 구조 안의 빈 하위폴더 — 해당 항목/뼈대의 일부,5,0,0,False,,False,
data/pallet/runs/diagnostics/v2_scene_logic_probes/_v2_scene_logic_probe_seed7500_f16_r33_thin_upright/logs,EMPTY_PAYLOAD_SUBDIR,최종 구조 안의 빈 하위폴더 — 해당 항목/뼈대의 일부,5,0,0,False,,False,
data/pallet/runs/diagnostics/v2_scene_logic_probes/_v2_scene_logic_probe_seed7500_f16_r33_thin_upright/mask,EMPTY_PAYLOAD_SUBDIR,최종 구조 안의 빈 하위폴더 — 해당 항목/뼈대의 일부,5,0,0,False,,False,
data/pallet/runs/diagnostics/v2_scene_logic_probes/_v2_scene_logic_probe_seed7500_f16_r33_thin_upright/rgb,EMPTY_PAYLOAD_SUBDIR,최종 구조 안의 빈 하위폴더 — 해당 항목/뼈대의 일부,5,0,0,False,,False,
data/pallet/runs/diagnostics/v2_scene_logic_probes/_v2_scene_logic_probe_seed7500_f16_r34_reserved_corridor/labels,EMPTY_PAYLOAD_SUBDIR,최종 구조 안의 빈 하위폴더 — 해당 항목/뼈대의 일부,5,0,0,False,,False,
data/pallet/runs/diagnostics/v2_scene_logic_probes/_v2_scene_logic_probe_seed7500_f16_r34_reserved_corridor/logs,EMPTY_PAYLOAD_SUBDIR,최종 구조 안의 빈 하위폴더 — 해당 항목/뼈대의 일부,5,0,0,False,,False,
data/pallet/runs/diagnostics/v2_scene_logic_probes/_v2_scene_logic_probe_seed7500_f16_r34_reserved_corridor/mask,EMPTY_PAYLOAD_SUBDIR,최종 구조 안의 빈 하위폴더 — 해당 항목/뼈대의 일부,5,0,0,False,,False,
data/pallet/runs/diagnostics/v2_scene_logic_probes/_v2_scene_logic_probe_seed7500_f16_r34_reserved_corridor/rgb,EMPTY_PAYLOAD_SUBDIR,최종 구조 안의 빈 하위폴더 — 해당 항목/뼈대의 일부,5,0,0,False,,False,
data/pallet/runs/diagnostics/v2_scene_logic_probes/_v2_scene_logic_probe_seed7500_f16_r34_uniform_scale/labels,EMPTY_PAYLOAD_SUBDIR,최종 구조 안의 빈 하위폴더 — 해당 항목/뼈대의 일부,5,0,0,False,,False,
data/pallet/runs/diagnostics/v2_scene_logic_probes/_v2_scene_logic_probe_seed7500_f16_r34_uniform_scale/logs,EMPTY_PAYLOAD_SUBDIR,최종 구조 안의 빈 하위폴더 — 해당 항목/뼈대의 일부,5,0,0,False,,False,
data/pallet/runs/diagnostics/v2_scene_logic_probes/_v2_scene_logic_probe_seed7500_f16_r34_uniform_scale/mask,EMPTY_PAYLOAD_SUBDIR,최종 구조 안의 빈 하위폴더 — 해당 항목/뼈대의 일부,5,0,0,False,,False,
data/pallet/runs/diagnostics/v2_scene_logic_probes/_v2_scene_logic_probe_seed7500_f16_r34_uniform_scale/rgb,EMPTY_PAYLOAD_SUBDIR,최종 구조 안의 빈 하위폴더 — 해당 항목/뼈대의 일부,5,0,0,False,,False,
data/pallet/runs/diagnostics/v2_scene_logic_probes/_v2_scene_logic_probe_seed7500_f16_r35_feedback_yaw90/labels,EMPTY_PAYLOAD_SUBDIR,최종 구조 안의 빈 하위폴더 — 해당 항목/뼈대의 일부,5,0,0,False,,False,
data/pallet/runs/diagnostics/v2_scene_logic_probes/_v2_scene_logic_probe_seed7500_f16_r35_feedback_yaw90/logs,EMPTY_PAYLOAD_SUBDIR,최종 구조 안의 빈 하위폴더 — 해당 항목/뼈대의 일부,5,0,0,False,,False,
data/pallet/runs/diagnostics/v2_scene_logic_probes/_v2_scene_logic_probe_seed7500_f16_r35_feedback_yaw90/mask,EMPTY_PAYLOAD_SUBDIR,최종 구조 안의 빈 하위폴더 — 해당 항목/뼈대의 일부,5,0,0,False,,False,
data/pallet/runs/diagnostics/v2_scene_logic_probes/_v2_scene_logic_probe_seed7500_f16_r35_feedback_yaw90/rgb,EMPTY_PAYLOAD_SUBDIR,최종 구조 안의 빈 하위폴더 — 해당 항목/뼈대의 일부,5,0,0,False,,False,
data/pallet/runs/diagnostics/v2_scene_logic_probes/_v2_scene_logic_probe_seed7500_f16_r35_reserved_world_pose/labels,EMPTY_PAYLOAD_SUBDIR,최종 구조 안의 빈 하위폴더 — 해당 항목/뼈대의 일부,5,0,0,False,,False,
data/pallet/runs/diagnostics/v2_scene_logic_probes/_v2_scene_logic_probe_seed7500_f16_r35_reserved_world_pose/logs,EMPTY_PAYLOAD_SUBDIR,최종 구조 안의 빈 하위폴더 — 해당 항목/뼈대의 일부,5,0,0,False,,False,
data/pallet/runs/diagnostics/v2_scene_logic_probes/_v2_scene_logic_probe_seed7500_f16_r35_reserved_world_pose/mask,EMPTY_PAYLOAD_SUBDIR,최종 구조 안의 빈 하위폴더 — 해당 항목/뼈대의 일부,5,0,0,False,,False,
data/pallet/runs/diagnostics/v2_scene_logic_probes/_v2_scene_logic_probe_seed7500_f16_r35_reserved_world_pose/rgb,EMPTY_PAYLOAD_SUBDIR,최종 구조 안의 빈 하위폴더 — 해당 항목/뼈대의 일부,5,0,0,False,,False,
data/pallet/runs/diagnostics/v2_scene_logic_probes/_v2_scene_logic_probe_seed7500_f16_r36_tall_shallow/labels,EMPTY_PAYLOAD_SUBDIR,최종 구조 안의 빈 하위폴더 — 해당 항목/뼈대의 일부,5,0,0,False,,False,
data/pallet/runs/diagnostics/v2_scene_logic_probes/_v2_scene_logic_probe_seed7500_f16_r36_tall_shallow/logs,EMPTY_PAYLOAD_SUBDIR,최종 구조 안의 빈 하위폴더 — 해당 항목/뼈대의 일부,5,0,0,False,,False,
data/pallet/runs/diagnostics/v2_scene_logic_probes/_v2_scene_logic_probe_seed7500_f16_r36_tall_shallow/mask,EMPTY_PAYLOAD_SUBDIR,최종 구조 안의 빈 하위폴더 — 해당 항목/뼈대의 일부,5,0,0,False,,False,
data/pallet/runs/diagnostics/v2_scene_logic_probes/_v2_scene_logic_probe_seed7500_f16_r36_tall_shallow/rgb,EMPTY_PAYLOAD_SUBDIR,최종 구조 안의 빈 하위폴더 — 해당 항목/뼈대의 일부,5,0,0,False,,False,
data/pallet/runs/diagnostics/v2_scene_logic_probes/_v2_scene_logic_probe_seed7500_f16_r37_ground_feasible_bottom/labels,EMPTY_PAYLOAD_SUBDIR,최종 구조 안의 빈 하위폴더 — 해당 항목/뼈대의 일부,5,0,0,False,,False,
data/pallet/runs/diagnostics/v2_scene_logic_probes/_v2_scene_logic_probe_seed7500_f16_r37_ground_feasible_bottom/logs,EMPTY_PAYLOAD_SUBDIR,최종 구조 안의 빈 하위폴더 — 해당 항목/뼈대의 일부,5,0,0,False,,False,
data/pallet/runs/diagnostics/v2_scene_logic_probes/_v2_scene_logic_probe_seed7500_f16_r37_ground_feasible_bottom/mask,EMPTY_PAYLOAD_SUBDIR,최종 구조 안의 빈 하위폴더 — 해당 항목/뼈대의 일부,5,0,0,False,,False,
data/pallet/runs/diagnostics/v2_scene_logic_probes/_v2_scene_logic_probe_seed7500_f16_r37_ground_feasible_bottom/rgb,EMPTY_PAYLOAD_SUBDIR,최종 구조 안의 빈 하위폴더 — 해당 항목/뼈대의 일부,5,0,0,False,,False,
data/pallet/runs/diagnostics/v2_scene_logic_probes/_v2_scene_logic_probe_seed7500_f16_r38_aspect_lowres/labels,EMPTY_PAYLOAD_SUBDIR,최종 구조 안의 빈 하위폴더 — 해당 항목/뼈대의 일부,5,0,0,False,,False,
data/pallet/runs/diagnostics/v2_scene_logic_probes/_v2_scene_logic_probe_seed7500_f16_r38_aspect_lowres/logs,EMPTY_PAYLOAD_SUBDIR,최종 구조 안의 빈 하위폴더 — 해당 항목/뼈대의 일부,5,0,0,False,,False,
data/pallet/runs/diagnostics/v2_scene_logic_probes/_v2_scene_logic_probe_seed7500_f16_r38_aspect_lowres/mask,EMPTY_PAYLOAD_SUBDIR,최종 구조 안의 빈 하위폴더 — 해당 항목/뼈대의 일부,5,0,0,False,,False,
data/pallet/runs/diagnostics/v2_scene_logic_probes/_v2_scene_logic_probe_seed7500_f16_r38_aspect_lowres/rgb,EMPTY_PAYLOAD_SUBDIR,최종 구조 안의 빈 하위폴더 — 해당 항목/뼈대의 일부,5,0,0,False,,False,
data/pallet/runs/diagnostics/v2_scene_logic_probes/_v2_scene_logic_probe_seed7500_f16_r39_current_modes/logs,EMPTY_PAYLOAD_SUBDIR,최종 구조 안의 빈 하위폴더 — 해당 항목/뼈대의 일부,5,0,0,False,,False,
data/pallet/runs/diagnostics/v2_scene_logic_probes/_v2_scene_logic_probe_seed7500_f16_r4/labels,EMPTY_PAYLOAD_SUBDIR,최종 구조 안의 빈 하위폴더 — 해당 항목/뼈대의 일부,5,0,0,False,,False,
data/pallet/runs/diagnostics/v2_scene_logic_probes/_v2_scene_logic_probe_seed7500_f16_r4/logs,EMPTY_PAYLOAD_SUBDIR,최종 구조 안의 빈 하위폴더 — 해당 항목/뼈대의 일부,5,0,0,False,,False,
data/pallet/runs/diagnostics/v2_scene_logic_probes/_v2_scene_logic_probe_seed7500_f16_r4/mask,EMPTY_PAYLOAD_SUBDIR,최종 구조 안의 빈 하위폴더 — 해당 항목/뼈대의 일부,5,0,0,False,,False,
data/pallet/runs/diagnostics/v2_scene_logic_probes/_v2_scene_logic_probe_seed7500_f16_r4/rgb,EMPTY_PAYLOAD_SUBDIR,최종 구조 안의 빈 하위폴더 — 해당 항목/뼈대의 일부,5,0,0,False,,False,
data/pallet/runs/diagnostics/v2_scene_logic_probes/_v2_scene_logic_probe_seed7500_f16_r5/labels,EMPTY_PAYLOAD_SUBDIR,최종 구조 안의 빈 하위폴더 — 해당 항목/뼈대의 일부,5,0,0,False,,False,
data/pallet/runs/diagnostics/v2_scene_logic_probes/_v2_scene_logic_probe_seed7500_f16_r5/logs,EMPTY_PAYLOAD_SUBDIR,최종 구조 안의 빈 하위폴더 — 해당 항목/뼈대의 일부,5,0,0,False,,False,
data/pallet/runs/diagnostics/v2_scene_logic_probes/_v2_scene_logic_probe_seed7500_f16_r5/mask,EMPTY_PAYLOAD_SUBDIR,최종 구조 안의 빈 하위폴더 — 해당 항목/뼈대의 일부,5,0,0,False,,False,
data/pallet/runs/diagnostics/v2_scene_logic_probes/_v2_scene_logic_probe_seed7500_f16_r5/rgb,EMPTY_PAYLOAD_SUBDIR,최종 구조 안의 빈 하위폴더 — 해당 항목/뼈대의 일부,5,0,0,False,,False,
data/pallet/runs/diagnostics/v2_scene_logic_probes/_v2_scene_logic_probe_seed7500_f16_r6/labels,EMPTY_PAYLOAD_SUBDIR,최종 구조 안의 빈 하위폴더 — 해당 항목/뼈대의 일부,5,0,0,False,,False,
data/pallet/runs/diagnostics/v2_scene_logic_probes/_v2_scene_logic_probe_seed7500_f16_r6/logs,EMPTY_PAYLOAD_SUBDIR,최종 구조 안의 빈 하위폴더 — 해당 항목/뼈대의 일부,5,0,0,False,,False,
data/pallet/runs/diagnostics/v2_scene_logic_probes/_v2_scene_logic_probe_seed7500_f16_r6/mask,EMPTY_PAYLOAD_SUBDIR,최종 구조 안의 빈 하위폴더 — 해당 항목/뼈대의 일부,5,0,0,False,,False,
data/pallet/runs/diagnostics/v2_scene_logic_probes/_v2_scene_logic_probe_seed7500_f16_r6/rgb,EMPTY_PAYLOAD_SUBDIR,최종 구조 안의 빈 하위폴더 — 해당 항목/뼈대의 일부,5,0,0,False,,False,
data/pallet/runs/diagnostics/v2_scene_logic_probes/_v2_scene_logic_probe_seed7500_f16_r7/labels,EMPTY_PAYLOAD_SUBDIR,최종 구조 안의 빈 하위폴더 — 해당 항목/뼈대의 일부,5,0,0,False,,False,
data/pallet/runs/diagnostics/v2_scene_logic_probes/_v2_scene_logic_probe_seed7500_f16_r7/logs,EMPTY_PAYLOAD_SUBDIR,최종 구조 안의 빈 하위폴더 — 해당 항목/뼈대의 일부,5,0,0,False,,False,
data/pallet/runs/diagnostics/v2_scene_logic_probes/_v2_scene_logic_probe_seed7500_f16_r7/mask,EMPTY_PAYLOAD_SUBDIR,최종 구조 안의 빈 하위폴더 — 해당 항목/뼈대의 일부,5,0,0,False,,False,
data/pallet/runs/diagnostics/v2_scene_logic_probes/_v2_scene_logic_probe_seed7500_f16_r7/rgb,EMPTY_PAYLOAD_SUBDIR,최종 구조 안의 빈 하위폴더 — 해당 항목/뼈대의 일부,5,0,0,False,,False,
data/pallet/runs/diagnostics/v2_scene_logic_probes/_v2_scene_logic_probe_seed7500_f16_r8/labels,EMPTY_PAYLOAD_SUBDIR,최종 구조 안의 빈 하위폴더 — 해당 항목/뼈대의 일부,5,0,0,False,,False,
data/pallet/runs/diagnostics/v2_scene_logic_probes/_v2_scene_logic_probe_seed7500_f16_r8/logs,EMPTY_PAYLOAD_SUBDIR,최종 구조 안의 빈 하위폴더 — 해당 항목/뼈대의 일부,5,0,0,False,,False,
data/pallet/runs/diagnostics/v2_scene_logic_probes/_v2_scene_logic_probe_seed7500_f16_r8/mask,EMPTY_PAYLOAD_SUBDIR,최종 구조 안의 빈 하위폴더 — 해당 항목/뼈대의 일부,5,0,0,False,,False,
data/pallet/runs/diagnostics/v2_scene_logic_probes/_v2_scene_logic_probe_seed7500_f16_r8/rgb,EMPTY_PAYLOAD_SUBDIR,최종 구조 안의 빈 하위폴더 — 해당 항목/뼈대의 일부,5,0,0,False,,False,
data/pallet/runs/diagnostics/v2_scene_logic_probes/_v2_scene_logic_probe_seed7500_f16_r9/labels,EMPTY_PAYLOAD_SUBDIR,최종 구조 안의 빈 하위폴더 — 해당 항목/뼈대의 일부,5,0,0,False,,False,
data/pallet/runs/diagnostics/v2_scene_logic_probes/_v2_scene_logic_probe_seed7500_f16_r9/logs,EMPTY_PAYLOAD_SUBDIR,최종 구조 안의 빈 하위폴더 — 해당 항목/뼈대의 일부,5,0,0,False,,False,
data/pallet/runs/diagnostics/v2_scene_logic_probes/_v2_scene_logic_probe_seed7500_f16_r9/mask,EMPTY_PAYLOAD_SUBDIR,최종 구조 안의 빈 하위폴더 — 해당 항목/뼈대의 일부,5,0,0,False,,False,
data/pallet/runs/diagnostics/v2_scene_logic_probes/_v2_scene_logic_probe_seed7500_f16_r9/rgb,EMPTY_PAYLOAD_SUBDIR,최종 구조 안의 빈 하위폴더 — 해당 항목/뼈대의 일부,5,0,0,False,,False,
data/pallet/runs/diagnostics/v2_scene_logic_probes/_v2_scene_logic_probe_seed7500_f18_19_r18_current,EMPTY_POLICY_CONTAINER,prior ledger 가 이 위치의 존재를 요구 (reports/data_pallet_cleanup/stage2a/move_transaction.jsonl),4,4,0,False,reports/data_pallet_cleanup/stage2a/move_transaction.jsonl,False,
data/pallet/runs/diagnostics/v2_scene_logic_probes/_v2_scene_logic_probe_seed7500_f18_19_r18_current/labels,EMPTY_PAYLOAD_SUBDIR,최종 구조 안의 빈 하위폴더 — 해당 항목/뼈대의 일부,5,0,0,False,,False,
data/pallet/runs/diagnostics/v2_scene_logic_probes/_v2_scene_logic_probe_seed7500_f18_19_r18_current/logs,EMPTY_PAYLOAD_SUBDIR,최종 구조 안의 빈 하위폴더 — 해당 항목/뼈대의 일부,5,0,0,False,,False,
data/pallet/runs/diagnostics/v2_scene_logic_probes/_v2_scene_logic_probe_seed7500_f18_19_r18_current/mask,EMPTY_PAYLOAD_SUBDIR,최종 구조 안의 빈 하위폴더 — 해당 항목/뼈대의 일부,5,0,0,False,,False,
data/pallet/runs/diagnostics/v2_scene_logic_probes/_v2_scene_logic_probe_seed7500_f18_19_r18_current/rgb,EMPTY_PAYLOAD_SUBDIR,최종 구조 안의 빈 하위폴더 — 해당 항목/뼈대의 일부,5,0,0,False,,False,
data/pallet/runs/diagnostics/v2_scene_logic_probes/_v2_scene_logic_probe_seed7500_f18_19_r26_failclosed,EMPTY_POLICY_CONTAINER,prior ledger 가 이 위치의 존재를 요구 (reports/data_pallet_cleanup/stage2a/move_transaction.jsonl),4,4,0,False,reports/data_pallet_cleanup/stage2a/move_transaction.jsonl,False,
data/pallet/runs/diagnostics/v2_scene_logic_probes/_v2_scene_logic_probe_seed7500_f18_19_r26_failclosed/labels,EMPTY_PAYLOAD_SUBDIR,최종 구조 안의 빈 하위폴더 — 해당 항목/뼈대의 일부,5,0,0,False,,False,
data/pallet/runs/diagnostics/v2_scene_logic_probes/_v2_scene_logic_probe_seed7500_f18_19_r26_failclosed/logs,EMPTY_PAYLOAD_SUBDIR,최종 구조 안의 빈 하위폴더 — 해당 항목/뼈대의 일부,5,0,0,False,,False,
data/pallet/runs/diagnostics/v2_scene_logic_probes/_v2_scene_logic_probe_seed7500_f18_19_r26_failclosed/mask,EMPTY_PAYLOAD_SUBDIR,최종 구조 안의 빈 하위폴더 — 해당 항목/뼈대의 일부,5,0,0,False,,False,
data/pallet/runs/diagnostics/v2_scene_logic_probes/_v2_scene_logic_probe_seed7500_f18_19_r26_failclosed/rgb,EMPTY_PAYLOAD_SUBDIR,최종 구조 안의 빈 하위폴더 — 해당 항목/뼈대의 일부,5,0,0,False,,False,
data/pallet/runs/diagnostics/v2_scene_logic_probes/_v2_scene_logic_probe_seed7500_f18_19_r27_targeted/logs,EMPTY_PAYLOAD_SUBDIR,최종 구조 안의 빈 하위폴더 — 해당 항목/뼈대의 일부,5,0,0,False,,False,
data/pallet/runs/diagnostics/v2_scene_logic_probes/_v2_scene_logic_probe_seed7500_f18_r01,EMPTY_POLICY_CONTAINER,prior ledger 가 이 위치의 존재를 요구 (reports/data_pallet_cleanup/stage2a/move_transaction.jsonl),4,4,0,False,reports/data_pallet_cleanup/stage2a/move_transaction.jsonl,False,
data/pallet/runs/diagnostics/v2_scene_logic_probes/_v2_scene_logic_probe_seed7500_f18_r01/labels,EMPTY_PAYLOAD_SUBDIR,최종 구조 안의 빈 하위폴더 — 해당 항목/뼈대의 일부,5,0,0,False,,False,
data/pallet/runs/diagnostics/v2_scene_logic_probes/_v2_scene_logic_probe_seed7500_f18_r01/logs,EMPTY_PAYLOAD_SUBDIR,최종 구조 안의 빈 하위폴더 — 해당 항목/뼈대의 일부,5,0,0,False,,False,
data/pallet/runs/diagnostics/v2_scene_logic_probes/_v2_scene_logic_probe_seed7500_f18_r01/mask,EMPTY_PAYLOAD_SUBDIR,최종 구조 안의 빈 하위폴더 — 해당 항목/뼈대의 일부,5,0,0,False,,False,
data/pallet/runs/diagnostics/v2_scene_logic_probes/_v2_scene_logic_probe_seed7500_f18_r01/rgb,EMPTY_PAYLOAD_SUBDIR,최종 구조 안의 빈 하위폴더 — 해당 항목/뼈대의 일부,5,0,0,False,,False,
data/pallet/runs/diagnostics/v2_scene_logic_probes/_v2_scene_logic_probe_seed7500_f18_r19_log/logs,EMPTY_PAYLOAD_SUBDIR,최종 구조 안의 빈 하위폴더 — 해당 항목/뼈대의 일부,5,0,0,False,,False,
data/pallet/runs/diagnostics/v2_scene_logic_probes/_v2_scene_logic_probe_seed7500_f19_r1/labels,EMPTY_PAYLOAD_SUBDIR,최종 구조 안의 빈 하위폴더 — 해당 항목/뼈대의 일부,5,0,0,False,,False,
data/pallet/runs/diagnostics/v2_scene_logic_probes/_v2_scene_logic_probe_seed7500_f19_r1/logs,EMPTY_PAYLOAD_SUBDIR,최종 구조 안의 빈 하위폴더 — 해당 항목/뼈대의 일부,5,0,0,False,,False,
data/pallet/runs/diagnostics/v2_scene_logic_probes/_v2_scene_logic_probe_seed7500_f19_r1/mask,EMPTY_PAYLOAD_SUBDIR,최종 구조 안의 빈 하위폴더 — 해당 항목/뼈대의 일부,5,0,0,False,,False,
data/pallet/runs/diagnostics/v2_scene_logic_probes/_v2_scene_logic_probe_seed7500_f19_r1/rgb,EMPTY_PAYLOAD_SUBDIR,최종 구조 안의 빈 하위폴더 — 해당 항목/뼈대의 일부,5,0,0,False,,False,
data/pallet/runs/diagnostics/v2_scene_logic_probes/_v2_scene_logic_probe_seed7500_f19_r20_current,EMPTY_POLICY_CONTAINER,prior ledger 가 이 위치의 존재를 요구 (reports/data_pallet_cleanup/stage2a/move_transaction.jsonl),4,4,0,False,reports/data_pallet_cleanup/stage2a/move_transaction.jsonl,False,
data/pallet/runs/diagnostics/v2_scene_logic_probes/_v2_scene_logic_probe_seed7500_f19_r20_current/labels,EMPTY_PAYLOAD_SUBDIR,최종 구조 안의 빈 하위폴더 — 해당 항목/뼈대의 일부,5,0,0,False,,False,
data/pallet/runs/diagnostics/v2_scene_logic_probes/_v2_scene_logic_probe_seed7500_f19_r20_current/logs,EMPTY_PAYLOAD_SUBDIR,최종 구조 안의 빈 하위폴더 — 해당 항목/뼈대의 일부,5,0,0,False,,False,
data/pallet/runs/diagnostics/v2_scene_logic_probes/_v2_scene_logic_probe_seed7500_f19_r20_current/mask,EMPTY_PAYLOAD_SUBDIR,최종 구조 안의 빈 하위폴더 — 해당 항목/뼈대의 일부,5,0,0,False,,False,
data/pallet/runs/diagnostics/v2_scene_logic_probes/_v2_scene_logic_probe_seed7500_f19_r20_current/rgb,EMPTY_PAYLOAD_SUBDIR,최종 구조 안의 빈 하위폴더 — 해당 항목/뼈대의 일부,5,0,0,False,,False,
data/pallet/runs/diagnostics/v2_scene_logic_probes/_v2_scene_logic_probe_seed7500_idx02_all_assets_initial_r01/labels,EMPTY_PAYLOAD_SUBDIR,최종 구조 안의 빈 하위폴더 — 해당 항목/뼈대의 일부,5,0,0,False,,False,
data/pallet/runs/diagnostics/v2_scene_logic_probes/_v2_scene_logic_probe_seed7500_idx02_all_assets_initial_r01/logs,EMPTY_PAYLOAD_SUBDIR,최종 구조 안의 빈 하위폴더 — 해당 항목/뼈대의 일부,5,0,0,False,,False,
data/pallet/runs/diagnostics/v2_scene_logic_probes/_v2_scene_logic_probe_seed7500_idx02_all_assets_initial_r01/mask,EMPTY_PAYLOAD_SUBDIR,최종 구조 안의 빈 하위폴더 — 해당 항목/뼈대의 일부,5,0,0,False,,False,
data/pallet/runs/diagnostics/v2_scene_logic_probes/_v2_scene_logic_probe_seed7500_idx02_all_assets_initial_r01/rgb,EMPTY_PAYLOAD_SUBDIR,최종 구조 안의 빈 하위폴더 — 해당 항목/뼈대의 일부,5,0,0,False,,False,
data/pallet/runs/diagnostics/v2_scene_logic_probes/_v2_scene_logic_probe_seed7500_idx02_bvhfallback_r05/logs,EMPTY_PAYLOAD_SUBDIR,최종 구조 안의 빈 하위폴더 — 해당 항목/뼈대의 일부,5,0,0,False,,False,
data/pallet/runs/diagnostics/v2_scene_logic_probes/_v2_scene_logic_probe_seed7500_idx02_controlled_image_space_r01,EMPTY_POLICY_CONTAINER,prior ledger 가 이 위치의 존재를 요구 (reports/data_pallet_cleanup/stage2a/move_transaction.jsonl),4,4,0,False,reports/data_pallet_cleanup/stage2a/move_transaction.jsonl,False,
data/pallet/runs/diagnostics/v2_scene_logic_probes/_v2_scene_logic_probe_seed7500_idx02_controlled_image_space_r01/labels,EMPTY_PAYLOAD_SUBDIR,최종 구조 안의 빈 하위폴더 — 해당 항목/뼈대의 일부,5,0,0,False,,False,
data/pallet/runs/diagnostics/v2_scene_logic_probes/_v2_scene_logic_probe_seed7500_idx02_controlled_image_space_r01/logs,EMPTY_PAYLOAD_SUBDIR,최종 구조 안의 빈 하위폴더 — 해당 항목/뼈대의 일부,5,0,0,False,,False,
data/pallet/runs/diagnostics/v2_scene_logic_probes/_v2_scene_logic_probe_seed7500_idx02_controlled_image_space_r01/mask,EMPTY_PAYLOAD_SUBDIR,최종 구조 안의 빈 하위폴더 — 해당 항목/뼈대의 일부,5,0,0,False,,False,
data/pallet/runs/diagnostics/v2_scene_logic_probes/_v2_scene_logic_probe_seed7500_idx02_controlled_image_space_r01/rgb,EMPTY_PAYLOAD_SUBDIR,최종 구조 안의 빈 하위폴더 — 해당 항목/뼈대의 일부,5,0,0,False,,False,
data/pallet/runs/diagnostics/v2_scene_logic_probes/_v2_scene_logic_probe_seed7500_idx02_explicit_primary_only_r01/labels,EMPTY_PAYLOAD_SUBDIR,최종 구조 안의 빈 하위폴더 — 해당 항목/뼈대의 일부,5,0,0,False,,False,
data/pallet/runs/diagnostics/v2_scene_logic_probes/_v2_scene_logic_probe_seed7500_idx02_explicit_primary_only_r01/logs,EMPTY_PAYLOAD_SUBDIR,최종 구조 안의 빈 하위폴더 — 해당 항목/뼈대의 일부,5,0,0,False,,False,
data/pallet/runs/diagnostics/v2_scene_logic_probes/_v2_scene_logic_probe_seed7500_idx02_explicit_primary_only_r01/mask,EMPTY_PAYLOAD_SUBDIR,최종 구조 안의 빈 하위폴더 — 해당 항목/뼈대의 일부,5,0,0,False,,False,
data/pallet/runs/diagnostics/v2_scene_logic_probes/_v2_scene_logic_probe_seed7500_idx02_explicit_primary_only_r01/rgb,EMPTY_PAYLOAD_SUBDIR,최종 구조 안의 빈 하위폴더 — 해당 항목/뼈대의 일부,5,0,0,False,,False,
data/pallet/runs/diagnostics/v2_scene_logic_probes/_v2_scene_logic_probe_seed7500_idx02_norm_final_r01/logs,EMPTY_PAYLOAD_SUBDIR,최종 구조 안의 빈 하위폴더 — 해당 항목/뼈대의 일부,5,0,0,False,,False,
data/pallet/runs/diagnostics/v2_scene_logic_probes/_v2_scene_logic_probe_seed7500_idx02_prealign_r01,EMPTY_POLICY_CONTAINER,prior ledger 가 이 위치의 존재를 요구 (reports/data_pallet_cleanup/stage2a/move_transaction.jsonl),4,4,0,False,reports/data_pallet_cleanup/stage2a/move_transaction.jsonl,False,
data/pallet/runs/diagnostics/v2_scene_logic_probes/_v2_scene_logic_probe_seed7500_idx02_prealign_r01/labels,EMPTY_PAYLOAD_SUBDIR,최종 구조 안의 빈 하위폴더 — 해당 항목/뼈대의 일부,5,0,0,False,,False,
data/pallet/runs/diagnostics/v2_scene_logic_probes/_v2_scene_logic_probe_seed7500_idx02_prealign_r01/logs,EMPTY_PAYLOAD_SUBDIR,최종 구조 안의 빈 하위폴더 — 해당 항목/뼈대의 일부,5,0,0,False,,False,
data/pallet/runs/diagnostics/v2_scene_logic_probes/_v2_scene_logic_probe_seed7500_idx02_prealign_r01/mask,EMPTY_PAYLOAD_SUBDIR,최종 구조 안의 빈 하위폴더 — 해당 항목/뼈대의 일부,5,0,0,False,,False,
data/pallet/runs/diagnostics/v2_scene_logic_probes/_v2_scene_logic_probe_seed7500_idx02_prealign_r01/rgb,EMPTY_PAYLOAD_SUBDIR,최종 구조 안의 빈 하위폴더 — 해당 항목/뼈대의 일부,5,0,0,False,,False,
data/pallet/runs/diagnostics/v2_scene_logic_probes/_v2_scene_logic_probe_seed7500_idx02_prealign_r02/logs,EMPTY_PAYLOAD_SUBDIR,최종 구조 안의 빈 하위폴더 — 해당 항목/뼈대의 일부,5,0,0,False,,False,
data/pallet/runs/diagnostics/v2_scene_logic_probes/_v2_scene_logic_probe_seed7500_idx02_scorestage_r06,EMPTY_POLICY_CONTAINER,prior ledger 가 이 위치의 존재를 요구 (reports/data_pallet_cleanup/stage2a/move_transaction.jsonl),4,4,0,False,reports/data_pallet_cleanup/stage2a/move_transaction.jsonl,False,
data/pallet/runs/diagnostics/v2_scene_logic_probes/_v2_scene_logic_probe_seed7500_idx02_scorestage_r06/labels,EMPTY_PAYLOAD_SUBDIR,최종 구조 안의 빈 하위폴더 — 해당 항목/뼈대의 일부,5,0,0,False,,False,
data/pallet/runs/diagnostics/v2_scene_logic_probes/_v2_scene_logic_probe_seed7500_idx02_scorestage_r06/logs,EMPTY_PAYLOAD_SUBDIR,최종 구조 안의 빈 하위폴더 — 해당 항목/뼈대의 일부,5,0,0,False,,False,
data/pallet/runs/diagnostics/v2_scene_logic_probes/_v2_scene_logic_probe_seed7500_idx02_scorestage_r06/mask,EMPTY_PAYLOAD_SUBDIR,최종 구조 안의 빈 하위폴더 — 해당 항목/뼈대의 일부,5,0,0,False,,False,
data/pallet/runs/diagnostics/v2_scene_logic_probes/_v2_scene_logic_probe_seed7500_idx02_scorestage_r06/rgb,EMPTY_PAYLOAD_SUBDIR,최종 구조 안의 빈 하위폴더 — 해당 항목/뼈대의 일부,5,0,0,False,,False,
data/pallet/runs/diagnostics/v2_scene_logic_probes/_v2_scene_logic_probe_seed7500_idx02_swept_reservation_r04/labels,EMPTY_PAYLOAD_SUBDIR,최종 구조 안의 빈 하위폴더 — 해당 항목/뼈대의 일부,5,0,0,False,,False,
data/pallet/runs/diagnostics/v2_scene_logic_probes/_v2_scene_logic_probe_seed7500_idx02_swept_reservation_r04/logs,EMPTY_PAYLOAD_SUBDIR,최종 구조 안의 빈 하위폴더 — 해당 항목/뼈대의 일부,5,0,0,False,,False,
data/pallet/runs/diagnostics/v2_scene_logic_probes/_v2_scene_logic_probe_seed7500_idx02_swept_reservation_r04/mask,EMPTY_PAYLOAD_SUBDIR,최종 구조 안의 빈 하위폴더 — 해당 항목/뼈대의 일부,5,0,0,False,,False,
data/pallet/runs/diagnostics/v2_scene_logic_probes/_v2_scene_logic_probe_seed7500_idx02_swept_reservation_r04/rgb,EMPTY_PAYLOAD_SUBDIR,최종 구조 안의 빈 하위폴더 — 해당 항목/뼈대의 일부,5,0,0,False,,False,
data/pallet/runs/diagnostics/v2_scene_logic_probes/_v2_scene_logic_probe_seed7500_idx02_swept_reservation_r05/logs,EMPTY_PAYLOAD_SUBDIR,최종 구조 안의 빈 하위폴더 — 해당 항목/뼈대의 일부,5,0,0,False,,False,
data/pallet/runs/diagnostics/v2_scene_logic_probes/_v2_scene_logic_probe_seed7500_idx02_targeted_u_r01/logs,EMPTY_PAYLOAD_SUBDIR,최종 구조 안의 빈 하위폴더 — 해당 항목/뼈대의 일부,5,0,0,False,,False,
data/pallet/runs/diagnostics/v2_scene_logic_probes/_v2_scene_logic_probe_seed7500_idx02_targetscore_r07,EMPTY_POLICY_CONTAINER,prior ledger 가 이 위치의 존재를 요구 (reports/data_pallet_cleanup/stage2a/move_transaction.jsonl),4,4,0,False,reports/data_pallet_cleanup/stage2a/move_transaction.jsonl,False,
data/pallet/runs/diagnostics/v2_scene_logic_probes/_v2_scene_logic_probe_seed7500_idx02_targetscore_r07/labels,EMPTY_PAYLOAD_SUBDIR,최종 구조 안의 빈 하위폴더 — 해당 항목/뼈대의 일부,5,0,0,False,,False,
data/pallet/runs/diagnostics/v2_scene_logic_probes/_v2_scene_logic_probe_seed7500_idx02_targetscore_r07/logs,EMPTY_PAYLOAD_SUBDIR,최종 구조 안의 빈 하위폴더 — 해당 항목/뼈대의 일부,5,0,0,False,,False,
data/pallet/runs/diagnostics/v2_scene_logic_probes/_v2_scene_logic_probe_seed7500_idx02_targetscore_r07/mask,EMPTY_PAYLOAD_SUBDIR,최종 구조 안의 빈 하위폴더 — 해당 항목/뼈대의 일부,5,0,0,False,,False,
data/pallet/runs/diagnostics/v2_scene_logic_probes/_v2_scene_logic_probe_seed7500_idx02_targetscore_r07/rgb,EMPTY_PAYLOAD_SUBDIR,최종 구조 안의 빈 하위폴더 — 해당 항목/뼈대의 일부,5,0,0,False,,False,
data/pallet/runs/diagnostics/v2_scene_logic_probes/_v2_scene_logic_probe_seed7500_idx02_targetscore_r08/logs,EMPTY_PAYLOAD_SUBDIR,최종 구조 안의 빈 하위폴더 — 해당 항목/뼈대의 일부,5,0,0,False,,False,
data/pallet/runs/diagnostics/v2_scene_logic_probes/_v2_scene_logic_probe_seed7500_idx02_utility_first_r03/logs,EMPTY_PAYLOAD_SUBDIR,최종 구조 안의 빈 하위폴더 — 해당 항목/뼈대의 일부,5,0,0,False,,False,
data/pallet/runs/diagnostics/v2_scene_logic_probes/_v2_scene_logic_probe_seed7500_idx06_r01,EMPTY_POLICY_CONTAINER,prior ledger 가 이 위치의 존재를 요구 (reports/data_pallet_cleanup/stage2a/move_transaction.jsonl),4,4,0,False,reports/data_pallet_cleanup/stage2a/move_transaction.jsonl,False,
data/pallet/runs/diagnostics/v2_scene_logic_probes/_v2_scene_logic_probe_seed7500_idx06_r01/labels,EMPTY_PAYLOAD_SUBDIR,최종 구조 안의 빈 하위폴더 — 해당 항목/뼈대의 일부,5,0,0,False,,False,
data/pallet/runs/diagnostics/v2_scene_logic_probes/_v2_scene_logic_probe_seed7500_idx06_r01/logs,EMPTY_PAYLOAD_SUBDIR,최종 구조 안의 빈 하위폴더 — 해당 항목/뼈대의 일부,5,0,0,False,,False,
data/pallet/runs/diagnostics/v2_scene_logic_probes/_v2_scene_logic_probe_seed7500_idx06_r01/mask,EMPTY_PAYLOAD_SUBDIR,최종 구조 안의 빈 하위폴더 — 해당 항목/뼈대의 일부,5,0,0,False,,False,
data/pallet/runs/diagnostics/v2_scene_logic_probes/_v2_scene_logic_probe_seed7500_idx06_r01/rgb,EMPTY_PAYLOAD_SUBDIR,최종 구조 안의 빈 하위폴더 — 해당 항목/뼈대의 일부,5,0,0,False,,False,
data/pallet/runs/diagnostics/v2_scene_logic_probes/_v2_scene_logic_probe_seed7500_idx06_r02,EMPTY_POLICY_CONTAINER,prior ledger 가 이 위치의 존재를 요구 (reports/data_pallet_cleanup/stage2a/move_transaction.jsonl),4,4,0,False,reports/data_pallet_cleanup/stage2a/move_transaction.jsonl,False,
data/pallet/runs/diagnostics/v2_scene_logic_probes/_v2_scene_logic_probe_seed7500_idx06_r02/labels,EMPTY_PAYLOAD_SUBDIR,최종 구조 안의 빈 하위폴더 — 해당 항목/뼈대의 일부,5,0,0,False,,False,
data/pallet/runs/diagnostics/v2_scene_logic_probes/_v2_scene_logic_probe_seed7500_idx06_r02/logs,EMPTY_PAYLOAD_SUBDIR,최종 구조 안의 빈 하위폴더 — 해당 항목/뼈대의 일부,5,0,0,False,,False,
data/pallet/runs/diagnostics/v2_scene_logic_probes/_v2_scene_logic_probe_seed7500_idx06_r02/mask,EMPTY_PAYLOAD_SUBDIR,최종 구조 안의 빈 하위폴더 — 해당 항목/뼈대의 일부,5,0,0,False,,False,
data/pallet/runs/diagnostics/v2_scene_logic_probes/_v2_scene_logic_probe_seed7500_idx06_r02/rgb,EMPTY_PAYLOAD_SUBDIR,최종 구조 안의 빈 하위폴더 — 해당 항목/뼈대의 일부,5,0,0,False,,False,
data/pallet/runs/diagnostics/v2_scene_logic_probes/_v2_scene_logic_probe_seed7500_idx06_r03,EMPTY_POLICY_CONTAINER,prior ledger 가 이 위치의 존재를 요구 (reports/data_pallet_cleanup/stage2a/move_transaction.jsonl),4,4,0,False,reports/data_pallet_cleanup/stage2a/move_transaction.jsonl,False,
data/pallet/runs/diagnostics/v2_scene_logic_probes/_v2_scene_logic_probe_seed7500_idx06_r03/labels,EMPTY_PAYLOAD_SUBDIR,최종 구조 안의 빈 하위폴더 — 해당 항목/뼈대의 일부,5,0,0,False,,False,
data/pallet/runs/diagnostics/v2_scene_logic_probes/_v2_scene_logic_probe_seed7500_idx06_r03/logs,EMPTY_PAYLOAD_SUBDIR,최종 구조 안의 빈 하위폴더 — 해당 항목/뼈대의 일부,5,0,0,False,,False,
data/pallet/runs/diagnostics/v2_scene_logic_probes/_v2_scene_logic_probe_seed7500_idx06_r03/mask,EMPTY_PAYLOAD_SUBDIR,최종 구조 안의 빈 하위폴더 — 해당 항목/뼈대의 일부,5,0,0,False,,False,
data/pallet/runs/diagnostics/v2_scene_logic_probes/_v2_scene_logic_probe_seed7500_idx06_r03/rgb,EMPTY_PAYLOAD_SUBDIR,최종 구조 안의 빈 하위폴더 — 해당 항목/뼈대의 일부,5,0,0,False,,False,
data/pallet/runs/diagnostics/v2_scene_logic_probes/_v2_scene_logic_probe_seed7500_idx06_r04/labels,EMPTY_PAYLOAD_SUBDIR,최종 구조 안의 빈 하위폴더 — 해당 항목/뼈대의 일부,5,0,0,False,,False,
data/pallet/runs/diagnostics/v2_scene_logic_probes/_v2_scene_logic_probe_seed7500_idx06_r04/logs,EMPTY_PAYLOAD_SUBDIR,최종 구조 안의 빈 하위폴더 — 해당 항목/뼈대의 일부,5,0,0,False,,False,
data/pallet/runs/diagnostics/v2_scene_logic_probes/_v2_scene_logic_probe_seed7500_idx06_r04/mask,EMPTY_PAYLOAD_SUBDIR,최종 구조 안의 빈 하위폴더 — 해당 항목/뼈대의 일부,5,0,0,False,,False,
data/pallet/runs/diagnostics/v2_scene_logic_probes/_v2_scene_logic_probe_seed7500_idx06_r04/rgb,EMPTY_PAYLOAD_SUBDIR,최종 구조 안의 빈 하위폴더 — 해당 항목/뼈대의 일부,5,0,0,False,,False,
data/pallet/runs/diagnostics/v2_scene_logic_probes/_v2_scene_logic_probe_seed7500_idx06_r05/logs,EMPTY_PAYLOAD_SUBDIR,최종 구조 안의 빈 하위폴더 — 해당 항목/뼈대의 일부,5,0,0,False,,False,
data/pallet/runs/diagnostics/v2_scene_logic_probes/_v2_scene_logic_probe_seed7500_idx06_r06/logs,EMPTY_PAYLOAD_SUBDIR,최종 구조 안의 빈 하위폴더 — 해당 항목/뼈대의 일부,5,0,0,False,,False,
data/pallet/runs/diagnostics/v2_scene_logic_probes/_v2_scene_logic_probe_seed7500_idx06_r07,EMPTY_POLICY_CONTAINER,prior ledger 가 이 위치의 존재를 요구 (reports/data_pallet_cleanup/stage2a/move_transaction.jsonl),4,4,0,False,reports/data_pallet_cleanup/stage2a/move_transaction.jsonl,False,
data/pallet/runs/diagnostics/v2_scene_logic_probes/_v2_scene_logic_probe_seed7500_idx06_r07/labels,EMPTY_PAYLOAD_SUBDIR,최종 구조 안의 빈 하위폴더 — 해당 항목/뼈대의 일부,5,0,0,False,,False,
data/pallet/runs/diagnostics/v2_scene_logic_probes/_v2_scene_logic_probe_seed7500_idx06_r07/logs,EMPTY_PAYLOAD_SUBDIR,최종 구조 안의 빈 하위폴더 — 해당 항목/뼈대의 일부,5,0,0,False,,False,
data/pallet/runs/diagnostics/v2_scene_logic_probes/_v2_scene_logic_probe_seed7500_idx06_r07/mask,EMPTY_PAYLOAD_SUBDIR,최종 구조 안의 빈 하위폴더 — 해당 항목/뼈대의 일부,5,0,0,False,,False,
data/pallet/runs/diagnostics/v2_scene_logic_probes/_v2_scene_logic_probe_seed7500_idx06_r07/rgb,EMPTY_PAYLOAD_SUBDIR,최종 구조 안의 빈 하위폴더 — 해당 항목/뼈대의 일부,5,0,0,False,,False,
data/pallet/runs/diagnostics/v2_scene_logic_probes/_v2_scene_logic_probe_seed7500_idx06_r08/labels,EMPTY_PAYLOAD_SUBDIR,최종 구조 안의 빈 하위폴더 — 해당 항목/뼈대의 일부,5,0,0,False,,False,
data/pallet/runs/diagnostics/v2_scene_logic_probes/_v2_scene_logic_probe_seed7500_idx06_r08/logs,EMPTY_PAYLOAD_SUBDIR,최종 구조 안의 빈 하위폴더 — 해당 항목/뼈대의 일부,5,0,0,False,,False,
data/pallet/runs/diagnostics/v2_scene_logic_probes/_v2_scene_logic_probe_seed7500_idx06_r08/mask,EMPTY_PAYLOAD_SUBDIR,최종 구조 안의 빈 하위폴더 — 해당 항목/뼈대의 일부,5,0,0,False,,False,
data/pallet/runs/diagnostics/v2_scene_logic_probes/_v2_scene_logic_probe_seed7500_idx06_r08/rgb,EMPTY_PAYLOAD_SUBDIR,최종 구조 안의 빈 하위폴더 — 해당 항목/뼈대의 일부,5,0,0,False,,False,
data/pallet/runs/diagnostics/v2_scene_logic_probes/_v2_scene_logic_probe_seed7500_idx06_r09/labels,EMPTY_PAYLOAD_SUBDIR,최종 구조 안의 빈 하위폴더 — 해당 항목/뼈대의 일부,5,0,0,False,,False,
data/pallet/runs/diagnostics/v2_scene_logic_probes/_v2_scene_logic_probe_seed7500_idx06_r09/logs,EMPTY_PAYLOAD_SUBDIR,최종 구조 안의 빈 하위폴더 — 해당 항목/뼈대의 일부,5,0,0,False,,False,
data/pallet/runs/diagnostics/v2_scene_logic_probes/_v2_scene_logic_probe_seed7500_idx06_r09/mask,EMPTY_PAYLOAD_SUBDIR,최종 구조 안의 빈 하위폴더 — 해당 항목/뼈대의 일부,5,0,0,False,,False,
data/pallet/runs/diagnostics/v2_scene_logic_probes/_v2_scene_logic_probe_seed7500_idx06_r09/rgb,EMPTY_PAYLOAD_SUBDIR,최종 구조 안의 빈 하위폴더 — 해당 항목/뼈대의 일부,5,0,0,False,,False,
data/pallet/runs/diagnostics/v2_scene_logic_probes/_v2_scene_logic_probe_seed7500_idx06_r10/labels,EMPTY_PAYLOAD_SUBDIR,최종 구조 안의 빈 하위폴더 — 해당 항목/뼈대의 일부,5,0,0,False,,False,
data/pallet/runs/diagnostics/v2_scene_logic_probes/_v2_scene_logic_probe_seed7500_idx06_r10/logs,EMPTY_PAYLOAD_SUBDIR,최종 구조 안의 빈 하위폴더 — 해당 항목/뼈대의 일부,5,0,0,False,,False,
data/pallet/runs/diagnostics/v2_scene_logic_probes/_v2_scene_logic_probe_seed7500_idx06_r10/mask,EMPTY_PAYLOAD_SUBDIR,최종 구조 안의 빈 하위폴더 — 해당 항목/뼈대의 일부,5,0,0,False,,False,
data/pallet/runs/diagnostics/v2_scene_logic_probes/_v2_scene_logic_probe_seed7500_idx06_r10/rgb,EMPTY_PAYLOAD_SUBDIR,최종 구조 안의 빈 하위폴더 — 해당 항목/뼈대의 일부,5,0,0,False,,False,
data/pallet/runs/diagnostics/v2_scene_logic_probes/_v2_scene_logic_probe_seed7500_idx06_r11/labels,EMPTY_PAYLOAD_SUBDIR,최종 구조 안의 빈 하위폴더 — 해당 항목/뼈대의 일부,5,0,0,False,,False,
data/pallet/runs/diagnostics/v2_scene_logic_probes/_v2_scene_logic_probe_seed7500_idx06_r11/logs,EMPTY_PAYLOAD_SUBDIR,최종 구조 안의 빈 하위폴더 — 해당 항목/뼈대의 일부,5,0,0,False,,False,
data/pallet/runs/diagnostics/v2_scene_logic_probes/_v2_scene_logic_probe_seed7500_idx06_r11/mask,EMPTY_PAYLOAD_SUBDIR,최종 구조 안의 빈 하위폴더 — 해당 항목/뼈대의 일부,5,0,0,False,,False,
data/pallet/runs/diagnostics/v2_scene_logic_probes/_v2_scene_logic_probe_seed7500_idx06_r11/rgb,EMPTY_PAYLOAD_SUBDIR,최종 구조 안의 빈 하위폴더 — 해당 항목/뼈대의 일부,5,0,0,False,,False,
data/pallet/runs/diagnostics/v2_scene_logic_probes/_v2_scene_logic_probe_seed7500_idx06_r12/labels,EMPTY_PAYLOAD_SUBDIR,최종 구조 안의 빈 하위폴더 — 해당 항목/뼈대의 일부,5,0,0,False,,False,
data/pallet/runs/diagnostics/v2_scene_logic_probes/_v2_scene_logic_probe_seed7500_idx06_r12/logs,EMPTY_PAYLOAD_SUBDIR,최종 구조 안의 빈 하위폴더 — 해당 항목/뼈대의 일부,5,0,0,False,,False,
data/pallet/runs/diagnostics/v2_scene_logic_probes/_v2_scene_logic_probe_seed7500_idx06_r12/mask,EMPTY_PAYLOAD_SUBDIR,최종 구조 안의 빈 하위폴더 — 해당 항목/뼈대의 일부,5,0,0,False,,False,
data/pallet/runs/diagnostics/v2_scene_logic_probes/_v2_scene_logic_probe_seed7500_idx06_r12/rgb,EMPTY_PAYLOAD_SUBDIR,최종 구조 안의 빈 하위폴더 — 해당 항목/뼈대의 일부,5,0,0,False,,False,
data/pallet/runs/diagnostics/v2_scene_logic_probes/_v2_scene_logic_probe_seed7500_idx06_r13/labels,EMPTY_PAYLOAD_SUBDIR,최종 구조 안의 빈 하위폴더 — 해당 항목/뼈대의 일부,5,0,0,False,,False,
data/pallet/runs/diagnostics/v2_scene_logic_probes/_v2_scene_logic_probe_seed7500_idx06_r13/logs,EMPTY_PAYLOAD_SUBDIR,최종 구조 안의 빈 하위폴더 — 해당 항목/뼈대의 일부,5,0,0,False,,False,
data/pallet/runs/diagnostics/v2_scene_logic_probes/_v2_scene_logic_probe_seed7500_idx06_r13/mask,EMPTY_PAYLOAD_SUBDIR,최종 구조 안의 빈 하위폴더 — 해당 항목/뼈대의 일부,5,0,0,False,,False,
data/pallet/runs/diagnostics/v2_scene_logic_probes/_v2_scene_logic_probe_seed7500_idx06_r13/rgb,EMPTY_PAYLOAD_SUBDIR,최종 구조 안의 빈 하위폴더 — 해당 항목/뼈대의 일부,5,0,0,False,,False,
data/pallet/runs/diagnostics/v2_scene_logic_probes/_v2_scene_logic_probe_seed7500_idx06_r14/labels,EMPTY_PAYLOAD_SUBDIR,최종 구조 안의 빈 하위폴더 — 해당 항목/뼈대의 일부,5,0,0,False,,False,
data/pallet/runs/diagnostics/v2_scene_logic_probes/_v2_scene_logic_probe_seed7500_idx06_r14/logs,EMPTY_PAYLOAD_SUBDIR,최종 구조 안의 빈 하위폴더 — 해당 항목/뼈대의 일부,5,0,0,False,,False,
data/pallet/runs/diagnostics/v2_scene_logic_probes/_v2_scene_logic_probe_seed7500_idx06_r14/mask,EMPTY_PAYLOAD_SUBDIR,최종 구조 안의 빈 하위폴더 — 해당 항목/뼈대의 일부,5,0,0,False,,False,
data/pallet/runs/diagnostics/v2_scene_logic_probes/_v2_scene_logic_probe_seed7500_idx06_r14/rgb,EMPTY_PAYLOAD_SUBDIR,최종 구조 안의 빈 하위폴더 — 해당 항목/뼈대의 일부,5,0,0,False,,False,
data/pallet/runs/diagnostics/v2_scene_logic_probes/_v2_scene_logic_probe_seed7500_idx06_r15,EMPTY_POLICY_CONTAINER,prior ledger 가 이 위치의 존재를 요구 (reports/data_pallet_cleanup/stage2a/move_transaction.jsonl),4,4,0,False,reports/data_pallet_cleanup/stage2a/move_transaction.jsonl,False,
data/pallet/runs/diagnostics/v2_scene_logic_probes/_v2_scene_logic_probe_seed7500_idx06_r15/labels,EMPTY_PAYLOAD_SUBDIR,최종 구조 안의 빈 하위폴더 — 해당 항목/뼈대의 일부,5,0,0,False,,False,
data/pallet/runs/diagnostics/v2_scene_logic_probes/_v2_scene_logic_probe_seed7500_idx06_r15/logs,EMPTY_PAYLOAD_SUBDIR,최종 구조 안의 빈 하위폴더 — 해당 항목/뼈대의 일부,5,0,0,False,,False,
data/pallet/runs/diagnostics/v2_scene_logic_probes/_v2_scene_logic_probe_seed7500_idx06_r15/mask,EMPTY_PAYLOAD_SUBDIR,최종 구조 안의 빈 하위폴더 — 해당 항목/뼈대의 일부,5,0,0,False,,False,
data/pallet/runs/diagnostics/v2_scene_logic_probes/_v2_scene_logic_probe_seed7500_idx06_r15/rgb,EMPTY_PAYLOAD_SUBDIR,최종 구조 안의 빈 하위폴더 — 해당 항목/뼈대의 일부,5,0,0,False,,False,
data/pallet/runs/diagnostics/v2_scene_logic_probes/_v2_scene_logic_probe_seed7500_idx06_r16/logs,EMPTY_PAYLOAD_SUBDIR,최종 구조 안의 빈 하위폴더 — 해당 항목/뼈대의 일부,5,0,0,False,,False,
data/pallet/runs/diagnostics/v2_scene_logic_probes/_v2_scene_logic_probe_seed7500_idx06_targetscore_r03,EMPTY_POLICY_CONTAINER,prior ledger 가 이 위치의 존재를 요구 (reports/data_pallet_cleanup/stage2a/move_transaction.jsonl),4,4,0,False,reports/data_pallet_cleanup/stage2a/move_transaction.jsonl,False,
data/pallet/runs/diagnostics/v2_scene_logic_probes/_v2_scene_logic_probe_seed7500_idx06_targetscore_r03/labels,EMPTY_PAYLOAD_SUBDIR,최종 구조 안의 빈 하위폴더 — 해당 항목/뼈대의 일부,5,0,0,False,,False,
data/pallet/runs/diagnostics/v2_scene_logic_probes/_v2_scene_logic_probe_seed7500_idx06_targetscore_r03/logs,EMPTY_PAYLOAD_SUBDIR,최종 구조 안의 빈 하위폴더 — 해당 항목/뼈대의 일부,5,0,0,False,,False,
data/pallet/runs/diagnostics/v2_scene_logic_probes/_v2_scene_logic_probe_seed7500_idx06_targetscore_r03/mask,EMPTY_PAYLOAD_SUBDIR,최종 구조 안의 빈 하위폴더 — 해당 항목/뼈대의 일부,5,0,0,False,,False,
data/pallet/runs/diagnostics/v2_scene_logic_probes/_v2_scene_logic_probe_seed7500_idx06_targetscore_r03/rgb,EMPTY_PAYLOAD_SUBDIR,최종 구조 안의 빈 하위폴더 — 해당 항목/뼈대의 일부,5,0,0,False,,False,
data/pallet/runs/diagnostics/v2_scene_logic_probes/_v2_scene_logic_probe_seed7500_idx07_norm_r01/labels,EMPTY_PAYLOAD_SUBDIR,최종 구조 안의 빈 하위폴더 — 해당 항목/뼈대의 일부,5,0,0,False,,False,
data/pallet/runs/diagnostics/v2_scene_logic_probes/_v2_scene_logic_probe_seed7500_idx07_norm_r01/logs,EMPTY_PAYLOAD_SUBDIR,최종 구조 안의 빈 하위폴더 — 해당 항목/뼈대의 일부,5,0,0,False,,False,
data/pallet/runs/diagnostics/v2_scene_logic_probes/_v2_scene_logic_probe_seed7500_idx07_norm_r01/mask,EMPTY_PAYLOAD_SUBDIR,최종 구조 안의 빈 하위폴더 — 해당 항목/뼈대의 일부,5,0,0,False,,False,
data/pallet/runs/diagnostics/v2_scene_logic_probes/_v2_scene_logic_probe_seed7500_idx07_norm_r01/rgb,EMPTY_PAYLOAD_SUBDIR,최종 구조 안의 빈 하위폴더 — 해당 항목/뼈대의 일부,5,0,0,False,,False,
data/pallet/runs/diagnostics/v2_scene_logic_probes/_v2_scene_logic_probe_seed7500_idx09_10_state_r01/logs,EMPTY_PAYLOAD_SUBDIR,최종 구조 안의 빈 하위폴더 — 해당 항목/뼈대의 일부,5,0,0,False,,False,
data/pallet/runs/diagnostics/v2_scene_logic_probes/_v2_scene_logic_probe_seed7500_idx09_norm_r01/labels,EMPTY_PAYLOAD_SUBDIR,최종 구조 안의 빈 하위폴더 — 해당 항목/뼈대의 일부,5,0,0,False,,False,
data/pallet/runs/diagnostics/v2_scene_logic_probes/_v2_scene_logic_probe_seed7500_idx09_norm_r01/logs,EMPTY_PAYLOAD_SUBDIR,최종 구조 안의 빈 하위폴더 — 해당 항목/뼈대의 일부,5,0,0,False,,False,
data/pallet/runs/diagnostics/v2_scene_logic_probes/_v2_scene_logic_probe_seed7500_idx09_norm_r01/mask,EMPTY_PAYLOAD_SUBDIR,최종 구조 안의 빈 하위폴더 — 해당 항목/뼈대의 일부,5,0,0,False,,False,
data/pallet/runs/diagnostics/v2_scene_logic_probes/_v2_scene_logic_probe_seed7500_idx09_norm_r01/rgb,EMPTY_PAYLOAD_SUBDIR,최종 구조 안의 빈 하위폴더 — 해당 항목/뼈대의 일부,5,0,0,False,,False,
data/pallet/runs/diagnostics/v2_scene_logic_probes/_v2_scene_logic_probe_seed7500_idx09_norm_r02/labels,EMPTY_PAYLOAD_SUBDIR,최종 구조 안의 빈 하위폴더 — 해당 항목/뼈대의 일부,5,0,0,False,,False,
data/pallet/runs/diagnostics/v2_scene_logic_probes/_v2_scene_logic_probe_seed7500_idx09_norm_r02/logs,EMPTY_PAYLOAD_SUBDIR,최종 구조 안의 빈 하위폴더 — 해당 항목/뼈대의 일부,5,0,0,False,,False,
data/pallet/runs/diagnostics/v2_scene_logic_probes/_v2_scene_logic_probe_seed7500_idx09_norm_r02/mask,EMPTY_PAYLOAD_SUBDIR,최종 구조 안의 빈 하위폴더 — 해당 항목/뼈대의 일부,5,0,0,False,,False,
data/pallet/runs/diagnostics/v2_scene_logic_probes/_v2_scene_logic_probe_seed7500_idx09_norm_r02/rgb,EMPTY_PAYLOAD_SUBDIR,최종 구조 안의 빈 하위폴더 — 해당 항목/뼈대의 일부,5,0,0,False,,False,
data/pallet/runs/diagnostics/v2_scene_logic_probes/_v2_scene_logic_probe_seed7500_idx09_norm_r03/labels,EMPTY_PAYLOAD_SUBDIR,최종 구조 안의 빈 하위폴더 — 해당 항목/뼈대의 일부,5,0,0,False,,False,
data/pallet/runs/diagnostics/v2_scene_logic_probes/_v2_scene_logic_probe_seed7500_idx09_norm_r03/logs,EMPTY_PAYLOAD_SUBDIR,최종 구조 안의 빈 하위폴더 — 해당 항목/뼈대의 일부,5,0,0,False,,False,
data/pallet/runs/diagnostics/v2_scene_logic_probes/_v2_scene_logic_probe_seed7500_idx09_norm_r03/mask,EMPTY_PAYLOAD_SUBDIR,최종 구조 안의 빈 하위폴더 — 해당 항목/뼈대의 일부,5,0,0,False,,False,
data/pallet/runs/diagnostics/v2_scene_logic_probes/_v2_scene_logic_probe_seed7500_idx09_norm_r03/rgb,EMPTY_PAYLOAD_SUBDIR,최종 구조 안의 빈 하위폴더 — 해당 항목/뼈대의 일부,5,0,0,False,,False,
data/pallet/runs/diagnostics/v2_scene_logic_probes/_v2_scene_logic_probe_seed7500_idx09_norm_r04/labels,EMPTY_PAYLOAD_SUBDIR,최종 구조 안의 빈 하위폴더 — 해당 항목/뼈대의 일부,5,0,0,False,,False,
data/pallet/runs/diagnostics/v2_scene_logic_probes/_v2_scene_logic_probe_seed7500_idx09_norm_r04/logs,EMPTY_PAYLOAD_SUBDIR,최종 구조 안의 빈 하위폴더 — 해당 항목/뼈대의 일부,5,0,0,False,,False,
data/pallet/runs/diagnostics/v2_scene_logic_probes/_v2_scene_logic_probe_seed7500_idx09_norm_r04/mask,EMPTY_PAYLOAD_SUBDIR,최종 구조 안의 빈 하위폴더 — 해당 항목/뼈대의 일부,5,0,0,False,,False,
data/pallet/runs/diagnostics/v2_scene_logic_probes/_v2_scene_logic_probe_seed7500_idx09_norm_r04/rgb,EMPTY_PAYLOAD_SUBDIR,최종 구조 안의 빈 하위폴더 — 해당 항목/뼈대의 일부,5,0,0,False,,False,
data/pallet/runs/diagnostics/v2_scene_logic_probes/_v2_scene_logic_probe_seed7500_idx10_context_image_space_r01/logs,EMPTY_PAYLOAD_SUBDIR,최종 구조 안의 빈 하위폴더 — 해당 항목/뼈대의 일부,5,0,0,False,,False,
data/pallet/runs/diagnostics/v2_scene_logic_probes/_v2_scene_logic_probe_seed7500_idx10_norm_r02/logs,EMPTY_PAYLOAD_SUBDIR,최종 구조 안의 빈 하위폴더 — 해당 항목/뼈대의 일부,5,0,0,False,,False,
data/pallet/runs/diagnostics/v2_scene_logic_probes/_v2_scene_logic_probe_seed7500_idx14_norm_r01/labels,EMPTY_PAYLOAD_SUBDIR,최종 구조 안의 빈 하위폴더 — 해당 항목/뼈대의 일부,5,0,0,False,,False,
data/pallet/runs/diagnostics/v2_scene_logic_probes/_v2_scene_logic_probe_seed7500_idx14_norm_r01/logs,EMPTY_PAYLOAD_SUBDIR,최종 구조 안의 빈 하위폴더 — 해당 항목/뼈대의 일부,5,0,0,False,,False,
data/pallet/runs/diagnostics/v2_scene_logic_probes/_v2_scene_logic_probe_seed7500_idx14_norm_r01/mask,EMPTY_PAYLOAD_SUBDIR,최종 구조 안의 빈 하위폴더 — 해당 항목/뼈대의 일부,5,0,0,False,,False,
data/pallet/runs/diagnostics/v2_scene_logic_probes/_v2_scene_logic_probe_seed7500_idx14_norm_r01/rgb,EMPTY_PAYLOAD_SUBDIR,최종 구조 안의 빈 하위폴더 — 해당 항목/뼈대의 일부,5,0,0,False,,False,
data/pallet/runs/diagnostics/v2_scene_logic_probes/_v2_scene_logic_probe_seed7500_idx14_norm_r02/logs,EMPTY_PAYLOAD_SUBDIR,최종 구조 안의 빈 하위폴더 — 해당 항목/뼈대의 일부,5,0,0,False,,False,
data/pallet/runs/diagnostics/v2_scene_logic_probes/_v2_scene_logic_probe_supportfix_seed7500/logs,EMPTY_PAYLOAD_SUBDIR,최종 구조 안의 빈 하위폴더 — 해당 항목/뼈대의 일부,5,0,0,False,,False,
data/pallet/runs/failed/_v2_scene_logic_smoke20_seed7500_r11_failed_prefailclosed_20260726/labels,EMPTY_PAYLOAD_SUBDIR,최종 구조 안의 빈 하위폴더 — 해당 항목/뼈대의 일부,4,0,0,False,,False,
data/pallet/runs/pilot,EMPTY_PAYLOAD_SUBDIR,최종 구조 안의 빈 하위폴더 — 해당 항목/뼈대의 일부,2,0,0,False,,False,
data/pallet/runs/production,EMPTY_PAYLOAD_SUBDIR,최종 구조 안의 빈 하위폴더 — 해당 항목/뼈대의 일부,2,0,0,False,,False,
data/pallet/runs/smoke/_stage2b_asset_smoke2_seed7200/logs,EMPTY_PAYLOAD_SUBDIR,최종 구조 안의 빈 하위폴더 — 해당 항목/뼈대의 일부,4,0,0,False,,False,
data/pallet/runs/smoke/_stage2c1_portable_blend_smoke2_seed7210/logs,EMPTY_PAYLOAD_SUBDIR,최종 구조 안의 빈 하위폴더 — 해당 항목/뼈대의 일부,4,0,0,False,,False,
data/pallet/runs/smoke/_stage2c2_final_layout_smoke2_seed7220/logs,EMPTY_PAYLOAD_SUBDIR,최종 구조 안의 빈 하위폴더 — 해당 항목/뼈대의 일부,4,0,0,False,,False,
data/pallet/runs/smoke/_v2_scene_logic_smoke20_seed7500_cpu_probe_g/logs,EMPTY_PAYLOAD_SUBDIR,최종 구조 안의 빈 하위폴더 — 해당 항목/뼈대의 일부,4,0,0,False,,False,
data/pallet/runs/smoke/_v2_scene_logic_smoke20_seed7500_cpu_probe_h/logs,EMPTY_PAYLOAD_SUBDIR,최종 구조 안의 빈 하위폴더 — 해당 항목/뼈대의 일부,4,0,0,False,,False,
data/pallet/runs/smoke/_v2_scene_logic_smoke20_seed7500_final_a/logs,EMPTY_PAYLOAD_SUBDIR,최종 구조 안의 빈 하위폴더 — 해당 항목/뼈대의 일부,4,0,0,False,,False,
data/pallet/runs/smoke/_v2_scene_logic_smoke20_seed7500_final_c/logs,EMPTY_PAYLOAD_SUBDIR,최종 구조 안의 빈 하위폴더 — 해당 항목/뼈대의 일부,4,0,0,False,,False,
data/pallet/runs/smoke/_v2_scene_logic_smoke20_seed7500_final_d/logs,EMPTY_PAYLOAD_SUBDIR,최종 구조 안의 빈 하위폴더 — 해당 항목/뼈대의 일부,4,0,0,False,,False,
data/pallet/runs/smoke/_v2_scene_logic_smoke20_seed7500_final_e/eda/failure_examples,EMPTY_PAYLOAD_SUBDIR,최종 구조 안의 빈 하위폴더 — 해당 항목/뼈대의 일부,5,0,0,False,,False,
data/pallet/runs/smoke/_v2_scene_logic_smoke20_seed7500_final_e/logs,EMPTY_PAYLOAD_SUBDIR,최종 구조 안의 빈 하위폴더 — 해당 항목/뼈대의 일부,4,0,0,False,,False,
data/pallet/runs/smoke/_v2_scene_logic_smoke20_seed7500_final_f/eda/failure_examples,EMPTY_PAYLOAD_SUBDIR,최종 구조 안의 빈 하위폴더 — 해당 항목/뼈대의 일부,5,0,0,False,,False,
data/pallet/runs/smoke/_v2_scene_logic_smoke20_seed7500_final_f/logs,EMPTY_PAYLOAD_SUBDIR,최종 구조 안의 빈 하위폴더 — 해당 항목/뼈대의 일부,4,0,0,False,,False,
data/pallet/runs/smoke/_v2_scene_logic_smoke20_seed7500_final_g_cpu/eda/failure_examples,EMPTY_PAYLOAD_SUBDIR,최종 구조 안의 빈 하위폴더 — 해당 항목/뼈대의 일부,5,0,0,False,,False,
data/pallet/runs/smoke/_v2_scene_logic_smoke20_seed7500_final_g_cpu/logs,EMPTY_PAYLOAD_SUBDIR,최종 구조 안의 빈 하위폴더 — 해당 항목/뼈대의 일부,4,0,0,False,,False,
data/pallet/runs/smoke/_v2_scene_logic_smoke20_seed7500_final_h_cpu/eda/failure_examples,EMPTY_PAYLOAD_SUBDIR,최종 구조 안의 빈 하위폴더 — 해당 항목/뼈대의 일부,5,0,0,False,,False,
data/pallet/runs/smoke/_v2_scene_logic_smoke20_seed7500_final_h_cpu/logs,EMPTY_PAYLOAD_SUBDIR,최종 구조 안의 빈 하위폴더 — 해당 항목/뼈대의 일부,4,0,0,False,,False,
data/pallet/runs/smoke/_v2_scene_logic_smoke20_seed7500_final_m_exact/eda/failure_examples,EMPTY_PAYLOAD_SUBDIR,최종 구조 안의 빈 하위폴더 — 해당 항목/뼈대의 일부,5,0,0,False,,False,
data/pallet/runs/smoke/_v2_scene_logic_smoke20_seed7500_final_m_exact/logs,EMPTY_PAYLOAD_SUBDIR,최종 구조 안의 빈 하위폴더 — 해당 항목/뼈대의 일부,4,0,0,False,,False,
data/pallet/runs/smoke/_v2_scene_logic_smoke20_seed7500_final_n_exact/eda/failure_examples,EMPTY_PAYLOAD_SUBDIR,최종 구조 안의 빈 하위폴더 — 해당 항목/뼈대의 일부,5,0,0,False,,False,
data/pallet/runs/smoke/_v2_scene_logic_smoke20_seed7500_final_n_exact/eda_phase5/failure_examples,EMPTY_PAYLOAD_SUBDIR,최종 구조 안의 빈 하위폴더 — 해당 항목/뼈대의 일부,5,0,0,False,,False,
data/pallet/runs/smoke/_v2_scene_logic_smoke20_seed7500_final_n_exact/logs,EMPTY_PAYLOAD_SUBDIR,최종 구조 안의 빈 하위폴더 — 해당 항목/뼈대의 일부,4,0,0,False,,False,
data/pallet/runs/smoke/_v2_scene_logic_smoke20_seed7500_nodenoise_probe_i/logs,EMPTY_PAYLOAD_SUBDIR,최종 구조 안의 빈 하위폴더 — 해당 항목/뼈대의 일부,4,0,0,False,,False,
data/pallet/runs/smoke/_v2_scene_logic_smoke20_seed7500_nodenoise_probe_j/logs,EMPTY_PAYLOAD_SUBDIR,최종 구조 안의 빈 하위폴더 — 해당 항목/뼈대의 일부,4,0,0,False,,False,
data/pallet/runs/smoke/_v2_scene_logic_smoke20_seed7500_r4/eda/failure_examples,EMPTY_PAYLOAD_SUBDIR,최종 구조 안의 빈 하위폴더 — 해당 항목/뼈대의 일부,5,0,0,False,,False,
data/pallet/runs/smoke/_v2_scene_logic_smoke20_seed7500_r4/logs,EMPTY_PAYLOAD_SUBDIR,최종 구조 안의 빈 하위폴더 — 해당 항목/뼈대의 일부,4,0,0,False,,False,
data/pallet/runs/smoke/_v2_scene_logic_smoke20_seed7500_r40/logs,EMPTY_PAYLOAD_SUBDIR,최종 구조 안의 빈 하위폴더 — 해당 항목/뼈대의 일부,4,0,0,False,,False,
data/pallet/runs/smoke/_v2_scene_logic_smoke20_seed7500_r6/eda/failure_examples,EMPTY_PAYLOAD_SUBDIR,최종 구조 안의 빈 하위폴더 — 해당 항목/뼈대의 일부,5,0,0,False,,False,
data/pallet/runs/smoke/_v2_scene_logic_smoke20_seed7500_r7/eda/failure_examples,EMPTY_PAYLOAD_SUBDIR,최종 구조 안의 빈 하위폴더 — 해당 항목/뼈대의 일부,5,0,0,False,,False,
data/pallet/runs/smoke/_v2_scene_logic_smoke20_seed7500_r7/logs,EMPTY_PAYLOAD_SUBDIR,최종 구조 안의 빈 하위폴더 — 해당 항목/뼈대의 일부,4,0,0,False,,False,
data/pallet/runs/smoke/_v2_scene_logic_smoke20_seed7500_r8,EMPTY_POLICY_CONTAINER,prior ledger 가 이 위치의 존재를 요구 (reports/data_pallet_cleanup/stage2a/move_transaction.jsonl),3,1,0,False,reports/data_pallet_cleanup/stage2a/move_transaction.jsonl,False,
data/pallet/runs/smoke/_v2_scene_logic_smoke20_seed7500_r8/logs,EMPTY_PAYLOAD_SUBDIR,최종 구조 안의 빈 하위폴더 — 해당 항목/뼈대의 일부,4,0,0,False,,False,
data/pallet/runs/smoke/_v2_scene_logic_smoke20_seed7500_r9/eda/failure_examples,EMPTY_PAYLOAD_SUBDIR,최종 구조 안의 빈 하위폴더 — 해당 항목/뼈대의 일부,5,0,0,False,,False,
data/pallet/runs/smoke/_v2_scene_logic_smoke20_seed7500_singlethread_probe_k/logs,EMPTY_PAYLOAD_SUBDIR,최종 구조 안의 빈 하위폴더 — 해당 항목/뼈대의 일부,4,0,0,False,,False,
data/pallet/runs/smoke/_v2_scene_logic_smoke20_seed7500_singlethread_probe_l/logs,EMPTY_PAYLOAD_SUBDIR,최종 구조 안의 빈 하위폴더 — 해당 항목/뼈대의 일부,4,0,0,False,,False,
data/pallet/runs/smoke/_v2_smoke20_9c_run1/eda_9c/failure_examples,EMPTY_PAYLOAD_SUBDIR,최종 구조 안의 빈 하위폴더 — 해당 항목/뼈대의 일부,5,0,0,False,,False,
data/pallet/runs/smoke/_v2_smoke20_9c_run1/logs,EMPTY_PAYLOAD_SUBDIR,최종 구조 안의 빈 하위폴더 — 해당 항목/뼈대의 일부,4,0,0,False,,False,
data/pallet/runs/smoke/_v2_smoke20_9c_run2/eda_9c/failure_examples,EMPTY_PAYLOAD_SUBDIR,최종 구조 안의 빈 하위폴더 — 해당 항목/뼈대의 일부,5,0,0,False,,False,
data/pallet/runs/smoke/_v2_smoke20_9c_run2/logs,EMPTY_PAYLOAD_SUBDIR,최종 구조 안의 빈 하위폴더 — 해당 항목/뼈대의 일부,4,0,0,False,,False,
