relative_path,total_bytes,gb,modified_time,extension,top_level_group
data/pallet/pallet.zip,16637698137,16.638,2026-05-20 09:54,.zip,pallet.zip
data/pallet/train_palletobj_v3.zip,10449502513,10.45,2026-06-24 11:33,.zip,train_palletobj_v3.zip
data/pallet/train_4pallet_mask_v1.zip,9675248635,9.675,2026-07-06 15:28,.zip,train_4pallet_mask_v1.zip
data/pallet/train_palletobj_v2.zip,8346416419,8.346,2026-05-20 13:30,.zip,train_palletobj_v2.zip
data/pallet/train_palletobj_v2 (2).zip,8321314846,8.321,2026-05-20 12:31,.zip,train_palletobj_v2 (2).zip
data/pallet/train_palletobj_v1 (2).zip,8316876455,8.317,2026-05-20 12:31,.zip,train_palletobj_v1 (2).zip
data/pallet/train_palletobj_addon_v1.zip,5648950621,5.649,2026-06-25 15:17,.zip,train_palletobj_addon_v1.zip
data/pallet/trunc_addon_v1.zip,5435835407,5.436,2026-07-04 00:01,.zip,trunc_addon_v1.zip
data/pallet/train_palletobj_v1.zip,4529431174,4.529,2026-05-20 13:50,.zip,train_palletobj_v1.zip
data/pallet/archive/training_data_v4_split/training_data_v4_split.zip,3693107448,3.693,2026-06-17 18:04,.zip,archive
data/pallet/test_blender_v69.zip,3653659280,3.654,2026-04-06 17:49,.zip,test_blender_v69.zip
data/pallet/archive/training_data_v4_emptywood/training_data_v4_emptywood.zip,2036982824,2.037,2026-06-18 21:12,.zip,archive
data/pallet/test_blender_v64.zip,1781592200,1.782,2026-04-04 17:05,.zip,test_blender_v64.zip
data/pallet/test_blender_v70.zip,913350083,0.913,2026-04-06 18:25,.zip,test_blender_v70.zip
data/pallet/test_blender_v68.zip,906940260,0.907,2026-04-05 22:25,.zip,test_blender_v68.zip
data/pallet/test_indoor_v1.zip,587372076,0.587,2026-04-07 14:24,.zip,test_indoor_v1.zip
data/pallet/blender_scene/synth_data_scene.blend,358917479,0.359,2026-07-24 19:39,.blend,blender_scene
data/pallet/blender_scene/synth_data_scene121.blend,265089901,0.265,2026-03-26 00:54,.blend,blender_scene
data/pallet/blender_scene/synth_data_scene12.blend1,265089900,0.265,2026-03-26 00:54,.blend1,blender_scene
data/pallet/blender_scene/synth_data_scene12.blend,257666344,0.258,2026-03-26 11:23,.blend,blender_scene
data/pallet/blender_scene/synth_data_scene.REBAKE_WIP.blend1,246594559,0.247,2026-07-24 18:24,.blend1,blender_scene
data/pallet/blender_scene/synth_data_scene.POSTBAKE_CLEAN_20260724_191902.blend,245967843,0.246,2026-07-24 19:19,.blend,blender_scene
data/pallet/blender_scene/synth_data_scene.REBAKE_WIP.blend,245967843,0.246,2026-07-24 18:30,.blend,blender_scene
data/pallet/blender_scene/synth_data_scene.blend1,245862236,0.246,2026-07-24 19:38,.blend1,blender_scene
data/pallet/blender_scene/synth_data_scene_indoor.blend,245480818,0.245,2026-04-07 11:30,.blend,blender_scene
data/pallet/blender_scene/synth_data_scene.PREBAKE_BACKUP_20260724_181050.blend,245475973,0.245,2026-07-24 18:10,.blend,blender_scene
data/pallet/blender_scene/_sandbox_palletobj_production.blend,157014946,0.157,2026-05-20 00:54,.blend,blender_scene
data/pallet/blender_scene/_sandbox_parking_lot_check.blend1,137789046,0.138,2026-05-19 17:23,.blend1,blender_scene
data/pallet/blender_scene/_sandbox_parking_lot_check.blend,137789005,0.138,2026-05-19 17:25,.blend,blender_scene
data/pallet/isaac_assets/Assets/Isaac/4.5/NVIDIA/Assets/Skies/2022_1/Skies/Night/moonlit_golf.hdr,112116433,0.112,2026-03-11 22:40,.hdr,isaac_assets
data/pallet/isaac_assets/Assets/Isaac/4.5/NVIDIA/Assets/Skies/2022_1/Skies/Night/kloppenheim_02.hdr,109640441,0.11,2026-03-11 22:40,.hdr,isaac_assets
data/pallet/isaac_assets/Assets/Isaac/4.5/NVIDIA/Assets/Skies/2022_1/Skies/Cloudy/sunflowers.hdr,104289577,0.104,2026-03-11 22:40,.hdr,isaac_assets
data/pallet/isaac_assets/Assets/Isaac/4.5/NVIDIA/Assets/Skies/2022_1/Skies/Cloudy/champagne_castle_1.hdr,104041520,0.104,2026-03-11 22:40,.hdr,isaac_assets
data/pallet/isaac_assets/Assets/Isaac/4.5/NVIDIA/Assets/Skies/2022_1/Skies/Indoor/adams_place_bridge.hdr,103021205,0.103,2026-03-11 22:40,.hdr,isaac_assets
data/pallet/isaac_assets/Assets/Isaac/4.5/NVIDIA/Assets/Skies/2022_1/Skies/Indoor/small_hangar_01.hdr,102359412,0.102,2026-03-11 22:40,.hdr,isaac_assets
data/pallet/isaac_assets/Assets/Isaac/4.5/NVIDIA/Assets/Skies/2022_1/Skies/Indoor/autoshop_01.hdr,101823586,0.102,2026-03-11 22:40,.hdr,isaac_assets
data/pallet/isaac_assets/Assets/Isaac/4.5/NVIDIA/Assets/Skies/2022_1/Skies/Cloudy/between_bridges.hdr,101712581,0.102,2026-03-11 22:40,.hdr,isaac_assets
data/pallet/isaac_assets/Assets/Isaac/4.5/NVIDIA/Assets/Skies/2022_1/Skies/Cloudy/kloofendal_48d_partly_cloudy.hdr,101363445,0.101,2026-03-11 22:40,.hdr,isaac_assets
data/pallet/background/parking_lot.zip,101186943,0.101,2026-03-25 13:54,.zip,background
data/pallet/isaac_assets/Assets/Isaac/4.5/NVIDIA/Assets/Skies/2022_1/Skies/Clear/mealie_road.hdr,100913782,0.101,2026-03-11 22:40,.hdr,isaac_assets
data/pallet/isaac_assets/Assets/Isaac/4.5/NVIDIA/Assets/Skies/2022_1/Skies/Storm/approaching_storm.hdr,100536598,0.101,2026-03-11 22:40,.hdr,isaac_assets
data/pallet/isaac_assets/Assets/Isaac/4.5/NVIDIA/Assets/Skies/2022_1/Skies/Evening/evening_road_01.hdr,100521021,0.101,2026-03-11 22:40,.hdr,isaac_assets
data/pallet/isaac_assets/Assets/Isaac/4.5/NVIDIA/Assets/Skies/2022_1/Skies/Clear/qwantani.hdr,99605634,0.1,2026-03-11 22:40,.hdr,isaac_assets
data/pallet/isaac_assets/Assets/Isaac/4.5/NVIDIA/Assets/Skies/2022_1/Skies/Cloudy/table_mountain_1.hdr,98472557,0.098,2026-03-11 22:40,.hdr,isaac_assets
data/pallet/isaac_assets/Assets/Isaac/4.5/NVIDIA/Assets/Skies/2022_1/Skies/Clear/noon_grass.hdr,98118510,0.098,2026-03-11 22:40,.hdr,isaac_assets
data/pallet/isaac_assets/Assets/Isaac/4.5/NVIDIA/Assets/Skies/2022_1/Skies/Clear/lakeside.hdr,97267376,0.097,2026-03-11 22:40,.hdr,isaac_assets
data/pallet/isaac_assets/Assets/Isaac/4.5/NVIDIA/Assets/Skies/2022_1/Skies/Cloudy/white_cliff_top.hdr,94027863,0.094,2026-03-11 22:40,.hdr,isaac_assets
data/pallet/isaac_assets/Assets/Isaac/4.5/NVIDIA/Assets/Skies/2022_1/Skies/Indoor/ZetoCGcom_ExhibitionHall_Interior1.hdr,92866949,0.093,2026-03-11 22:40,.hdr,isaac_assets
data/pallet/isaac_assets/Assets/Isaac/4.5/NVIDIA/Assets/Skies/Indoor/ZetoCGcom_ExhibitionHall_Interior1.hdr,92866949,0.093,2026-03-11 22:40,.hdr,isaac_assets
data/pallet/isaac_assets/Assets/Isaac/4.5/NVIDIA/Assets/Skies/2022_1/Skies/Clear/syferfontein_18d_clear.hdr,91708583,0.092,2026-03-11 22:40,.hdr,isaac_assets
data/pallet/isaac_assets/Assets/Isaac/4.5/NVIDIA/Assets/Skies/2022_1/Skies/Clear/signal_hill_sunrise.hdr,90147277,0.09,2026-03-11 22:40,.hdr,isaac_assets
data/pallet/test_blender_v65.zip,86723195,0.087,2026-04-05 21:11,.zip,test_blender_v65.zip
data/pallet/isaac_assets/Assets/Isaac/4.5/NVIDIA/Assets/Skies/2022_1/Skies/Indoor/ZetoCG_com_WarehouseInterior2b.hdr,68074110,0.068,2026-03-11 22:40,.hdr,isaac_assets
data/pallet/isaac_assets/Assets/Isaac/4.5/NVIDIA/Assets/Skies/Indoor/ZetoCG_com_WarehouseInterior2b.hdr,68074110,0.068,2026-03-11 22:40,.hdr,isaac_assets
