folder,folder_ko,source,name,bx,by,bz,maxdim,faces,texture,license,url,mesh,notes,fill_ratio_mean,fill_ratio_std,fill_ratio_min,fill_ratio_max,fill_ratio_method,dp_indoor,dp_outdoor_day,dp_outdoor_night
large,대,polyhaven,barrel_stove,0.593,0.856,0.593,0.856,9216,yes,CC0-1.0,https://polyhaven.com/a/barrel_stove,large/ph__barrel_stove/barrel_stove_1k.gltf,,0.9707,0.0037,0.9659,0.9749,projected,1,1,1
large,대,polyhaven,chinese_screen_panels,1.294,1.603,0.377,1.603,784,yes,CC0-1.0,https://polyhaven.com/a/chinese_screen_panels,large/ph__chinese_screen_panels/chinese_screen_panels_1k.gltf,,0.921,0.0126,0.9047,0.9372,projected,1,1,1
large,대,polyhaven,covered_car,1.789,1.411,4.38,4.38,12592,yes,CC0-1.0,https://polyhaven.com/a/covered_car,large/ph__covered_car/covered_car_1k.gltf,,0.7299,0.027,0.6832,0.7483,projected,1,1,1
large,대,polyhaven,ladder_sectioned_01,0.662,2.135,0.178,2.135,29140,yes,CC0-1.0,https://polyhaven.com/a/ladder_sectioned_01,large/ph__ladder_sectioned_01/ladder_sectioned_01_1k.gltf,,0.4479,0.1689,0.2089,0.6867,projected,1,1,1
large,대,polyhaven,old_military_compressor,0.598,1.179,1.676,1.676,79042,yes,CC0-1.0,https://polyhaven.com/a/old_military_compressor,large/ph__old_military_compressor/old_military_compressor_1k.gltf,,0.4993,0.0287,0.45,0.519,projected,1,1,1
large,대,polyhaven,portable_generator,0.818,0.577,0.564,0.818,26419,yes,CC0-1.0,https://polyhaven.com/a/portable_generator,large/ph__portable_generator/portable_generator_1k.gltf,,0.8598,0.0153,0.837,0.88,projected,1,1,1
large,대,polyhaven,portable_welding_cart,0.838,1.563,0.655,1.563,29418,yes,CC0-1.0,https://polyhaven.com/a/portable_welding_cart,large/ph__portable_welding_cart/portable_welding_cart_1k.gltf,,0.5805,0.0475,0.5293,0.6572,projected,1,1,1
large,대,polyhaven,steel_frame_shelves_01,10.974,21.405,5.021,21.405,4348,yes,CC0-1.0,https://polyhaven.com/a/steel_frame_shelves_01,large/ph__steel_frame_shelves_01/steel_frame_shelves_01_1k.gltf,ANOMALY: single mesh scaled ~21m; rescale or replace before use,0.1997,0.0314,0.1482,0.225,projected,1,1,1
large,대,polyhaven,steel_frame_shelves_03,2.351,2.312,0.721,2.351,8396,yes,CC0-1.0,https://polyhaven.com/a/steel_frame_shelves_03,large/ph__steel_frame_shelves_03/steel_frame_shelves_03_1k.gltf,2-unit shelf set,0.2394,0.0575,0.1483,0.3079,projected,1,1,1
large,대,polyhaven,wine_barrel_01,0.742,0.871,0.756,0.871,10820,yes,CC0-1.0,https://polyhaven.com/a/wine_barrel_01,large/ph__wine_barrel_01/wine_barrel_01_1k.gltf,,0.9184,0.007,0.9063,0.9224,projected,1,1,1
large,대,polyhaven,wooden_ladder,0.959,1.335,0.5,1.335,8492,yes,CC0-1.0,https://polyhaven.com/a/wooden_ladder,large/ph__wooden_ladder/wooden_ladder_1k.gltf,,0.2179,0.0503,0.1382,0.2611,projected,1,1,1
large,대,polyhaven,worn_metal_rack,0.915,1.9,0.6,1.9,6372,yes,CC0-1.0,https://polyhaven.com/a/worn_metal_rack,large/ph__worn_metal_rack/worn_metal_rack_1k.gltf,,0.2123,0.031,0.1655,0.2402,projected,1,1,1
medium,중,polyhaven,SchoolChair_01,0.566,1.006,0.675,1.006,5072,yes,CC0-1.0,https://polyhaven.com/a/SchoolChair_01,medium/ph__SchoolChair_01/SchoolChair_01_1k.gltf,,0.2916,0.1177,0.1153,0.4468,projected,1,1,1
medium,중,polyhaven,SchoolDesk_01,0.712,0.883,0.546,0.883,4162,yes,CC0-1.0,https://polyhaven.com/a/SchoolDesk_01,medium/ph__SchoolDesk_01/SchoolDesk_01_1k.gltf,,0.2868,0.0172,0.2692,0.304,projected,1,1,1
medium,중,polyhaven,ammo_box,0.087,0.177,0.258,0.258,4382,yes,CC0-1.0,https://polyhaven.com/a/ammo_box,medium/ph__ammo_box/ammo_box_1k.gltf,,0.8575,0.0075,0.8445,0.8621,projected,1,1,1
medium,중,polyhaven,compost_bags,1.828,0.707,0.926,1.828,18708,yes,CC0-1.0,https://polyhaven.com/a/compost_bags,medium/ph__compost_bags/compost_bags_1k.gltf,4-bag pile; ~0.68m each (relocated small->medium),0.4508,0.0857,0.3024,0.5037,hybrid,1,1,1
medium,중,polyhaven,hand_truck,0.593,1.403,0.693,1.403,13220,yes,CC0-1.0,https://polyhaven.com/a/hand_truck,medium/ph__hand_truck/hand_truck_1k.gltf,,0.1616,0.0469,0.086,0.215,projected,1,1,1
medium,중,polyhaven,industrial_storage_cart,1.603,1.377,1.103,1.603,18902,yes,CC0-1.0,https://polyhaven.com/a/industrial_storage_cart,medium/ph__industrial_storage_cart/industrial_storage_cart_1k.gltf,,0.6134,0.0319,0.5771,0.6451,projected,1,1,1
medium,중,polyhaven,korean_fire_extinguisher_01,0.28,0.659,0.367,0.659,9913,yes,CC0-1.0,https://polyhaven.com/a/korean_fire_extinguisher_01,medium/ph__korean_fire_extinguisher_01/korean_fire_extinguisher_01_1k.gltf,,0.5119,0.0896,0.4456,0.6639,projected,1,1,1
medium,중,polyhaven,metal_office_desk,2.0,0.788,0.947,2.0,6898,yes,CC0-1.0,https://polyhaven.com/a/metal_office_desk,medium/ph__metal_office_desk/metal_office_desk_1k.gltf,,0.7573,0.0171,0.7279,0.769,projected,1,1,1
medium,중,polyhaven,metal_stool_01,0.352,0.883,0.355,0.883,8334,yes,CC0-1.0,https://polyhaven.com/a/metal_stool_01,medium/ph__metal_stool_01/metal_stool_01_1k.gltf,,0.2529,0.0046,0.2484,0.2593,projected,1,1,1
medium,중,polyhaven,metal_tool_chest,0.685,0.652,0.407,0.685,13360,yes,CC0-1.0,https://polyhaven.com/a/metal_tool_chest,medium/ph__metal_tool_chest/metal_tool_chest_1k.gltf,,0.7723,0.1708,0.4902,0.9506,projected,1,1,1
medium,중,polyhaven,metal_toolbox,0.4,0.305,0.271,0.4,14228,yes,CC0-1.0,https://polyhaven.com/a/metal_toolbox,medium/ph__metal_toolbox/metal_toolbox_1k.gltf,,0.8231,0.1456,0.5868,0.985,projected,1,1,1
medium,중,polyhaven,metal_trash_can,1.778,0.906,0.556,1.778,13960,yes,CC0-1.0,https://polyhaven.com/a/metal_trash_can,medium/ph__metal_trash_can/metal_trash_can_1k.gltf,2-can set + lids; per-can ~0.6m,0.8349,0.1147,0.6541,0.9727,projected,1,1,1
medium,중,polyhaven,old_military_crate,1.815,0.301,0.976,1.815,10476,yes,CC0-1.0,https://polyhaven.com/a/old_military_crate,medium/ph__old_military_crate/old_military_crate_1k.gltf,crate + open lid + strap; single crate ~0.8m (relocated small->medium),0.7468,0.1293,0.5495,0.9101,projected,1,1,1
medium,중,polyhaven,old_tyre,0.6,0.6,0.165,0.6,2880,yes,CC0-1.0,https://polyhaven.com/a/old_tyre,medium/ph__old_tyre/old_tyre_1k.gltf,,0.9677,0.0,0.9677,0.9677,projected,1,1,1
medium,중,polyhaven,planter_box_01,0.913,0.425,0.414,0.913,8094,yes,CC0-1.0,https://polyhaven.com/a/planter_box_01,medium/ph__planter_box_01/planter_box_01_1k.gltf,,0.9607,0.0194,0.9272,0.9752,projected,1,1,1
medium,중,polyhaven,plastic_monobloc_chair_01,0.642,0.88,0.628,0.88,3356,yes,CC0-1.0,https://polyhaven.com/a/plastic_monobloc_chair_01,medium/ph__plastic_monobloc_chair_01/plastic_monobloc_chair_01_1k.gltf,,0.3396,0.0902,0.2343,0.4836,projected,1,1,1
medium,중,polyhaven,potted_plant_01,0.587,1.35,0.634,1.35,176226,yes,CC0-1.0,https://polyhaven.com/a/potted_plant_01,medium/ph__potted_plant_01/potted_plant_01_1k.gltf,,0.4554,0.0228,0.429,0.4918,raster,1,1,1
medium,중,polyhaven,propane_tank,0.337,0.554,0.337,0.554,5238,yes,CC0-1.0,https://polyhaven.com/a/propane_tank,medium/ph__propane_tank/propane_tank_1k.gltf,,0.8678,0.005,0.8639,0.8764,projected,1,1,1
medium,중,polyhaven,tool_cart,1.273,0.965,0.754,1.273,29394,yes,CC0-1.0,https://polyhaven.com/a/tool_cart,medium/ph__tool_cart/tool_cart_1k.gltf,,0.3842,0.0189,0.3653,0.4074,projected,1,1,1
small,소,gso,Clue_Board_Game_Classic_Edition,0.497,0.058,0.26,0.497,4450,yes,CC-BY-4.0,https://app.gazebosim.org/GoogleResearch/fuel/models/Clue_Board_Game_Classic_Edition,small/gso__Clue_Board_Game_Classic_Edition/meshes/model.obj,,0.9271,0.0632,0.8183,0.9716,hybrid,1,0,0
small,소,gso,CoQ10,0.047,0.048,0.084,0.084,10490,yes,CC-BY-4.0,https://app.gazebosim.org/GoogleResearch/fuel/models/CoQ10,small/gso__CoQ10/meshes/model.obj,,0.7652,0.2379,0.202,0.9421,projected,1,0,0
small,소,gso,Crunch_Girl_Scouts_Candy_Bars_Peanut_Butter_Creme_78_oz_box,0.139,0.063,0.164,0.164,3682,yes,CC-BY-4.0,https://app.gazebosim.org/GoogleResearch/fuel/models/Crunch_Girl_Scouts_Candy_Bars_Peanut_Butter_Creme_78_oz_box,small/gso__Crunch_Girl_Scouts_Candy_Bars_Peanut_Butter_Creme_78_oz_box/meshes/model.obj,,0.9712,0.0115,0.9587,0.9868,hybrid,1,0,0
small,소,gso,DPC_Handmade_Hat_Brown,0.318,0.354,0.143,0.354,22828,yes,CC-BY-4.0,https://app.gazebosim.org/GoogleResearch/fuel/models/DPC_Handmade_Hat_Brown,small/gso__DPC_Handmade_Hat_Brown/meshes/model.obj,,0.5433,0.0088,0.5291,0.5524,hybrid,1,0,0
small,소,gso,DPC_tropical_Trends_Hat,0.376,0.404,0.172,0.404,55206,yes,CC-BY-4.0,https://app.gazebosim.org/GoogleResearch/fuel/models/DPC_tropical_Trends_Hat,small/gso__DPC_tropical_Trends_Hat/meshes/model.obj,,0.4956,0.0096,0.4811,0.5078,hybrid,1,0,0
small,소,gso,Digital_Camo_Double_Decker_Lunch_Bag,0.261,0.182,0.219,0.261,16358,yes,CC-BY-4.0,https://app.gazebosim.org/GoogleResearch/fuel/models/Digital_Camo_Double_Decker_Lunch_Bag,small/gso__Digital_Camo_Double_Decker_Lunch_Bag/meshes/model.obj,,0.6371,0.2338,0.3669,0.9141,hybrid,1,0,0
small,소,gso,Don_Franciscos_Gourmet_Coffee_Medium_Decaf_100_Colombian_12_oz_340_g,0.103,0.103,0.141,0.141,9452,yes,CC-BY-4.0,https://app.gazebosim.org/GoogleResearch/fuel/models/Don_Franciscos_Gourmet_Coffee_Medium_Decaf_100_Colombian_12_oz_340_g,small/gso__Don_Franciscos_Gourmet_Coffee_Medium_Decaf_100_Colombian_12_oz_340_g/meshes/model.obj,,0.8655,0.1769,0.5592,0.9717,hybrid,1,0,0
small,소,gso,Hasbro_Monopoly_Hotels_Game,0.28,0.086,0.28,0.28,4016,yes,CC-BY-4.0,https://app.gazebosim.org/GoogleResearch/fuel/models/Hasbro_Monopoly_Hotels_Game,small/gso__Hasbro_Monopoly_Hotels_Game/meshes/model.obj,,0.7491,0.0374,0.6943,0.7859,projected,1,0,0
small,소,gso,Jansport_School_Backpack_Blue_Streak,0.358,0.369,0.44,0.44,30092,yes,CC-BY-4.0,https://app.gazebosim.org/GoogleResearch/fuel/models/Jansport_School_Backpack_Blue_Streak,small/gso__Jansport_School_Backpack_Blue_Streak/meshes/model.obj,,0.5846,0.3019,0.1571,0.8792,hybrid,1,0,0
small,소,gso,KS_Chocolate_Cube_Box_Assortment_By_Neuhaus_2010_Ounces,0.17,0.184,0.172,0.184,13200,yes,CC-BY-4.0,https://app.gazebosim.org/GoogleResearch/fuel/models/KS_Chocolate_Cube_Box_Assortment_By_Neuhaus_2010_Ounces,small/gso__KS_Chocolate_Cube_Box_Assortment_By_Neuhaus_2010_Ounces/meshes/model.obj,,0.7351,0.0866,0.6415,0.8486,projected,1,0,0
small,소,gso,Mens_Striper_Sneaker_in_White_rnp8HUli59Y,0.104,0.286,0.101,0.286,27882,yes,CC-BY-4.0,https://app.gazebosim.org/GoogleResearch/fuel/models/Mens_Striper_Sneaker_in_White_rnp8HUli59Y,small/gso__Mens_Striper_Sneaker_in_White_rnp8HUli59Y/meshes/model.obj,,0.5901,0.1172,0.4547,0.7205,hybrid,1,0,0
small,소,gso,Nescafe_Tasters_Choice_Instant_Coffee_Decaf_House_Blend_Light_7_oz,0.097,0.079,0.186,0.186,9214,yes,CC-BY-4.0,https://app.gazebosim.org/GoogleResearch/fuel/models/Nescafe_Tasters_Choice_Instant_Coffee_Decaf_House_Blend_Light_7_oz,small/gso__Nescafe_Tasters_Choice_Instant_Coffee_Decaf_House_Blend_Light_7_oz/meshes/model.obj,,0.696,0.3766,0.044,0.9264,hybrid,1,0,0
small,소,gso,Nestle_Nesquik_Chocolate_Powder_Flavored_Milk_Additive_109_Oz_Canister,0.062,0.107,0.144,0.144,14756,yes,CC-BY-4.0,https://app.gazebosim.org/GoogleResearch/fuel/models/Nestle_Nesquik_Chocolate_Powder_Flavored_Milk_Additive_109_Oz_Canister,small/gso__Nestle_Nesquik_Chocolate_Powder_Flavored_Milk_Additive_109_Oz_Canister/meshes/model.obj,,0.8803,0.0448,0.8089,0.9216,hybrid,1,0,0
small,소,gso,Olive_Kids_Dinosaur_Land_Sidekick_Backpack,0.31,0.292,0.38,0.38,22640,yes,CC-BY-4.0,https://app.gazebosim.org/GoogleResearch/fuel/models/Olive_Kids_Dinosaur_Land_Sidekick_Backpack,small/gso__Olive_Kids_Dinosaur_Land_Sidekick_Backpack/meshes/model.obj,,0.6659,0.1668,0.3851,0.8131,hybrid,1,0,0
small,소,gso,Organic_Whey_Protein_Vanilla,0.123,0.121,0.17,0.17,9416,yes,CC-BY-4.0,https://app.gazebosim.org/GoogleResearch/fuel/models/Organic_Whey_Protein_Vanilla,small/gso__Organic_Whey_Protein_Vanilla/meshes/model.obj,,0.916,0.0569,0.8175,0.9511,projected,1,0,0
small,소,gso,Timberland_Mens_Earthkeepers_Newmarket_6Inch_Cupsole_Boot,0.107,0.294,0.212,0.294,16976,yes,CC-BY-4.0,https://app.gazebosim.org/GoogleResearch/fuel/models/Timberland_Mens_Earthkeepers_Newmarket_6Inch_Cupsole_Boot,small/gso__Timberland_Mens_Earthkeepers_Newmarket_6Inch_Cupsole_Boot/meshes/model.obj,,0.4048,0.1845,0.2458,0.7125,hybrid,1,0,0
small,소,gso,Twinlab_100_Whey_Protein_Fuel_Chocolate,0.158,0.157,0.259,0.259,12770,yes,CC-BY-4.0,https://app.gazebosim.org/GoogleResearch/fuel/models/Twinlab_100_Whey_Protein_Fuel_Chocolate,small/gso__Twinlab_100_Whey_Protein_Fuel_Chocolate/meshes/model.obj,,0.6107,0.3419,0.1393,0.9391,projected,1,0,0
small,소,gso,UGG_Classic_Tall_Womens_Boots_Chestnut_7,0.11,0.291,0.332,0.332,17234,yes,CC-BY-4.0,https://app.gazebosim.org/GoogleResearch/fuel/models/UGG_Classic_Tall_Womens_Boots_Chestnut_7,small/gso__UGG_Classic_Tall_Womens_Boots_Chestnut_7/meshes/model.obj,,0.5195,0.261,0.087,0.7863,hybrid,1,0,0
small,소,gso,US_Army_Stash_Lunch_Bag,0.225,0.161,0.274,0.274,16422,yes,CC-BY-4.0,https://app.gazebosim.org/GoogleResearch/fuel/models/US_Army_Stash_Lunch_Bag,small/gso__US_Army_Stash_Lunch_Bag/meshes/model.obj,,0.5753,0.1761,0.2976,0.7803,hybrid,1,0,0
small,소,gso,U_By_Kotex_Sleek_Regular_Unscented_Tampons_36_Ct_Box,0.11,0.092,0.146,0.146,6972,yes,CC-BY-4.0,https://app.gazebosim.org/GoogleResearch/fuel/models/U_By_Kotex_Sleek_Regular_Unscented_Tampons_36_Ct_Box,small/gso__U_By_Kotex_Sleek_Regular_Unscented_Tampons_36_Ct_Box/meshes/model.obj,,0.7116,0.3494,0.1293,0.9867,hybrid,1,0,0
small,소,gso,Vans_Cereal_Honey_Nut_Crunch_11_oz_box,0.203,0.056,0.282,0.282,1446,yes,CC-BY-4.0,https://app.gazebosim.org/GoogleResearch/fuel/models/Vans_Cereal_Honey_Nut_Crunch_11_oz_box,small/gso__Vans_Cereal_Honey_Nut_Crunch_11_oz_box/meshes/model.obj,,0.9731,0.0092,0.964,0.9869,projected,1,0,0
small,소,gso,Vtech_Stack_Sing_Rings_636_Months,0.135,0.128,0.233,0.233,21056,yes,CC-BY-4.0,https://app.gazebosim.org/GoogleResearch/fuel/models/Vtech_Stack_Sing_Rings_636_Months,small/gso__Vtech_Stack_Sing_Rings_636_Months/meshes/model.obj,,0.5358,0.0481,0.4872,0.5973,hybrid,1,0,0
small,소,gso,Weisshai_Great_White_Shark,0.144,0.167,0.075,0.167,5912,yes,CC-BY-4.0,https://app.gazebosim.org/GoogleResearch/fuel/models/Weisshai_Great_White_Shark,small/gso__Weisshai_Great_White_Shark/meshes/model.obj,,0.4072,0.0576,0.3113,0.4524,hybrid,1,0,0
small,소,gso,Wooden_ABC_123_Blocks_50_pack,0.214,0.063,0.123,0.214,16908,yes,CC-BY-4.0,https://app.gazebosim.org/GoogleResearch/fuel/models/Wooden_ABC_123_Blocks_50_pack,small/gso__Wooden_ABC_123_Blocks_50_pack/meshes/model.obj,,0.6819,0.3873,0.0147,0.9654,projected,1,0,0
small,소,polyhaven,adjustable_wrench,0.068,0.254,0.031,0.254,5390,yes,CC0-1.0,https://polyhaven.com/a/adjustable_wrench,small/ph__adjustable_wrench/adjustable_wrench_1k.gltf,,0.7088,0.0445,0.6541,0.7713,projected,1,1,1
small,소,polyhaven,bleach_bottle,0.088,0.294,0.061,0.294,4052,yes,CC0-1.0,https://polyhaven.com/a/bleach_bottle,small/ph__bleach_bottle/bleach_bottle_1k.gltf,,0.8405,0.0146,0.8284,0.8642,projected,1,1,1
small,소,polyhaven,can_rusted,0.125,0.151,0.125,0.151,3520,yes,CC0-1.0,https://polyhaven.com/a/can_rusted,small/ph__can_rusted/can_rusted_1k.gltf,,0.756,0.2267,0.4671,0.9812,hybrid,1,1,1
small,소,polyhaven,cardboard_box_01,0.387,0.342,0.516,0.516,16952,yes,CC0-1.0,https://polyhaven.com/a/cardboard_box_01,small/ph__cardboard_box_01/cardboard_box_01_1k.gltf,,0.9175,0.0226,0.8805,0.9418,hybrid,1,1,1
small,소,polyhaven,cement_bag,0.462,0.18,0.7,0.7,844,yes,CC0-1.0,https://polyhaven.com/a/cement_bag,small/ph__cement_bag/cement_bag_1k.gltf,,0.9225,0.0176,0.8922,0.9349,projected,1,1,1
small,소,polyhaven,crowbar_01,0.04,0.555,0.128,0.555,2300,yes,CC0-1.0,https://polyhaven.com/a/crowbar_01,small/ph__crowbar_01/crowbar_01_1k.gltf,,0.5483,0.0292,0.5248,0.5982,projected,1,1,1
small,소,polyhaven,metal_jerrycan,0.35,0.455,0.172,0.455,20022,yes,CC0-1.0,https://polyhaven.com/a/metal_jerrycan,small/ph__metal_jerrycan/metal_jerrycan_1k.gltf,,0.9464,0.0187,0.9237,0.9747,projected,1,1,1
small,소,polyhaven,oil_tin,0.115,0.205,0.154,0.205,2834,yes,CC0-1.0,https://polyhaven.com/a/oil_tin,small/ph__oil_tin/oil_tin_1k.gltf,,0.9495,0.0081,0.936,0.9571,projected,1,1,1
small,소,polyhaven,plastic_bottle_gallon,0.166,0.274,0.126,0.274,13728,yes,CC0-1.0,https://polyhaven.com/a/plastic_bottle_gallon,small/ph__plastic_bottle_gallon/plastic_bottle_gallon_1k.gltf,,0.8065,0.0755,0.6776,0.8628,projected,1,1,1
small,소,polyhaven,plastic_crate_01,0.298,0.264,0.408,0.408,18320,yes,CC0-1.0,https://polyhaven.com/a/plastic_crate_01,small/ph__plastic_crate_01/plastic_crate_01_1k.gltf,,0.8408,0.0922,0.7465,0.9329,projected,1,1,1
small,소,polyhaven,plastic_crate_03,0.481,0.266,0.265,0.481,21740,yes,CC0-1.0,https://polyhaven.com/a/plastic_crate_03,small/ph__plastic_crate_03/plastic_crate_03_1k.gltf,,0.8218,0.136,0.6777,0.9577,projected,1,1,1
small,소,polyhaven,russian_food_cans_01,0.142,0.085,0.046,0.142,1348,yes,CC0-1.0,https://polyhaven.com/a/russian_food_cans_01,small/ph__russian_food_cans_01/russian_food_cans_01_1k.gltf,multi-can set,0.5747,0.1042,0.4267,0.7213,projected,1,1,1
small,소,polyhaven,sledgehammer_01,0.208,1.006,0.09,1.006,2596,yes,CC0-1.0,https://polyhaven.com/a/sledgehammer_01,small/ph__sledgehammer_01/sledgehammer_01_1k.gltf,,0.6474,0.2033,0.4823,0.9957,projected,1,1,1
small,소,polyhaven,wicker_basket_01,0.383,0.117,0.295,0.383,22276,yes,CC0-1.0,https://polyhaven.com/a/wicker_basket_01,small/ph__wicker_basket_01/wicker_basket_01_1k.gltf,,0.868,0.0038,0.864,0.8724,projected,1,1,1
small,소,polyhaven,wine_bottles_01,0.676,0.331,0.081,0.676,28848,yes,CC0-1.0,https://polyhaven.com/a/wine_bottles_01,small/ph__wine_bottles_01/wine_bottles_01_1k.gltf,multi-bottle set,0.4876,0.1635,0.3217,0.7592,projected,1,1,1
small,소,polyhaven,wooden_crate_01,0.825,0.35,0.409,0.825,6576,yes,CC0-1.0,https://polyhaven.com/a/wooden_crate_01,small/ph__wooden_crate_01/wooden_crate_01_1k.gltf,,0.9288,0.0345,0.8745,0.9587,projected,1,1,1
road,도로,polyhaven,WetFloorSign_01,0.3,0.63,0.359,0.63,228,yes,CC0-1.0,https://polyhaven.com/a/WetFloorSign_01,road/ph__WetFloorSign_01/WetFloorSign_01_1k.gltf,,0.5897,0.2978,0.0936,0.8884,projected,0,1,1
road,도로,polyhaven,concrete_road_barrier,1.545,0.831,0.639,1.545,60928,yes,CC0-1.0,https://polyhaven.com/a/concrete_road_barrier,road/ph__concrete_road_barrier/concrete_road_barrier_1k.gltf,,0.7231,0.1714,0.5129,0.9479,hybrid,0,1,1
road,도로,polyhaven,concrete_road_barrier_02,1.565,1.112,0.442,1.565,23822,yes,CC0-1.0,https://polyhaven.com/a/concrete_road_barrier_02,road/ph__concrete_road_barrier_02/concrete_road_barrier_02_1k.gltf,,0.7784,0.1141,0.5832,0.8637,projected,0,1,1
road,도로,polyhaven,fire_hydrant,0.875,0.799,0.318,0.875,86316,yes,CC0-1.0,https://polyhaven.com/a/fire_hydrant,road/ph__fire_hydrant/fire_hydrant_1k.gltf,,0.4902,0.0635,0.3969,0.5762,projected,0,1,1
road,도로,polyhaven,modular_chainlink_fence,8.115,2.523,2.149,8.115,89232,yes,CC0-1.0,https://polyhaven.com/a/modular_chainlink_fence,road/ph__modular_chainlink_fence/modular_chainlink_fence_1k.gltf,"modular fence, 8.1m-long segment set",0.5685,0.2678,0.1486,0.8874,projected,0,1,1
road,도로,polyhaven,power_box_01,0.461,0.503,0.399,0.503,21272,yes,CC0-1.0,https://polyhaven.com/a/power_box_01,road/ph__power_box_01/power_box_01_1k.gltf,,0.5976,0.2755,0.197,0.9756,projected,0,1,1
road,도로,polyhaven,street_lamp_01,0.704,3.871,0.386,3.871,30610,yes,CC0-1.0,https://polyhaven.com/a/street_lamp_01,road/ph__street_lamp_01/street_lamp_01_1k.gltf,,0.2753,0.0524,0.1965,0.345,projected,0,1,1
road,도로,polyhaven,utility_box_01,0.52,1.12,0.432,1.12,4404,yes,CC0-1.0,https://polyhaven.com/a/utility_box_01,road/ph__utility_box_01/utility_box_01_1k.gltf,,0.9166,0.0321,0.8664,0.9555,projected,0,1,1
indoor,실내,gso,Central_Garden_Flower_Pot_Goo_425,0.115,0.114,0.101,0.115,7768,yes,CC-BY-4.0,https://app.gazebosim.org/GoogleResearch/fuel/models/Central_Garden_Flower_Pot_Goo_425,indoor/gso__Central_Garden_Flower_Pot_Goo_425/meshes/model.obj,,0.5854,0.3323,0.0099,0.7801,projected,1,0,0
indoor,실내,gso,Ecoforms_Plant_Container_URN_NAT,0.149,0.149,0.16,0.16,4926,yes,CC-BY-4.0,https://app.gazebosim.org/GoogleResearch/fuel/models/Ecoforms_Plant_Container_URN_NAT,indoor/gso__Ecoforms_Plant_Container_URN_NAT/meshes/model.obj,,0.5953,0.3379,0.01,0.7918,projected,1,0,0
indoor,실내,gso,Snack_Catcher_Snack_Dispenser,0.135,0.091,0.088,0.135,16406,yes,CC-BY-4.0,https://app.gazebosim.org/GoogleResearch/fuel/models/Snack_Catcher_Snack_Dispenser,indoor/gso__Snack_Catcher_Snack_Dispenser/meshes/model.obj,,0.6572,0.2161,0.3183,0.8538,hybrid,1,0,0
indoor,실내,gso,Squirt_Strain_Fruit_Basket,0.114,0.089,0.113,0.114,15612,yes,CC-BY-4.0,https://app.gazebosim.org/GoogleResearch/fuel/models/Squirt_Strain_Fruit_Basket,indoor/gso__Squirt_Strain_Fruit_Basket/meshes/model.obj,,0.4901,0.0883,0.3817,0.5841,projected,1,0,0
indoor,실내,gso,Target_Basket_Medium,0.27,0.268,0.218,0.27,85812,yes,CC-BY-4.0,https://app.gazebosim.org/GoogleResearch/fuel/models/Target_Basket_Medium,indoor/gso__Target_Basket_Medium/meshes/model.obj,,0.9125,0.0141,0.8927,0.9298,hybrid,1,0,0
indoor,실내,gso,Threshold_Porcelain_Teapot_White,0.187,0.184,0.136,0.187,8324,yes,CC-BY-4.0,https://app.gazebosim.org/GoogleResearch/fuel/models/Threshold_Porcelain_Teapot_White,indoor/gso__Threshold_Porcelain_Teapot_White/meshes/model.obj,,0.5922,0.285,0.1052,0.8147,projected,1,0,0
indoor,실내,gso,TriStar_Products_PPC_Power_Pressure_Cooker_XL_in_Black,0.312,0.294,0.33,0.33,25054,yes,CC-BY-4.0,https://app.gazebosim.org/GoogleResearch/fuel/models/TriStar_Products_PPC_Power_Pressure_Cooker_XL_in_Black,indoor/gso__TriStar_Products_PPC_Power_Pressure_Cooker_XL_in_Black/meshes/model.obj,,0.5892,0.1895,0.3284,0.7976,hybrid,1,0,0
indoor,실내,gso,Utana_5_Porcelain_Ramekin_Large,0.132,0.132,0.07,0.132,18670,yes,CC-BY-4.0,https://app.gazebosim.org/GoogleResearch/fuel/models/Utana_5_Porcelain_Ramekin_Large,indoor/gso__Utana_5_Porcelain_Ramekin_Large/meshes/model.obj,,0.4965,0.4177,0.0753,0.9201,projected,1,0,0
indoor,실내,polyhaven,Shelf_01,1.003,2.08,0.257,2.08,182,yes,CC0-1.0,https://polyhaven.com/a/Shelf_01,indoor/ph__Shelf_01/Shelf_01_1k.gltf,,0.9679,0.0088,0.953,0.9759,projected,1,0,0
indoor,실내,polyhaven,drawer_cabinet,1.141,1.881,0.488,1.881,26406,yes,CC0-1.0,https://polyhaven.com/a/drawer_cabinet,indoor/ph__drawer_cabinet/drawer_cabinet_1k.gltf,,0.4759,0.0216,0.4395,0.4964,projected,1,0,0
indoor,실내,polyhaven,dustpan,0.332,0.1,0.368,0.368,4332,yes,CC0-1.0,https://polyhaven.com/a/dustpan,indoor/ph__dustpan/dustpan_1k.gltf,,0.2417,0.1512,0.0728,0.4723,projected,1,0,0
indoor,실내,polyhaven,multi_cleaner_5_litre,0.219,0.3,0.106,0.3,4332,yes,CC0-1.0,https://polyhaven.com/a/multi_cleaner_5_litre,indoor/ph__multi_cleaner_5_litre/multi_cleaner_5_litre_1k.gltf,,0.8932,0.0052,0.8852,0.8995,projected,1,0,0
indoor,실내,polyhaven,painted_wooden_cabinet,1.195,1.182,0.617,1.195,2227,yes,CC0-1.0,https://polyhaven.com/a/painted_wooden_cabinet,indoor/ph__painted_wooden_cabinet/painted_wooden_cabinet_1k.gltf,,0.9306,0.0245,0.8886,0.9498,projected,1,0,0
indoor,실내,polyhaven,plastic_broom,0.416,1.198,0.567,1.198,18736,yes,CC0-1.0,https://polyhaven.com/a/plastic_broom,indoor/ph__plastic_broom/plastic_broom_1k.gltf,,0.0612,0.0189,0.0342,0.0875,projected,1,0,0
indoor,실내,polyhaven,steel_frame_shelves_02,0.593,2.142,0.502,2.142,4348,yes,CC0-1.0,https://polyhaven.com/a/steel_frame_shelves_02,indoor/ph__steel_frame_shelves_02/steel_frame_shelves_02_1k.gltf,,0.2375,0.0442,0.1867,0.2815,projected,1,0,0
indoor,실내,polyhaven,watering_can_metal_01,0.191,0.197,0.452,0.452,11837,yes,CC0-1.0,https://polyhaven.com/a/watering_can_metal_01,indoor/ph__watering_can_metal_01/watering_can_metal_01_1k.gltf,,0.5443,0.1276,0.3957,0.7481,projected,1,0,0
indoor,실내,polyhaven,wooden_bookshelf_worn,1.374,2.063,0.581,2.063,10106,yes,CC0-1.0,https://polyhaven.com/a/wooden_bookshelf_worn,indoor/ph__wooden_bookshelf_worn/wooden_bookshelf_worn_1k.gltf,,0.6379,0.251,0.2443,0.9429,projected,1,0,0
indoor,실내,polyhaven,wooden_broom,0.49,1.454,0.113,1.454,14258,yes,CC0-1.0,https://polyhaven.com/a/wooden_broom,indoor/ph__wooden_broom/wooden_broom_1k.gltf,,0.4043,0.1483,0.2481,0.6485,projected,1,0,0
large,대,sketchfab,forklift_01,0.83,1.539,2.5,2.5,11100,yes,CC-BY-4.0,https://sketchfab.com/3d-models/forklift-bdb03db7036e436286f4e2fd34c02a89,large/sf__forklift_01/forklift_01.glb,"uid=bdb03db7036e436286f4e2fd34c02a89; author=fdgasd7; sketchfab_title=Forklift; category=forklift; normalized: upright Z-up, uniform-scaled to real max-dim 2.50m, grounded z=0, XY-centered",0.5646,0.1374,0.3656,0.7538,hybrid,1,1,1
large,대,sketchfab,forklift_02,2.5,1.774,0.928,2.5,57988,yes,CC-BY-4.0,https://sketchfab.com/3d-models/forklift-d40cae50e04145dd997cdca415cd72ad,large/sf__forklift_02/forklift_02.glb,"uid=d40cae50e04145dd997cdca415cd72ad; author=mansta9; sketchfab_title=Forklift; category=forklift; normalized: upright Z-up, uniform-scaled to real max-dim 2.50m, grounded z=0, XY-centered",0.5807,0.1199,0.397,0.7333,projected,1,1,1
large,대,sketchfab,cargo_truck_01,2.321,2.038,6.5,6.5,126240,yes,CC-BY-4.0,https://sketchfab.com/3d-models/isuzu-cargo-base-truck-6f5765ef13294287b5d14df4ba64d5bf,large/sf__cargo_truck_01/cargo_truck_01.glb,"uid=6f5765ef13294287b5d14df4ba64d5bf; author=VuckyZ123; sketchfab_title=Isuzu Cargo Base Truck; category=truck; normalized: upright Z-up, uniform-scaled to real max-dim 6.50m, grounded z=0, XY-centered",0.4835,0.1427,0.3209,0.7132,raster,1,1,1
large,대,sketchfab,delivery_truck_01,2.665,2.591,6.0,6.0,4096,yes,CC-BY-4.0,https://sketchfab.com/3d-models/delivery-truck-1d53f7fa474849db812102dfa5d070d0,large/sf__delivery_truck_01/delivery_truck_01.glb,"uid=1d53f7fa474849db812102dfa5d070d0; author=jasmin.daniel; sketchfab_title=DELIVERY TRUCK; category=truck; normalized: upright Z-up, uniform-scaled to real max-dim 6.00m, grounded z=0, XY-centered",0.7897,0.0269,0.7432,0.8066,projected,1,1,1
large,대,sketchfab,delivery_van_01,2.476,2.34,5.0,5.0,21317,yes,CC-BY-4.0,https://sketchfab.com/3d-models/european-delivery-van-0b2f1ad95a79419f9a092420024d329c,large/sf__delivery_van_01/delivery_van_01.glb,"uid=0b2f1ad95a79419f9a092420024d329c; author=evan.hiltz; sketchfab_title=European Delivery Van; category=van; normalized: upright Z-up, uniform-scaled to real max-dim 5.00m, grounded z=0, XY-centered",0.8028,0.0452,0.731,0.8424,hybrid,1,1,1
medium,중,sketchfab,hand_truck_01,0.667,1.4,0.688,1.4,3752,yes,CC-BY-4.0,https://sketchfab.com/3d-models/industrial-hand-truck-a7b424b174ba456f9d84624c1835a2f5,medium/sf__hand_truck_01/hand_truck_01.glb,"uid=a7b424b174ba456f9d84624c1835a2f5; author=ittoKubashi7; sketchfab_title=Industrial hand truck; category=hand_truck; normalized: upright Z-up, uniform-scaled to real max-dim 1.40m, grounded z=0, XY-centered",0.1175,0.0294,0.0667,0.1389,projected,1,1,1
medium,중,sketchfab,hand_truck_scan_02,0.836,1.4,0.684,1.4,20136,yes,CC-BY-4.0,https://sketchfab.com/3d-models/3d-scan-quixel-megascans-metal-hand-truck-df28fe2186a3417090b912d63daca2b4,medium/sf__hand_truck_scan_02/hand_truck_scan_02.glb,"uid=df28fe2186a3417090b912d63daca2b4; author=Guay0; sketchfab_title=Quixel Megascans Metal Hand Truck; category=hand_truck; normalized: upright Z-up, uniform-scaled to real max-dim 1.40m, grounded z=0, XY-centered",0.1783,0.0623,0.0901,0.2664,projected,1,1,1
large,대,sketchfab,storage_rack_01,1.757,2.0,0.352,2.0,768,yes,CC-BY-4.0,https://sketchfab.com/3d-models/storage-rack-f990c9d601bd480798d12fd5a60dcb5a,large/sf__storage_rack_01/storage_rack_01.glb,"uid=f990c9d601bd480798d12fd5a60dcb5a; author=andersta; sketchfab_title=Storage Rack; category=pallet_rack; normalized: upright Z-up, uniform-scaled to real max-dim 2.00m, grounded z=0, XY-centered",0.2309,0.1372,0.1007,0.5676,projected,1,1,1
road,도로,sketchfab,no_parking_sign_01,1.5,0.563,0.006,1.5,2384,yes,CC-BY-4.0,https://sketchfab.com/3d-models/no-parking-sign-3e6e0c4e68794d0d852a28be2f30c766,road/sf__no_parking_sign_01/no_parking_sign_01.glb,"uid=3e6e0c4e68794d0d852a28be2f30c766; author=polygroun; sketchfab_title=No Parking Sign; category=sign; normalized: upright Z-up, uniform-scaled to real max-dim 1.50m, grounded z=0, XY-centered",0.237,0.4085,0.0,0.9445,projected,0,1,1
road,도로,sketchfab,construction_sign_01,1.068,1.2,0.059,1.2,804,yes,CC-BY-4.0,https://sketchfab.com/3d-models/construction-sign-7f84fa84c2064de496a68e2cab2acf51,road/sf__construction_sign_01/construction_sign_01.glb,"uid=7f84fa84c2064de496a68e2cab2acf51; author=SweetLemons; sketchfab_title=construction sign; category=sign; normalized: upright Z-up, uniform-scaled to real max-dim 1.20m, grounded z=0, XY-centered",0.4797,0.0413,0.4507,0.551,projected,0,1,1
indoor,실내,sketchfab,water_dispenser_01,0.325,1.1,0.414,1.1,1388,yes,CC-BY-4.0,https://sketchfab.com/3d-models/brio-water-dispenser-818b5e12dd3c47c4939e5b4c9c45b6a5,indoor/sf__water_dispenser_01/water_dispenser_01.glb,"uid=818b5e12dd3c47c4939e5b4c9c45b6a5; author=dana.digital; sketchfab_title=Brio Water Dispenser; category=water_dispenser; normalized: upright Z-up, uniform-scaled to real max-dim 1.10m, grounded z=0, XY-centered",0.9812,0.0159,0.956,1.0,projected,1,0,0
small,소,sketchfab,hard_hat_01,0.199,0.132,0.28,0.28,2432,yes,CC-BY-4.0,https://sketchfab.com/3d-models/safety-helmet-f9c17905f17a45d885442ebace25a66f,small/sf__hard_hat_01/hard_hat_01.glb,"uid=f9c17905f17a45d885442ebace25a66f; author=muradyanhovo1117; sketchfab_title=Safety Helmet; category=hard_hat; normalized: upright Z-up, uniform-scaled to real max-dim 0.28m, grounded z=0, XY-centered",0.645,0.0326,0.6135,0.6997,projected,1,1,1
small,소,sketchfab,hard_hat_02,0.21,0.152,0.28,0.28,1872,yes,CC-BY-4.0,https://sketchfab.com/3d-models/hard-hat3-cc19391032eb4ff7872b274df375801e,small/sf__hard_hat_02/hard_hat_02.glb,"uid=cc19391032eb4ff7872b274df375801e; author=kristiyan; sketchfab_title=Hard Hat3; category=hard_hat; normalized: upright Z-up, uniform-scaled to real max-dim 0.28m, grounded z=0, XY-centered",0.5991,0.0518,0.5369,0.6807,projected,1,1,1
road,도로,sketchfab,bollard_01,0.196,1.0,0.196,1.0,2266,yes,CC-BY-4.0,https://sketchfab.com/3d-models/bollard-aa382530c7624927a782547def4c85cb,road/sf__bollard_01/bollard_01.glb,"uid=aa382530c7624927a782547def4c85cb; author=MaX3Dd; sketchfab_title=Bollard; category=barrier; normalized: upright Z-up, uniform-scaled to real max-dim 1.00m, grounded z=0, XY-centered",0.691,0.0001,0.6909,0.6911,projected,0,1,1
road,도로,sketchfab,construction_barrier_01,2.0,1.223,0.337,2.0,538,yes,CC-BY-4.0,https://sketchfab.com/3d-models/construction-site-barrier-3917d39740eb4c008924a08c273412d1,road/sf__construction_barrier_01/construction_barrier_01.glb,"uid=3917d39740eb4c008924a08c273412d1; author=lwse; sketchfab_title=construction site barrier; category=barrier; normalized: upright Z-up, uniform-scaled to real max-dim 2.00m, grounded z=0, XY-centered",0.2068,0.0657,0.128,0.2718,projected,0,1,1
road,도로,sketchfab,traffic_barricade_01,0.868,1.2,0.448,1.2,408,yes,CC-BY-4.0,https://sketchfab.com/3d-models/traffic-barrier-53fb77ce2c9248319d8913f3526cd047,road/sf__traffic_barricade_01/traffic_barricade_01.glb,"uid=53fb77ce2c9248319d8913f3526cd047; author=chamindu918; sketchfab_title=Traffic Barrier; category=barrier; normalized: upright Z-up, uniform-scaled to real max-dim 1.20m, grounded z=0, XY-centered",0.4959,0.1959,0.1585,0.6429,projected,0,1,1
indoor,실내,gso,ACE_Coffee_Mug_Kristen_16_oz_cup,0.126,0.091,0.135,0.135,11224,yes,CC-BY-4.0,https://app.gazebosim.org/GoogleResearch/fuel/models/ACE_Coffee_Mug_Kristen_16_oz_cup,indoor/gso__ACE_Coffee_Mug_Kristen_16_oz_cup/meshes/model.obj,,0.6701,0.2462,0.2485,0.8516,projected,1,0,0
indoor,실내,gso,Closetmaid_Premium_Fabric_Cube_Red,0.322,0.275,0.289,0.322,12158,yes,CC-BY-4.0,https://app.gazebosim.org/GoogleResearch/fuel/models/Closetmaid_Premium_Fabric_Cube_Red,indoor/gso__Closetmaid_Premium_Fabric_Cube_Red/meshes/model.obj,,0.888,0.0261,0.8592,0.9296,hybrid,1,0,0
indoor,실내,gso,Cole_Hardware_Flower_Pot_1025,0.25,0.247,0.217,0.25,5820,yes,CC-BY-4.0,https://app.gazebosim.org/GoogleResearch/fuel/models/Cole_Hardware_Flower_Pot_1025,indoor/gso__Cole_Hardware_Flower_Pot_1025/meshes/model.obj,,0.6794,0.2105,0.3148,0.8053,projected,1,0,0
indoor,실내,gso,Cole_Hardware_Mug_Classic_Blue,0.166,0.126,0.095,0.166,8716,yes,CC-BY-4.0,https://app.gazebosim.org/GoogleResearch/fuel/models/Cole_Hardware_Mug_Classic_Blue,indoor/gso__Cole_Hardware_Mug_Classic_Blue/meshes/model.obj,,0.8619,0.0635,0.7617,0.9335,projected,1,0,0
indoor,실내,gso,Curver_Storage_Bin_Black_Small,0.286,0.193,0.134,0.286,86044,yes,CC-BY-4.0,https://app.gazebosim.org/GoogleResearch/fuel/models/Curver_Storage_Bin_Black_Small,indoor/gso__Curver_Storage_Bin_Black_Small/meshes/model.obj,,0.9445,0.0203,0.9241,0.969,hybrid,1,0,0
indoor,실내,gso,Down_To_Earth_Orchid_Pot_Ceramic_Red,0.131,0.131,0.12,0.131,24492,yes,CC-BY-4.0,https://app.gazebosim.org/GoogleResearch/fuel/models/Down_To_Earth_Orchid_Pot_Ceramic_Red,indoor/gso__Down_To_Earth_Orchid_Pot_Ceramic_Red/meshes/model.obj,,0.8442,0.0359,0.7854,0.8793,hybrid,1,0,0
indoor,실내,gso,Ecoforms_Garden_Pot_GP16ATurquois,0.164,0.164,0.161,0.164,9126,yes,CC-BY-4.0,https://app.gazebosim.org/GoogleResearch/fuel/models/Ecoforms_Garden_Pot_GP16ATurquois,indoor/gso__Ecoforms_Garden_Pot_GP16ATurquois/meshes/model.obj,,0.6755,0.2381,0.0938,0.8226,projected,1,0,0
indoor,실내,gso,Ecoforms_Plant_Bowl_Turquoise_7,0.182,0.182,0.123,0.182,6254,yes,CC-BY-4.0,https://app.gazebosim.org/GoogleResearch/fuel/models/Ecoforms_Plant_Bowl_Turquoise_7,indoor/gso__Ecoforms_Plant_Bowl_Turquoise_7/meshes/model.obj,,0.8174,0.0017,0.8153,0.8193,projected,1,0,0
indoor,실내,gso,Ecoforms_Plant_Container_QP_Turquoise,0.088,0.088,0.09,0.09,14776,yes,CC-BY-4.0,https://app.gazebosim.org/GoogleResearch/fuel/models/Ecoforms_Plant_Container_QP_Turquoise,indoor/gso__Ecoforms_Plant_Container_QP_Turquoise/meshes/model.obj,,0.8424,0.0019,0.8398,0.8448,projected,1,0,0
indoor,실내,gso,Ecoforms_Plant_Container_URN_SAN,0.149,0.149,0.159,0.159,4930,yes,CC-BY-4.0,https://app.gazebosim.org/GoogleResearch/fuel/models/Ecoforms_Plant_Container_URN_SAN,indoor/gso__Ecoforms_Plant_Container_URN_SAN/meshes/model.obj,,0.3985,0.3917,0.0067,0.7923,projected,1,0,0
indoor,실내,gso,Hefty_Waste_Basket_Decorative_Bronze_85_liter,0.271,0.204,0.3,0.3,13430,yes,CC-BY-4.0,https://app.gazebosim.org/GoogleResearch/fuel/models/Hefty_Waste_Basket_Decorative_Bronze_85_liter,indoor/gso__Hefty_Waste_Basket_Decorative_Bronze_85_liter/meshes/model.obj,,0.8262,0.0187,0.7942,0.8416,projected,1,0,0
indoor,실내,gso,Markings_Desk_Caddy,0.105,0.293,0.113,0.293,24970,yes,CC-BY-4.0,https://app.gazebosim.org/GoogleResearch/fuel/models/Markings_Desk_Caddy,indoor/gso__Markings_Desk_Caddy/meshes/model.obj,,0.8461,0.082,0.7068,0.9079,hybrid,1,0,0
indoor,실내,gso,Now_Designs_Bowl_Akita_Black,0.16,0.159,0.075,0.16,42522,yes,CC-BY-4.0,https://app.gazebosim.org/GoogleResearch/fuel/models/Now_Designs_Bowl_Akita_Black,indoor/gso__Now_Designs_Bowl_Akita_Black/meshes/model.obj,,0.7543,0.0041,0.7485,0.7598,hybrid,1,0,0
indoor,실내,gso,Room_Essentials_Bowl_Turquiose,0.157,0.157,0.083,0.157,5112,yes,CC-BY-4.0,https://app.gazebosim.org/GoogleResearch/fuel/models/Room_Essentials_Bowl_Turquiose,indoor/gso__Room_Essentials_Bowl_Turquiose/meshes/model.obj,,0.6555,0.2866,0.1591,0.8249,projected,1,0,0
indoor,실내,gso,Room_Essentials_Fabric_Cube_Lavender,0.28,0.286,0.285,0.286,11496,yes,CC-BY-4.0,https://app.gazebosim.org/GoogleResearch/fuel/models/Room_Essentials_Fabric_Cube_Lavender,indoor/gso__Room_Essentials_Fabric_Cube_Lavender/meshes/model.obj,,0.7529,0.372,0.1087,0.9754,projected,1,0,0
indoor,실내,gso,Room_Essentials_Mug_White_Yellow,0.137,0.102,0.105,0.137,8454,yes,CC-BY-4.0,https://app.gazebosim.org/GoogleResearch/fuel/models/Room_Essentials_Mug_White_Yellow,indoor/gso__Room_Essentials_Mug_White_Yellow/meshes/model.obj,,0.7936,0.0677,0.7041,0.8713,projected,1,0,0
indoor,실내,gso,Sapota_Threshold_4_Ceramic_Round_Planter_Red,0.106,0.11,0.097,0.11,13368,yes,CC-BY-4.0,https://app.gazebosim.org/GoogleResearch/fuel/models/Sapota_Threshold_4_Ceramic_Round_Planter_Red,indoor/gso__Sapota_Threshold_4_Ceramic_Round_Planter_Red/meshes/model.obj,,0.798,0.0969,0.5484,0.8604,projected,1,0,0
indoor,실내,gso,Spritz_Easter_Basket_Plastic_Teal,0.191,0.183,0.129,0.191,12630,yes,CC-BY-4.0,https://app.gazebosim.org/GoogleResearch/fuel/models/Spritz_Easter_Basket_Plastic_Teal,indoor/gso__Spritz_Easter_Basket_Plastic_Teal/meshes/model.obj,,0.908,0.0178,0.8835,0.9303,hybrid,1,0,0
indoor,실내,gso,Threshold_Basket_Natural_Finish_Fabric_Liner_Small,0.239,0.162,0.148,0.239,66390,yes,CC-BY-4.0,https://app.gazebosim.org/GoogleResearch/fuel/models/Threshold_Basket_Natural_Finish_Fabric_Liner_Small,indoor/gso__Threshold_Basket_Natural_Finish_Fabric_Liner_Small/meshes/model.obj,,0.9194,0.0082,0.9105,0.9317,hybrid,1,0,0
indoor,실내,gso,Threshold_Porcelain_Pitcher_White,0.239,0.169,0.278,0.278,9344,yes,CC-BY-4.0,https://app.gazebosim.org/GoogleResearch/fuel/models/Threshold_Porcelain_Pitcher_White,indoor/gso__Threshold_Porcelain_Pitcher_White/meshes/model.obj,,0.7193,0.0675,0.6145,0.7995,projected,1,0,0
indoor,실내,gso,Threshold_Porcelain_Serving_Bowl_Coupe_White,0.208,0.209,0.069,0.209,5946,yes,CC-BY-4.0,https://app.gazebosim.org/GoogleResearch/fuel/models/Threshold_Porcelain_Serving_Bowl_Coupe_White,indoor/gso__Threshold_Porcelain_Serving_Bowl_Coupe_White/meshes/model.obj,,0.4798,0.2847,0.1756,0.8345,projected,1,0,0
small,소,gso,3M_Vinyl_Tape_Green_1_x_36_yd,0.111,0.11,0.027,0.111,11422,yes,CC-BY-4.0,https://app.gazebosim.org/GoogleResearch/fuel/models/3M_Vinyl_Tape_Green_1_x_36_yd,small/gso__3M_Vinyl_Tape_Green_1_x_36_yd/meshes/model.obj,,0.7872,0.1167,0.6337,0.9494,projected,1,0,0
small,소,gso,Animal_Crossing_New_Leaf_Nintendo_3DS_Game,0.137,0.125,0.015,0.137,2444,yes,CC-BY-4.0,https://app.gazebosim.org/GoogleResearch/fuel/models/Animal_Crossing_New_Leaf_Nintendo_3DS_Game,small/gso__Animal_Crossing_New_Leaf_Nintendo_3DS_Game/meshes/model.obj,,0.7232,0.38,0.0654,0.96,hybrid,1,0,0
small,소,gso,Asus_Z97AR_LGA_1150_Intel_ATX_Motherboard,0.334,0.073,0.268,0.334,5896,yes,CC-BY-4.0,https://app.gazebosim.org/GoogleResearch/fuel/models/Asus_Z97AR_LGA_1150_Intel_ATX_Motherboard,small/gso__Asus_Z97AR_LGA_1150_Intel_ATX_Motherboard/meshes/model.obj,,0.7349,0.4027,0.0378,0.9802,projected,1,0,0
small,소,gso,Balderdash_Game,0.205,0.061,0.269,0.269,1464,yes,CC-BY-4.0,https://app.gazebosim.org/GoogleResearch/fuel/models/Balderdash_Game,small/gso__Balderdash_Game/meshes/model.obj,,0.7298,0.4189,0.0043,0.9822,projected,1,0,0
small,소,gso,Blue_Jasmine_Includes_Digital_Copy_UltraViolet_DVD,0.138,0.193,0.017,0.193,6068,yes,CC-BY-4.0,https://app.gazebosim.org/GoogleResearch/fuel/models/Blue_Jasmine_Includes_Digital_Copy_UltraViolet_DVD,small/gso__Blue_Jasmine_Includes_Digital_Copy_UltraViolet_DVD/meshes/model.obj,,0.879,0.0464,0.8083,0.9326,projected,1,0,0
small,소,gso,Brother_Ink_Cartridge_Magenta_LC75M,0.088,0.031,0.147,0.147,4782,yes,CC-BY-4.0,https://app.gazebosim.org/GoogleResearch/fuel/models/Brother_Ink_Cartridge_Magenta_LC75M,small/gso__Brother_Ink_Cartridge_Magenta_LC75M/meshes/model.obj,,0.8633,0.1265,0.6487,0.9765,projected,1,0,0
small,소,gso,Canon_Pixma_Ink_Cartridge_251_M,0.024,0.112,0.097,0.112,6536,yes,CC-BY-4.0,https://app.gazebosim.org/GoogleResearch/fuel/models/Canon_Pixma_Ink_Cartridge_251_M,small/gso__Canon_Pixma_Ink_Cartridge_251_M/meshes/model.obj,,0.8282,0.1608,0.5563,0.9736,projected,1,0,0
small,소,gso,Clorox_Premium_Choice_Gloves_SM_1_pair,0.274,0.326,0.064,0.326,10368,yes,CC-BY-4.0,https://app.gazebosim.org/GoogleResearch/fuel/models/Clorox_Premium_Choice_Gloves_SM_1_pair,small/gso__Clorox_Premium_Choice_Gloves_SM_1_pair/meshes/model.obj,,0.3328,0.0688,0.2438,0.4302,hybrid,1,0,0
small,소,gso,Cole_Hardware_Hammer_Black,0.292,0.06,0.096,0.292,7836,yes,CC-BY-4.0,https://app.gazebosim.org/GoogleResearch/fuel/models/Cole_Hardware_Hammer_Black,small/gso__Cole_Hardware_Hammer_Black/meshes/model.obj,,0.5151,0.2456,0.2908,0.9303,projected,1,0,0
small,소,gso,Craftsman_Grip_Screwdriver_Phillips_Cushion,0.26,0.036,0.038,0.26,5610,yes,CC-BY-4.0,https://app.gazebosim.org/GoogleResearch/fuel/models/Craftsman_Grip_Screwdriver_Phillips_Cushion,small/gso__Craftsman_Grip_Screwdriver_Phillips_Cushion/meshes/model.obj,,0.4063,0.2158,0.101,0.7114,hybrid,1,0,0
small,소,gso,Crayola_Crayons_24_count,0.074,0.03,0.117,0.117,7562,yes,CC-BY-4.0,https://app.gazebosim.org/GoogleResearch/fuel/models/Crayola_Crayons_24_count,small/gso__Crayola_Crayons_24_count/meshes/model.obj,,0.8956,0.0482,0.8163,0.9439,hybrid,1,0,0
small,소,gso,Crayola_Washable_Sidewalk_Chalk_16_pack,0.092,0.092,0.148,0.148,5898,yes,CC-BY-4.0,https://app.gazebosim.org/GoogleResearch/fuel/models/Crayola_Washable_Sidewalk_Chalk_16_pack,small/gso__Crayola_Washable_Sidewalk_Chalk_16_pack/meshes/model.obj,,0.7365,0.1228,0.5307,0.8454,projected,1,0,0
small,소,gso,Creatine_Monohydrate,0.129,0.129,0.184,0.184,9888,yes,CC-BY-4.0,https://app.gazebosim.org/GoogleResearch/fuel/models/Creatine_Monohydrate,small/gso__Creatine_Monohydrate/meshes/model.obj,,0.8993,0.0907,0.7422,0.9561,projected,1,0,0
small,소,gso,Crosley_Alarm_Clock_Vintage_Metal,0.109,0.054,0.162,0.162,10248,yes,CC-BY-4.0,https://app.gazebosim.org/GoogleResearch/fuel/models/Crosley_Alarm_Clock_Vintage_Metal,small/gso__Crosley_Alarm_Clock_Vintage_Metal/meshes/model.obj,,0.5907,0.0118,0.5713,0.6017,projected,1,0,0
small,소,gso,Diet_Pepsi_Soda_Cola12_Pack_12_oz_Cans,0.406,0.129,0.139,0.406,1990,yes,CC-BY-4.0,https://app.gazebosim.org/GoogleResearch/fuel/models/Diet_Pepsi_Soda_Cola12_Pack_12_oz_Cans,small/gso__Diet_Pepsi_Soda_Cola12_Pack_12_oz_Cans/meshes/model.obj,12-can multipack carton,0.9281,0.0716,0.8041,0.9714,projected,1,0,0
small,소,gso,DPC_Thinsulate_Isolate_Gloves_Brown,0.301,0.256,0.053,0.301,34294,yes,CC-BY-4.0,https://app.gazebosim.org/GoogleResearch/fuel/models/DPC_Thinsulate_Isolate_Gloves_Brown,small/gso__DPC_Thinsulate_Isolate_Gloves_Brown/meshes/model.obj,,0.7038,0.0337,0.6528,0.7447,hybrid,1,0,0
small,소,gso,Epson_273XL_Ink_Cartridge_Magenta,0.076,0.03,0.16,0.16,5578,yes,CC-BY-4.0,https://app.gazebosim.org/GoogleResearch/fuel/models/Epson_273XL_Ink_Cartridge_Magenta,small/gso__Epson_273XL_Ink_Cartridge_Magenta/meshes/model.obj,,0.7707,0.1882,0.5047,0.9848,hybrid,1,0,0
small,소,gso,Fisher_price_Classic_Toys_Buzzy_Bee,0.206,0.135,0.112,0.206,12592,yes,CC-BY-4.0,https://app.gazebosim.org/GoogleResearch/fuel/models/Fisher_price_Classic_Toys_Buzzy_Bee,small/gso__Fisher_price_Classic_Toys_Buzzy_Bee/meshes/model.obj,,0.494,0.0604,0.4322,0.5586,hybrid,1,0,0
small,소,gso,Folic_Acid,0.048,0.048,0.084,0.084,10924,yes,CC-BY-4.0,https://app.gazebosim.org/GoogleResearch/fuel/models/Folic_Acid,small/gso__Folic_Acid/meshes/model.obj,,0.6175,0.1687,0.3687,0.8007,projected,1,0,0
small,소,gso,Fresca_Peach_Citrus_Sparkling_Flavored_Soda_12_PK,0.408,0.139,0.13,0.408,3138,yes,CC-BY-4.0,https://app.gazebosim.org/GoogleResearch/fuel/models/Fresca_Peach_Citrus_Sparkling_Flavored_Soda_12_PK,small/gso__Fresca_Peach_Citrus_Sparkling_Flavored_Soda_12_PK/meshes/model.obj,12-can multipack carton,0.6639,0.387,0.0053,0.9671,projected,1,0,0
small,소,gso,Frozen_Scrabble_Jr,0.272,0.056,0.271,0.272,1462,yes,CC-BY-4.0,https://app.gazebosim.org/GoogleResearch/fuel/models/Frozen_Scrabble_Jr,small/gso__Frozen_Scrabble_Jr/meshes/model.obj,,0.9328,0.0703,0.8112,0.9781,projected,1,0,0
small,소,gso,Gigabyte_GA78LMTUSB3_50_Motherboard_Micro_ATX_Socket_AM3,0.272,0.067,0.27,0.272,12256,yes,CC-BY-4.0,https://app.gazebosim.org/GoogleResearch/fuel/models/Gigabyte_GA78LMTUSB3_50_Motherboard_Micro_ATX_Socket_AM3,small/gso__Gigabyte_GA78LMTUSB3_50_Motherboard_Micro_ATX_Socket_AM3/meshes/model.obj,,0.7532,0.2067,0.5131,0.9733,projected,1,0,0
small,소,gso,Google_Cardboard_Original_package,0.214,0.175,0.023,0.214,5108,yes,CC-BY-4.0,https://app.gazebosim.org/GoogleResearch/fuel/models/Google_Cardboard_Original_package,small/gso__Google_Cardboard_Original_package/meshes/model.obj,,0.9165,0.0233,0.8951,0.9553,projected,1,0,0
small,소,gso,Hasbro_Trivial_Pursuit_Family_Edition_Game,0.205,0.064,0.271,0.271,4712,yes,CC-BY-4.0,https://app.gazebosim.org/GoogleResearch/fuel/models/Hasbro_Trivial_Pursuit_Family_Edition_Game,small/gso__Hasbro_Trivial_Pursuit_Family_Edition_Game/meshes/model.obj,,0.9768,0.0078,0.9654,0.9871,projected,1,0,0
small,소,gso,HeavyDuty_Flashlight,0.078,0.078,0.229,0.229,17748,yes,CC-BY-4.0,https://app.gazebosim.org/GoogleResearch/fuel/models/HeavyDuty_Flashlight,small/gso__HeavyDuty_Flashlight/meshes/model.obj,,0.6156,0.1487,0.3587,0.711,hybrid,1,0,0
small,소,gso,House_of_Cards_The_Complete_First_Season_4_Discs_DVD,0.143,0.024,0.191,0.191,3506,yes,CC-BY-4.0,https://app.gazebosim.org/GoogleResearch/fuel/models/House_of_Cards_The_Complete_First_Season_4_Discs_DVD,small/gso__House_of_Cards_The_Complete_First_Season_4_Discs_DVD/meshes/model.obj,,0.8888,0.0839,0.7537,0.9822,hybrid,1,0,0
small,소,gso,Hyaluronic_Acid,0.054,0.054,0.098,0.098,8834,yes,CC-BY-4.0,https://app.gazebosim.org/GoogleResearch/fuel/models/Hyaluronic_Acid,small/gso__Hyaluronic_Acid/meshes/model.obj,,0.9133,0.0023,0.9104,0.9167,projected,1,0,0
small,소,gso,HyperX_Cloud_II_Headset_Red,0.246,0.124,0.331,0.331,3990,yes,CC-BY-4.0,https://app.gazebosim.org/GoogleResearch/fuel/models/HyperX_Cloud_II_Headset_Red,small/gso__HyperX_Cloud_II_Headset_Red/meshes/model.obj,,0.7092,0.3066,0.1789,0.9081,projected,1,0,0
small,소,gso,JBL_Charge_Speaker_portable_wireless_wired_Green,0.176,0.073,0.075,0.176,6928,yes,CC-BY-4.0,https://app.gazebosim.org/GoogleResearch/fuel/models/JBL_Charge_Speaker_portable_wireless_wired_Green,small/gso__JBL_Charge_Speaker_portable_wireless_wired_Green/meshes/model.obj,,0.6594,0.3747,0.0185,0.9435,projected,1,0,0
small,소,gso,Justified_The_Complete_Fourth_Season_3_Discs_DVD,0.142,0.021,0.194,0.194,4702,yes,CC-BY-4.0,https://app.gazebosim.org/GoogleResearch/fuel/models/Justified_The_Complete_Fourth_Season_3_Discs_DVD,small/gso__Justified_The_Complete_Fourth_Season_3_Discs_DVD/meshes/model.obj,,0.9083,0.1007,0.7344,0.9732,projected,1,0,0
small,소,gso,Kanex_MultiSync_Wireless_Keyboard,0.442,0.124,0.024,0.442,8556,yes,CC-BY-4.0,https://app.gazebosim.org/GoogleResearch/fuel/models/Kanex_MultiSync_Wireless_Keyboard,small/gso__Kanex_MultiSync_Wireless_Keyboard/meshes/model.obj,,0.6835,0.2189,0.3052,0.8332,projected,1,0,0
small,소,gso,LEGO_Bricks_More_Creative_Suitcase,0.381,0.147,0.284,0.381,5138,yes,CC-BY-4.0,https://app.gazebosim.org/GoogleResearch/fuel/models/LEGO_Bricks_More_Creative_Suitcase,small/gso__LEGO_Bricks_More_Creative_Suitcase/meshes/model.obj,,0.9718,0.0127,0.9503,0.9812,hybrid,1,0,0
small,소,gso,LEGO_City_Advent_Calendar,0.383,0.072,0.262,0.383,1950,yes,CC-BY-4.0,https://app.gazebosim.org/GoogleResearch/fuel/models/LEGO_City_Advent_Calendar,small/gso__LEGO_City_Advent_Calendar/meshes/model.obj,,0.7275,0.4128,0.0137,0.985,projected,1,0,0
small,소,gso,LEGO_Duplo_Build_and_Play_Box_4629,0.44,0.244,0.217,0.44,51030,yes,CC-BY-4.0,https://app.gazebosim.org/GoogleResearch/fuel/models/LEGO_Duplo_Build_and_Play_Box_4629,small/gso__LEGO_Duplo_Build_and_Play_Box_4629/meshes/model.obj,"assembled Duplo blocks (loose cluster, not sealed box)",0.5222,0.0243,0.4938,0.5606,projected,1,0,0
small,소,gso,LEGO_Star_Wars_Advent_Calendar,0.385,0.077,0.264,0.385,2554,yes,CC-BY-4.0,https://app.gazebosim.org/GoogleResearch/fuel/models/LEGO_Star_Wars_Advent_Calendar,small/gso__LEGO_Star_Wars_Advent_Calendar/meshes/model.obj,,0.9181,0.0875,0.7673,0.9804,hybrid,1,0,0
small,소,gso,Little_Debbie_Chocolate_Cupcakes_8_ct,0.298,0.055,0.173,0.298,3054,yes,CC-BY-4.0,https://app.gazebosim.org/GoogleResearch/fuel/models/Little_Debbie_Chocolate_Cupcakes_8_ct,small/gso__Little_Debbie_Chocolate_Cupcakes_8_ct/meshes/model.obj,,0.98,0.0096,0.9631,0.987,hybrid,1,0,0
small,소,gso,Little_Debbie_Cloud_Cakes_10_ct,0.243,0.082,0.14,0.243,2544,yes,CC-BY-4.0,https://app.gazebosim.org/GoogleResearch/fuel/models/Little_Debbie_Cloud_Cakes_10_ct,small/gso__Little_Debbie_Cloud_Cakes_10_ct/meshes/model.obj,,0.963,0.0194,0.9298,0.9784,projected,1,0,0
small,소,gso,Little_Debbie_Donut_Sticks_6_cake_donuts_10_oz_total,0.312,0.038,0.112,0.312,2364,yes,CC-BY-4.0,https://app.gazebosim.org/GoogleResearch/fuel/models/Little_Debbie_Donut_Sticks_6_cake_donuts_10_oz_total,small/gso__Little_Debbie_Donut_Sticks_6_cake_donuts_10_oz_total/meshes/model.obj,,0.6769,0.1611,0.5609,0.9548,hybrid,1,0,0
small,소,gso,Mario_Party_9_Wii_Game,0.137,0.191,0.017,0.191,2802,yes,CC-BY-4.0,https://app.gazebosim.org/GoogleResearch/fuel/models/Mario_Party_9_Wii_Game,small/gso__Mario_Party_9_Wii_Game/meshes/model.obj,,0.5198,0.4167,0.0977,0.9371,projected,1,0,0
small,소,gso,Markings_Letter_Holder,0.1,0.198,0.141,0.198,19340,yes,CC-BY-4.0,https://app.gazebosim.org/GoogleResearch/fuel/models/Markings_Letter_Holder,small/gso__Markings_Letter_Holder/meshes/model.obj,,0.7362,0.2347,0.344,0.9558,projected,1,0,0
small,소,gso,Mastic_Gum,0.054,0.054,0.097,0.097,7782,yes,CC-BY-4.0,https://app.gazebosim.org/GoogleResearch/fuel/models/Mastic_Gum,small/gso__Mastic_Gum/meshes/model.obj,,0.9182,0.0023,0.9147,0.9213,projected,1,0,0
small,소,gso,My_Monopoly_Board_Game,0.405,0.059,0.272,0.405,1356,yes,CC-BY-4.0,https://app.gazebosim.org/GoogleResearch/fuel/models/My_Monopoly_Board_Game,small/gso__My_Monopoly_Board_Game/meshes/model.obj,,0.9584,0.0339,0.8999,0.98,projected,1,0,0
small,소,gso,Nestle_Carnation_Cinnamon_Coffeecake_Kit_1913OZ,0.15,0.071,0.195,0.195,2068,yes,CC-BY-4.0,https://app.gazebosim.org/GoogleResearch/fuel/models/Nestle_Carnation_Cinnamon_Coffeecake_Kit_1913OZ,small/gso__Nestle_Carnation_Cinnamon_Coffeecake_Kit_1913OZ/meshes/model.obj,,0.8903,0.1232,0.679,0.9826,projected,1,0,0
small,소,gso,Netgear_N750_Wireless_Dual_Band_Gigabit_Router,0.296,0.072,0.266,0.296,2044,yes,CC-BY-4.0,https://app.gazebosim.org/GoogleResearch/fuel/models/Netgear_N750_Wireless_Dual_Band_Gigabit_Router,small/gso__Netgear_N750_Wireless_Dual_Band_Gigabit_Router/meshes/model.obj,,0.9584,0.0429,0.8843,0.9872,hybrid,1,0,0
small,소,gso,New_Super_Mario_BrosWii_Wii_Game,0.137,0.192,0.017,0.192,3312,yes,CC-BY-4.0,https://app.gazebosim.org/GoogleResearch/fuel/models/New_Super_Mario_BrosWii_Wii_Game,small/gso__New_Super_Mario_BrosWii_Wii_Game/meshes/model.obj,,0.5371,0.4168,0.1143,0.963,hybrid,1,0,0
small,소,gso,Nikon_1_AW1_w11275mm_Lens_Silver,0.063,0.063,0.079,0.079,9566,yes,CC-BY-4.0,https://app.gazebosim.org/GoogleResearch/fuel/models/Nikon_1_AW1_w11275mm_Lens_Silver,small/gso__Nikon_1_AW1_w11275mm_Lens_Silver/meshes/model.obj,,0.9514,0.0045,0.9454,0.9561,projected,1,0,0
small,소,gso,Nintendo_Wii_Party_U_with_Controller_Wii_U_Game,0.145,0.063,0.197,0.197,2510,yes,CC-BY-4.0,https://app.gazebosim.org/GoogleResearch/fuel/models/Nintendo_Wii_Party_U_with_Controller_Wii_U_Game,small/gso__Nintendo_Wii_Party_U_with_Controller_Wii_U_Game/meshes/model.obj,,0.7238,0.4136,0.0076,0.9761,projected,1,0,0
small,소,gso,Office_Depot_Canon_CLI_221BK_Ink_Cartridge_Black_2946B001,0.085,0.05,0.118,0.118,5926,yes,CC-BY-4.0,https://app.gazebosim.org/GoogleResearch/fuel/models/Office_Depot_Canon_CLI_221BK_Ink_Cartridge_Black_2946B001,small/gso__Office_Depot_Canon_CLI_221BK_Ink_Cartridge_Black_2946B001/meshes/model.obj,,0.8606,0.0969,0.7342,0.967,hybrid,1,0,0
small,소,gso,Office_Depot_HP_564XL_Ink_Cartridge_Black_CN684WN,0.086,0.05,0.118,0.118,4212,yes,CC-BY-4.0,https://app.gazebosim.org/GoogleResearch/fuel/models/Office_Depot_HP_564XL_Ink_Cartridge_Black_CN684WN,small/gso__Office_Depot_HP_564XL_Ink_Cartridge_Black_CN684WN/meshes/model.obj,,0.6965,0.1774,0.4499,0.9459,projected,1,0,0
small,소,gso,Organic_Whey_Protein_Unflavored,0.122,0.122,0.169,0.169,9014,yes,CC-BY-4.0,https://app.gazebosim.org/GoogleResearch/fuel/models/Organic_Whey_Protein_Unflavored,small/gso__Organic_Whey_Protein_Unflavored/meshes/model.obj,,0.9435,0.0256,0.8763,0.957,hybrid,1,0,0
small,소,gso,OXO_Soft_Works_Can_Opener_SnapLock,0.177,0.07,0.056,0.177,20568,yes,CC-BY-4.0,https://app.gazebosim.org/GoogleResearch/fuel/models/OXO_Soft_Works_Can_Opener_SnapLock,small/gso__OXO_Soft_Works_Can_Opener_SnapLock/meshes/model.obj,,0.5628,0.0923,0.429,0.6601,hybrid,1,0,0
small,소,gso,Pass_The_Popcorn_Movie_Guessing_Game,0.205,0.063,0.27,0.27,4568,yes,CC-BY-4.0,https://app.gazebosim.org/GoogleResearch/fuel/models/Pass_The_Popcorn_Movie_Guessing_Game,small/gso__Pass_The_Popcorn_Movie_Guessing_Game/meshes/model.obj,,0.9738,0.0041,0.9695,0.9782,projected,1,0,0
small,소,gso,Pepsi_Caffeine_Free_Diet_12_CT,0.405,0.138,0.129,0.405,2354,yes,CC-BY-4.0,https://app.gazebosim.org/GoogleResearch/fuel/models/Pepsi_Caffeine_Free_Diet_12_CT,small/gso__Pepsi_Caffeine_Free_Diet_12_CT/meshes/model.obj,12-can multipack carton,0.5068,0.4585,0.0183,0.966,projected,1,0,0
small,소,gso,Pony_C_Clamp_1440,0.202,0.173,0.027,0.202,16180,yes,CC-BY-4.0,https://app.gazebosim.org/GoogleResearch/fuel/models/Pony_C_Clamp_1440,small/gso__Pony_C_Clamp_1440/meshes/model.obj,,0.4388,0.1275,0.3158,0.6317,hybrid,1,0,0
small,소,gso,Poppin_File_Sorter_Blue,0.25,0.174,0.154,0.25,6188,yes,CC-BY-4.0,https://app.gazebosim.org/GoogleResearch/fuel/models/Poppin_File_Sorter_Blue,small/gso__Poppin_File_Sorter_Blue/meshes/model.obj,,0.2145,0.0806,0.0991,0.3269,projected,1,0,0
small,소,gso,Poppin_File_Sorter_White,0.251,0.174,0.156,0.251,6440,yes,CC-BY-4.0,https://app.gazebosim.org/GoogleResearch/fuel/models/Poppin_File_Sorter_White,small/gso__Poppin_File_Sorter_White/meshes/model.obj,,0.3556,0.1149,0.2335,0.5443,hybrid,1,0,0
small,소,gso,Quercetin_500,0.081,0.08,0.144,0.144,7850,yes,CC-BY-4.0,https://app.gazebosim.org/GoogleResearch/fuel/models/Quercetin_500,small/gso__Quercetin_500/meshes/model.obj,,0.6061,0.1148,0.4304,0.7132,projected,1,0,0
small,소,gso,Razer_Abyssus_Ambidextrous_Gaming_Mouse,0.101,0.146,0.038,0.146,33292,yes,CC-BY-4.0,https://app.gazebosim.org/GoogleResearch/fuel/models/Razer_Abyssus_Ambidextrous_Gaming_Mouse,small/gso__Razer_Abyssus_Ambidextrous_Gaming_Mouse/meshes/model.obj,,0.556,0.1936,0.2389,0.7236,hybrid,1,0,0
small,소,gso,Razer_Kraken_Pro_headset_Full_size_Black,0.179,0.136,0.29,0.29,29666,yes,CC-BY-4.0,https://app.gazebosim.org/GoogleResearch/fuel/models/Razer_Kraken_Pro_headset_Full_size_Black,small/gso__Razer_Kraken_Pro_headset_Full_size_Black/meshes/model.obj,,0.3982,0.067,0.3206,0.4674,hybrid,1,0,0
small,소,gso,Razer_Taipan_Black_Ambidextrous_Gaming_Mouse,0.123,0.175,0.04,0.175,31596,yes,CC-BY-4.0,https://app.gazebosim.org/GoogleResearch/fuel/models/Razer_Taipan_Black_Ambidextrous_Gaming_Mouse,small/gso__Razer_Taipan_Black_Ambidextrous_Gaming_Mouse/meshes/model.obj,,0.5944,0.0735,0.4736,0.6559,hybrid,1,0,0
small,소,gso,ReadytoUse_Rolled_Fondant_Pure_White_24_oz_box,0.122,0.049,0.169,0.169,1744,yes,CC-BY-4.0,https://app.gazebosim.org/GoogleResearch/fuel/models/ReadytoUse_Rolled_Fondant_Pure_White_24_oz_box,small/gso__ReadytoUse_Rolled_Fondant_Pure_White_24_oz_box/meshes/model.obj,,0.9727,0.0159,0.9472,0.9906,projected,1,0,0
small,소,gso,Rexy_Glove_Heavy_Duty_Large,0.274,0.244,0.034,0.274,42558,yes,CC-BY-4.0,https://app.gazebosim.org/GoogleResearch/fuel/models/Rexy_Glove_Heavy_Duty_Large,small/gso__Rexy_Glove_Heavy_Duty_Large/meshes/model.obj,,0.6601,0.0594,0.584,0.7438,hybrid,1,0,0
small,소,gso,Samsung_CLTC406S_Toner_Cartridge_Cyan_1pack,0.389,0.084,0.185,0.389,2066,yes,CC-BY-4.0,https://app.gazebosim.org/GoogleResearch/fuel/models/Samsung_CLTC406S_Toner_Cartridge_Cyan_1pack,small/gso__Samsung_CLTC406S_Toner_Cartridge_Cyan_1pack/meshes/model.obj,,0.6118,0.3852,0.0551,0.976,projected,1,0,0
small,소,gso,Seagate_1TB_Backup_Plus_portable_drive_Blue,0.016,0.082,0.124,0.124,3272,yes,CC-BY-4.0,https://app.gazebosim.org/GoogleResearch/fuel/models/Seagate_1TB_Backup_Plus_portable_drive_Blue,small/gso__Seagate_1TB_Backup_Plus_portable_drive_Blue/meshes/model.obj,,0.9921,0.006,0.9822,0.9976,projected,1,0,0
small,소,gso,Shurtape_Gaffers_Tape_Silver_2_x_60_yd,0.154,0.153,0.051,0.154,3298,yes,CC-BY-4.0,https://app.gazebosim.org/GoogleResearch/fuel/models/Shurtape_Gaffers_Tape_Silver_2_x_60_yd,small/gso__Shurtape_Gaffers_Tape_Silver_2_x_60_yd/meshes/model.obj,,0.5239,0.366,0.0848,0.9722,projected,1,0,0
small,소,gso,Sonny_School_Bus,0.163,0.24,0.23,0.24,38052,yes,CC-BY-4.0,https://app.gazebosim.org/GoogleResearch/fuel/models/Sonny_School_Bus,small/gso__Sonny_School_Bus/meshes/model.obj,,0.5894,0.0653,0.5206,0.6629,hybrid,1,0,0
small,소,gso,Sorry_Sliders_Board_Game,0.405,0.07,0.274,0.405,1610,yes,CC-BY-4.0,https://app.gazebosim.org/GoogleResearch/fuel/models/Sorry_Sliders_Board_Game,small/gso__Sorry_Sliders_Board_Game/meshes/model.obj,,0.8531,0.2066,0.4953,0.9764,projected,1,0,0
small,소,gso,Super_Mario_3D_World_Wii_U_Game,0.137,0.191,0.017,0.191,2610,yes,CC-BY-4.0,https://app.gazebosim.org/GoogleResearch/fuel/models/Super_Mario_3D_World_Wii_U_Game,small/gso__Super_Mario_3D_World_Wii_U_Game/meshes/model.obj,,0.5217,0.4139,0.0796,0.9515,hybrid,1,0,0
small,소,gso,Supernatural_Ouija_Board_Game,0.407,0.057,0.275,0.407,9076,yes,CC-BY-4.0,https://app.gazebosim.org/GoogleResearch/fuel/models/Supernatural_Ouija_Board_Game,small/gso__Supernatural_Ouija_Board_Game/meshes/model.obj,,0.6364,0.3108,0.1883,0.9711,hybrid,1,0,0
small,소,gso,Swiss_Miss_Hot_Cocoa_KCups_Milk_Chocolate_12_count,0.151,0.101,0.099,0.151,4312,yes,CC-BY-4.0,https://app.gazebosim.org/GoogleResearch/fuel/models/Swiss_Miss_Hot_Cocoa_KCups_Milk_Chocolate_12_count,small/gso__Swiss_Miss_Hot_Cocoa_KCups_Milk_Chocolate_12_count/meshes/model.obj,,0.9787,0.0045,0.9741,0.9844,projected,1,0,0
small,소,gso,Tetris_Link_Game,0.323,0.092,0.267,0.323,3192,yes,CC-BY-4.0,https://app.gazebosim.org/GoogleResearch/fuel/models/Tetris_Link_Game,small/gso__Tetris_Link_Game/meshes/model.obj,,0.9598,0.0288,0.9103,0.98,projected,1,0,0
small,소,gso,Twinlab_100_Whey_Protein_Fuel_Vanilla,0.159,0.157,0.259,0.259,10072,yes,CC-BY-4.0,https://app.gazebosim.org/GoogleResearch/fuel/models/Twinlab_100_Whey_Protein_Fuel_Vanilla,small/gso__Twinlab_100_Whey_Protein_Fuel_Vanilla/meshes/model.obj,,0.8963,0.0757,0.7666,0.9516,projected,1,0,0
small,소,gso,Victor_Reversible_Bookend,0.235,0.109,0.236,0.236,16418,yes,CC-BY-4.0,https://app.gazebosim.org/GoogleResearch/fuel/models/Victor_Reversible_Bookend,small/gso__Victor_Reversible_Bookend/meshes/model.obj,,0.6796,0.2209,0.3391,0.9572,projected,1,0,0
small,소,gso,Winning_Moves_1180_Aggravation_Board_Game,0.481,0.047,0.248,0.481,1022,yes,CC-BY-4.0,https://app.gazebosim.org/GoogleResearch/fuel/models/Winning_Moves_1180_Aggravation_Board_Game,small/gso__Winning_Moves_1180_Aggravation_Board_Game/meshes/model.obj,,0.7436,0.4126,0.029,0.9848,projected,1,0,0
small,소,gso,Xyli_Pure_Xylitol,0.097,0.095,0.147,0.147,5536,yes,CC-BY-4.0,https://app.gazebosim.org/GoogleResearch/fuel/models/Xyli_Pure_Xylitol,small/gso__Xyli_Pure_Xylitol/meshes/model.obj,,0.9711,0.005,0.9663,0.9792,projected,1,0,0
