usable_id,diagnostic_mode,cargo_on,n_cargo_requested,n_cargo_placed,cargo_placement_attempts,cargo_collision_count,cargo_support_pass,front_visibility_after_cargo,left_opening_visibility_after_cargo,right_opening_visibility_after_cargo,cargo_occludes_pallet,f_total_record,amodal_px,visible_px,runtime_s,rgb_rel
400,cargo-only,True,2,2,8,0,True,1.0,1.0,1.0,False,0.09481946624803772,6370,5766,6.1445512771606445,rgb/f0400_rgb.png
401,cargo-only,True,2,2,50,0,True,1.0,1.0,1.0,False,0.013666673548173969,48439,47777,6.006070852279663,rgb/f0401_rgb.png
402,cargo-only,True,2,0,30,0,True,1.0,1.0,1.0,False,0.0,134795,134795,9.451968908309937,rgb/f0402_rgb.png
403,cargo-only,True,2,2,12,0,True,1.0,1.0,1.0,False,0.142483660130719,1530,1312,7.14198899269104,rgb/f0403_rgb.png
404,cargo-only,True,2,1,117,0,True,1.0,1.0,1.0,False,0.13018819283320449,3879,3374,5.901691198348999,rgb/f0404_rgb.png
405,cargo-only,True,2,2,14,0,True,1.0,1.0,1.0,False,0.0,4608,4608,7.757601976394653,rgb/f0405_rgb.png
406,cargo-only,True,2,1,106,0,True,1.0,1.0,1.0,False,0.22948222320806133,78895,60790,10.477745294570923,rgb/f0406_rgb.png
407,cargo-only,True,2,2,70,0,True,1.0,1.0,1.0,False,0.20903875752063805,7147,5653,6.049811840057373,rgb/f0407_rgb.png
408,cargo-only,True,2,1,52,0,True,1.0,1.0,1.0,False,0.2138797763711131,21643,17014,6.216039419174194,rgb/f0408_rgb.png
409,cargo-only,True,2,1,112,0,True,1.0,1.0,1.0,False,0.17948717948717952,1911,1568,6.21716570854187,rgb/f0409_rgb.png
410,cargo-only,True,2,2,12,0,True,1.0,1.0,1.0,False,0.0,1226,1226,7.410800933837891,rgb/f0410_rgb.png
411,cargo-only,True,2,2,86,0,True,1.0,1.0,1.0,False,0.20364238410596025,1208,962,5.860755681991577,rgb/f0411_rgb.png
412,cargo-only,True,2,2,12,0,True,1.0,1.0,1.0,False,0.24290806475568094,13466,10195,6.8507750034332275,rgb/f0412_rgb.png
413,cargo-only,True,2,2,52,0,True,1.0,1.0,1.0,False,0.18627881448957195,9110,7413,7.645238637924194,rgb/f0413_rgb.png
414,cargo-only,True,2,0,38,0,True,1.0,1.0,1.0,False,0.0,145359,145359,7.805340766906738,rgb/f0414_rgb.png
415,cargo-only,True,2,1,117,0,True,1.0,1.0,1.0,False,0.11355425716961776,22421,19875,5.524791717529297,rgb/f0415_rgb.png
416,cargo-only,True,2,0,12,0,True,1.0,1.0,1.0,False,0.0,53294,53294,9.715850830078125,rgb/f0416_rgb.png
417,cargo-only,True,2,2,112,0,True,1.0,1.0,1.0,False,0.22316636851520577,26832,20844,5.397921800613403,rgb/f0417_rgb.png
418,cargo-only,True,2,2,86,0,True,1.0,1.0,1.0,False,0.18587276431967403,17668,14384,5.609996557235718,rgb/f0418_rgb.png
419,cargo-only,True,2,2,60,0,True,1.0,1.0,1.0,False,0.012961373390557918,46600,45996,6.013497591018677,rgb/f0419_rgb.png
420,cargo-only,True,2,0,102,0,True,1.0,1.0,1.0,False,0.0,44959,44959,7.629964590072632,rgb/f0420_rgb.png
421,cargo-only,True,2,2,12,0,True,1.0,1.0,1.0,False,0.19683076649158726,11233,9022,5.157065391540527,rgb/f0421_rgb.png
422,cargo-only,True,2,1,12,0,True,1.0,1.0,1.0,False,0.24610336341263328,7314,5514,10.222793579101562,rgb/f0422_rgb.png
423,cargo-only,True,2,2,48,0,True,1.0,1.0,1.0,False,0.06476490200355223,64186,60029,4.746262788772583,rgb/f0423_rgb.png
424,cargo-only,True,2,1,70,0,True,1.0,1.0,1.0,False,0.199341924869756,3647,2920,7.322925806045532,rgb/f0424_rgb.png
425,cargo-only,True,2,2,34,0,True,1.0,1.0,1.0,False,0.2063711911357341,25992,20628,5.224590063095093,rgb/f0425_rgb.png
426,cargo-only,True,2,2,106,0,True,1.0,1.0,1.0,False,0.04220172602983485,33719,32296,6.511965036392212,rgb/f0426_rgb.png
427,cargo-only,True,2,1,70,0,True,1.0,1.0,1.0,False,0.1728395061728395,2673,2211,10.441741228103638,rgb/f0427_rgb.png
428,cargo-only,True,2,2,48,0,True,1.0,1.0,1.0,False,0.21787383177570097,6848,5356,5.418832302093506,rgb/f0428_rgb.png
429,cargo-only,True,2,0,12,0,True,0.04,0.0,0.0,True,0.0,102552,102552,7.876715183258057,rgb/f0429_rgb.png
430,cargo-only,True,2,2,34,0,True,1.0,1.0,1.0,False,0.11726800046405184,94817,83698,7.312206983566284,rgb/f0430_rgb.png
431,cargo-only,True,2,0,34,0,True,0.0,0.0,0.0,True,0.0,206594,206594,7.852022647857666,rgb/f0431_rgb.png
432,cargo-only,True,2,2,66,0,True,1.0,1.0,1.0,False,0.0,50706,50706,6.440852403640747,rgb/f0432_rgb.png
433,cargo-only,True,2,2,30,0,True,1.0,1.0,1.0,False,0.0,1360,1360,5.923733472824097,rgb/f0433_rgb.png
434,cargo-only,True,2,2,102,0,True,1.0,1.0,1.0,False,0.0031732599957690066,14181,14136,5.604868173599243,rgb/f0434_rgb.png
435,cargo-only,True,2,2,88,0,True,1.0,1.0,1.0,False,0.2444861200648577,51189,38674,5.7072975635528564,rgb/f0435_rgb.png
436,cargo-only,True,2,1,52,0,True,1.0,1.0,1.0,False,0.22267274877513088,5919,4601,14.803789615631104,rgb/f0436_rgb.png
437,cargo-only,True,2,2,114,0,True,1.0,1.0,1.0,False,0.19823845327604728,23275,18661,5.635300874710083,rgb/f0437_rgb.png
438,cargo-only,True,2,2,12,0,True,1.0,1.0,1.0,False,0.13697073032111395,59823,51629,5.345901966094971,rgb/f0438_rgb.png
439,cargo-only,True,2,2,48,0,True,1.0,1.0,1.0,False,0.16068139963167583,2172,1823,7.385491132736206,rgb/f0439_rgb.png
440,cargo-only,True,2,2,102,0,True,1.0,1.0,1.0,False,0.14587813620071688,2790,2383,6.198484897613525,rgb/f0440_rgb.png
441,cargo-only,True,2,2,48,0,True,1.0,1.0,1.0,False,0.07061388795706136,5962,5541,7.216257810592651,rgb/f0441_rgb.png
442,cargo-only,True,2,1,16,0,True,1.0,1.0,1.0,False,0.22881632653061224,12250,9447,8.105764150619507,rgb/f0442_rgb.png
443,cargo-only,True,2,2,14,0,True,1.0,1.0,1.0,False,0.1407960345794117,67786,58242,5.22425389289856,rgb/f0443_rgb.png
444,cargo-only,True,2,2,32,0,True,1.0,1.0,1.0,False,0.23478795328826063,1627,1245,7.107114315032959,rgb/f0444_rgb.png
445,cargo-only,True,2,0,84,0,True,1.0,1.0,1.0,False,0.0,116782,116782,7.905161619186401,rgb/f0445_rgb.png
446,cargo-only,True,2,2,34,0,True,1.0,1.0,1.0,False,0.09719058466211083,1317,1189,5.338565826416016,rgb/f0446_rgb.png
447,cargo-only,True,2,2,102,0,True,1.0,1.0,1.0,False,0.025021070375052634,18984,18509,5.206413507461548,rgb/f0447_rgb.png
448,cargo-only,True,2,1,24,0,True,1.0,1.0,1.0,False,0.14630748759459988,144292,123181,10.312040567398071,rgb/f0448_rgb.png
449,cargo-only,True,2,1,88,0,True,1.0,1.0,1.0,False,0.23244565071346035,37213,28563,7.6027305126190186,rgb/f0449_rgb.png
450,cargo-only,True,2,0,42,0,True,1.0,1.0,1.0,False,0.0,6823,6823,7.906035661697388,rgb/f0450_rgb.png
451,cargo-only,True,2,2,88,0,True,1.0,1.0,1.0,False,0.0,25294,25294,5.564464092254639,rgb/f0451_rgb.png
452,cargo-only,True,2,2,66,0,True,1.0,1.0,1.0,False,0.12517979781608968,49361,43182,5.592158794403076,rgb/f0452_rgb.png
453,cargo-only,True,2,2,16,0,True,1.0,1.0,1.0,False,0.10837480071501038,82796,73823,6.960832357406616,rgb/f0453_rgb.png
454,cargo-only,True,2,0,32,0,True,1.0,1.0,1.0,False,0.0,11789,11789,10.20371150970459,rgb/f0454_rgb.png
455,cargo-only,True,2,2,20,0,True,1.0,1.0,1.0,False,0.07242036482439418,3673,3407,5.368300914764404,rgb/f0455_rgb.png
456,cargo-only,True,2,0,30,0,True,1.0,1.0,1.0,False,0.0,60862,60862,13.435701847076416,rgb/f0456_rgb.png
457,cargo-only,True,2,2,12,0,True,1.0,1.0,1.0,False,0.18269673262770358,2173,1776,5.373927593231201,rgb/f0457_rgb.png
458,cargo-only,True,2,2,102,0,True,1.0,1.0,1.0,False,0.1251996167358671,3131,2739,5.040628433227539,rgb/f0458_rgb.png
459,cargo-only,True,2,2,32,0,True,1.0,1.0,1.0,False,0.17823343848580442,1902,1563,7.750078201293945,rgb/f0459_rgb.png
460,cargo-only,True,2,0,34,0,True,1.0,1.0,1.0,False,0.0,158134,158134,7.295946836471558,rgb/f0460_rgb.png
461,cargo-only,True,2,0,52,0,True,1.0,1.0,1.0,False,0.0,58363,58363,7.52641487121582,rgb/f0461_rgb.png
462,cargo-only,True,2,0,66,0,True,1.0,1.0,1.0,False,0.0,15312,15312,10.895790338516235,rgb/f0462_rgb.png
463,cargo-only,True,2,1,42,0,True,1.0,1.0,1.0,False,0.2451573849878934,1652,1247,6.497186183929443,rgb/f0463_rgb.png
464,cargo-only,True,2,2,16,0,True,1.0,1.0,1.0,False,0.14712550918453615,52044,44387,5.349880218505859,rgb/f0464_rgb.png
465,cargo-only,True,2,0,110,0,True,1.0,1.0,1.0,False,0.0,125138,125138,8.232260704040527,rgb/f0465_rgb.png
466,cargo-only,True,2,0,34,0,True,1.0,1.0,1.0,False,0.0,2370,2370,7.7545061111450195,rgb/f0466_rgb.png
467,cargo-only,True,2,1,78,0,True,1.0,1.0,1.0,False,0.1352964584162356,5026,4346,6.159521818161011,rgb/f0467_rgb.png
468,cargo-only,True,2,2,84,0,True,1.0,1.0,1.0,False,0.0,78376,78376,7.308072090148926,rgb/f0468_rgb.png
469,cargo-only,True,2,1,34,0,True,1.0,1.0,1.0,False,0.21014319809069215,16760,13238,6.729360580444336,rgb/f0469_rgb.png
470,cargo-only,True,2,0,30,0,True,1.0,1.0,1.0,False,0.0,108774,108774,7.285322189331055,rgb/f0470_rgb.png
471,cargo-only,True,2,1,56,0,True,1.0,1.0,1.0,False,0.154228855721393,3015,2550,6.149886846542358,rgb/f0471_rgb.png
472,cargo-only,True,2,2,68,0,True,1.0,1.0,1.0,False,0.05603380354026721,171343,161742,7.116272926330566,rgb/f0472_rgb.png
473,cargo-only,True,2,2,30,0,True,1.0,1.0,1.0,False,0.15372911146672263,38119,32259,7.847740888595581,rgb/f0473_rgb.png
474,cargo-only,True,2,1,12,0,True,0.4,1.0,1.0,True,0.09856378729464066,115164,103813,5.970093250274658,rgb/f0474_rgb.png
475,cargo-only,True,2,2,30,0,True,1.0,1.0,1.0,False,0.17555266579973994,769,634,4.786129474639893,rgb/f0475_rgb.png
476,cargo-only,True,2,2,32,0,True,1.0,1.0,1.0,False,0.1964769647696477,6642,5337,5.445233106613159,rgb/f0476_rgb.png
477,cargo-only,True,2,2,32,0,True,1.0,1.0,1.0,False,0.0,116432,116432,5.427035570144653,rgb/f0477_rgb.png
478,cargo-only,True,2,2,86,0,True,1.0,1.0,1.0,False,0.1798990362551629,23969,19657,7.149991512298584,rgb/f0478_rgb.png
479,cargo-only,True,2,1,106,0,True,1.0,1.0,1.0,False,0.2177444069874349,6526,5105,7.66300892829895,rgb/f0479_rgb.png
480,cargo-only,True,2,2,48,0,True,1.0,1.0,1.0,False,0.0954637779282329,1477,1336,5.962501049041748,rgb/f0480_rgb.png
481,cargo-only,True,2,2,12,0,True,1.0,1.0,1.0,False,0.0,17959,17959,4.444511413574219,rgb/f0481_rgb.png
482,cargo-only,True,2,2,68,0,True,1.0,1.0,1.0,False,0.05501555709840833,77778,73499,7.876709699630737,rgb/f0482_rgb.png
483,cargo-only,True,2,1,76,0,True,1.0,1.0,1.0,False,0.2200087374399301,45780,35708,8.476526260375977,rgb/f0483_rgb.png
484,cargo-only,True,2,2,16,0,True,1.0,1.0,1.0,False,0.14115308151093442,2515,2160,5.713054180145264,rgb/f0484_rgb.png
485,cargo-only,True,2,1,30,0,True,0.0,0.0,0.0,True,0.20897628730061468,53853,42599,10.354215621948242,rgb/f0485_rgb.png
486,cargo-only,True,2,1,20,0,True,1.0,1.0,1.0,False,0.18010152284263958,9850,8076,10.17951250076294,rgb/f0486_rgb.png
487,cargo-only,True,2,1,34,0,True,1.0,1.0,1.0,False,0.22995117106678808,24166,18609,7.47852897644043,rgb/f0487_rgb.png
488,cargo-only,True,2,2,16,0,True,1.0,1.0,1.0,False,0.0,2791,2791,7.394288063049316,rgb/f0488_rgb.png
489,cargo-only,True,2,2,66,0,True,1.0,1.0,1.0,False,0.09284384144719338,3759,3410,4.770798206329346,rgb/f0489_rgb.png
490,cargo-only,True,2,1,24,0,True,1.0,1.0,1.0,False,0.22215459525258674,3286,2556,7.914648056030273,rgb/f0490_rgb.png
491,cargo-only,True,2,2,12,0,True,1.0,1.0,1.0,False,0.18776262639954455,36887,29961,5.2044878005981445,rgb/f0491_rgb.png
492,cargo-only,True,2,2,16,0,True,1.0,1.0,1.0,False,0.17872748587871679,9383,7706,7.229616641998291,rgb/f0492_rgb.png
493,cargo-only,True,2,1,16,0,True,0.4,1.0,0.7778,True,0.08297572435395462,95775,87828,7.471721887588501,rgb/f0493_rgb.png
494,cargo-only,True,2,2,50,0,True,1.0,1.0,1.0,False,0.0,1851,1851,7.83556866645813,rgb/f0494_rgb.png
495,cargo-only,True,2,2,30,0,True,1.0,1.0,1.0,False,0.11712358260370315,6967,6151,5.252863883972168,rgb/f0495_rgb.png
496,cargo-only,True,2,2,86,0,True,1.0,1.0,1.0,False,0.07312348668280877,6195,5742,5.450383901596069,rgb/f0496_rgb.png
497,cargo-only,True,2,2,84,0,True,1.0,1.0,1.0,False,0.23189928037131136,140906,108230,7.654061555862427,rgb/f0497_rgb.png
498,cargo-only,True,2,2,12,0,True,1.0,1.0,1.0,False,0.07130965593784688,3604,3347,5.6183531284332275,rgb/f0498_rgb.png
499,cargo-only,True,2,0,102,0,True,1.0,1.0,1.0,False,0.0,43847,43847,7.877792596817017,rgb/f0499_rgb.png
500,cargo-only,True,2,1,42,0,True,1.0,1.0,1.0,False,0.18974358974358974,3510,2844,10.654701709747314,rgb/f0500_rgb.png
501,cargo-only,True,2,2,12,0,True,1.0,1.0,1.0,False,0.008519646821913529,19367,19202,5.746288537979126,rgb/f0501_rgb.png
502,cargo-only,True,2,2,14,0,True,1.0,1.0,1.0,False,0.2107124810510359,1979,1562,5.768639326095581,rgb/f0502_rgb.png
503,cargo-only,True,2,2,66,0,True,1.0,1.0,1.0,False,0.18938175132153523,4351,3527,7.497666120529175,rgb/f0503_rgb.png
504,cargo-only,True,2,2,102,0,True,1.0,1.0,1.0,False,0.0020333970053607597,16229,16196,5.264756917953491,rgb/f0504_rgb.png
505,cargo-only,True,2,0,114,0,True,1.0,1.0,1.0,False,0.0,30073,30073,7.715161085128784,rgb/f0505_rgb.png
506,cargo-only,True,2,2,102,0,True,1.0,1.0,1.0,False,0.14019682560721036,30179,25948,5.00382924079895,rgb/f0506_rgb.png
507,cargo-only,True,2,1,117,0,True,1.0,1.0,1.0,False,0.04773082942097029,1278,1217,6.9734930992126465,rgb/f0507_rgb.png
508,cargo-only,True,2,2,50,0,True,1.0,1.0,1.0,False,0.10958353603079596,94558,84196,5.670471429824829,rgb/f0508_rgb.png
509,cargo-only,True,2,1,42,0,True,1.0,1.0,1.0,False,0.1267477892827451,39693,34662,7.045743703842163,rgb/f0509_rgb.png
510,cargo-only,True,2,2,38,0,True,1.0,1.0,1.0,False,0.22156045265038715,1679,1307,5.44116735458374,rgb/f0510_rgb.png
511,cargo-only,True,2,2,48,0,True,1.0,1.0,1.0,False,0.18495238095238098,5250,4279,10.939385652542114,rgb/f0511_rgb.png
512,cargo-only,True,2,2,84,0,True,1.0,1.0,1.0,False,0.04546635489737594,3849,3674,7.195580720901489,rgb/f0512_rgb.png
513,cargo-only,True,2,2,30,0,True,1.0,1.0,1.0,False,0.1837479270315091,3015,2461,6.458142518997192,rgb/f0513_rgb.png
514,cargo-only,True,2,2,68,0,True,1.0,1.0,1.0,False,0.19575581253208807,122709,98688,5.67485237121582,rgb/f0514_rgb.png
515,cargo-only,True,2,2,52,0,True,1.0,1.0,1.0,False,0.004604103904962242,17593,17512,4.814390659332275,rgb/f0515_rgb.png
516,cargo-only,True,2,1,70,0,True,1.0,1.0,1.0,False,0.19866652776330873,9599,7692,10.50926399230957,rgb/f0516_rgb.png
517,cargo-only,True,2,2,88,0,True,1.0,1.0,1.0,False,0.0,21167,21167,5.21780800819397,rgb/f0517_rgb.png
518,cargo-only,True,2,1,114,0,True,1.0,1.0,1.0,False,0.2222222222222222,4284,3332,8.729857444763184,rgb/f0518_rgb.png
519,cargo-only,True,2,2,102,0,True,1.0,1.0,1.0,False,0.15496905290202034,8563,7236,5.610269069671631,rgb/f0519_rgb.png
520,cargo-only,True,2,2,66,0,True,1.0,1.0,1.0,False,0.06976441832648606,38458,35775,4.9136457443237305,rgb/f0520_rgb.png
521,cargo-only,True,2,2,14,0,True,1.0,1.0,1.0,False,0.11478565179352584,5715,5059,5.460891246795654,rgb/f0521_rgb.png
522,cargo-only,True,2,1,48,0,True,1.0,1.0,1.0,False,0.24588848776574412,7479,5640,10.785560369491577,rgb/f0522_rgb.png
523,cargo-only,True,2,2,14,0,True,1.0,1.0,1.0,False,0.17565227774792525,50247,41421,7.3138532638549805,rgb/f0523_rgb.png
524,cargo-only,True,2,0,78,0,True,1.0,1.0,1.0,False,0.0,5507,5507,7.652596473693848,rgb/f0524_rgb.png
525,cargo-only,True,2,1,16,0,True,1.0,1.0,1.0,False,0.08967226144279772,42778,38942,6.91789436340332,rgb/f0525_rgb.png
526,cargo-only,True,2,1,56,0,True,1.0,1.0,1.0,False,0.13959085439229846,831,715,6.124156475067139,rgb/f0526_rgb.png
527,cargo-only,True,2,0,38,0,True,0.0,0.0,0.0,True,0.0,196449,196449,7.815506219863892,rgb/f0527_rgb.png
528,cargo-only,True,2,2,88,0,True,1.0,1.0,1.0,False,0.14792452830188674,7950,6774,7.510651588439941,rgb/f0528_rgb.png
529,cargo-only,True,2,2,12,0,True,1.0,1.0,1.0,False,0.16021793332717704,10829,9094,4.530893802642822,rgb/f0529_rgb.png
530,cargo-only,True,2,2,32,0,True,1.0,1.0,1.0,False,0.05058365758754868,771,732,5.183902263641357,rgb/f0530_rgb.png
531,cargo-only,True,2,1,106,0,True,1.0,1.0,1.0,False,0.20869565217391306,2300,1820,7.6674580574035645,rgb/f0531_rgb.png
532,cargo-only,True,2,2,48,0,True,1.0,1.0,1.0,False,0.031079356978821138,19595,18986,5.97254753112793,rgb/f0532_rgb.png
533,cargo-only,True,2,1,16,0,True,1.0,1.0,1.0,False,0.10163170163170165,4290,3854,7.3216187953948975,rgb/f0533_rgb.png
534,cargo-only,True,2,2,60,0,True,1.0,1.0,1.0,False,0.23273388176774445,20908,16042,5.422317981719971,rgb/f0534_rgb.png
535,cargo-only,True,2,2,12,0,True,1.0,1.0,1.0,False,0.07585440400111143,61183,56542,4.688723802566528,rgb/f0535_rgb.png
536,cargo-only,True,2,2,12,0,True,1.0,1.0,1.0,False,0.1681759379042691,1546,1286,10.99068021774292,rgb/f0536_rgb.png
537,cargo-only,True,2,2,30,0,True,1.0,1.0,1.0,False,0.04676573426573427,2288,2181,5.9138572216033936,rgb/f0537_rgb.png
538,cargo-only,True,2,1,117,0,True,0.2,0.0,0.0,True,0.10950530950530946,38610,34382,5.655430793762207,rgb/f0538_rgb.png
539,cargo-only,True,2,2,34,0,True,1.0,1.0,1.0,False,0.26286509040333794,1438,1060,11.003039121627808,rgb/f0539_rgb.png
540,cargo-only,True,2,2,84,0,True,1.0,1.0,1.0,False,0.0,2751,2751,5.056567668914795,rgb/f0540_rgb.png
541,cargo-only,True,2,2,12,0,True,1.0,1.0,1.0,False,0.20693776207205627,97063,76977,4.8267645835876465,rgb/f0541_rgb.png
542,cargo-only,True,2,2,94,0,True,1.0,1.0,1.0,False,0.21852109506076856,24437,19097,5.728418827056885,rgb/f0542_rgb.png
543,cargo-only,True,2,1,16,0,True,1.0,1.0,1.0,False,0.09988451295104761,42429,38191,9.631511449813843,rgb/f0543_rgb.png
544,cargo-only,True,2,2,14,0,True,1.0,1.0,1.0,False,0.19007117867052725,16578,13427,5.944661378860474,rgb/f0544_rgb.png
545,cargo-only,True,2,2,30,0,True,1.0,1.0,1.0,False,0.2144050104384133,4790,3763,7.986883163452148,rgb/f0545_rgb.png
546,cargo-only,True,2,2,12,0,True,1.0,1.0,1.0,False,0.0,22975,22975,4.535557270050049,rgb/f0546_rgb.png
547,cargo-only,True,2,0,68,0,True,0.0,0.0,0.0,True,0.0,160503,160503,8.1208815574646,rgb/f0547_rgb.png
548,cargo-only,True,2,0,12,0,True,1.0,1.0,1.0,False,0.0,79107,79107,9.408388614654541,rgb/f0548_rgb.png
549,cargo-only,True,2,0,30,0,True,1.0,1.0,1.0,False,0.0,33645,33645,6.973941326141357,rgb/f0549_rgb.png
550,cargo-only,True,2,2,78,0,True,1.0,1.0,1.0,False,0.002109704641350185,474,473,7.111473083496094,rgb/f0550_rgb.png
551,cargo-only,True,2,0,68,0,True,1.0,1.0,1.0,False,0.0,15571,15571,7.447119235992432,rgb/f0551_rgb.png
552,cargo-only,True,2,1,12,0,True,1.0,1.0,1.0,False,0.08489785527906824,15713,14379,6.654536962509155,rgb/f0552_rgb.png
553,cargo-only,True,2,2,12,0,True,1.0,1.0,1.0,False,0.20392605298265676,5247,4177,7.420799970626831,rgb/f0553_rgb.png
554,cargo-only,True,2,2,16,0,True,1.0,1.0,1.0,False,0.11867894439014348,19439,17132,5.183314561843872,rgb/f0554_rgb.png
555,cargo-only,True,2,2,86,0,True,1.0,1.0,1.0,False,0.20039486673247775,2026,1620,7.653060436248779,rgb/f0555_rgb.png
556,cargo-only,True,2,1,24,0,True,1.0,1.0,1.0,False,0.23516447636927595,12251,9370,6.576003551483154,rgb/f0556_rgb.png
557,cargo-only,True,2,2,12,0,True,1.0,1.0,1.0,False,0.05445683756678221,10669,10088,4.4587719440460205,rgb/f0557_rgb.png
558,cargo-only,True,2,2,12,0,True,1.0,1.0,1.0,False,0.22531148591803218,24961,19337,5.353697776794434,rgb/f0558_rgb.png
559,cargo-only,True,2,2,12,0,True,1.0,1.0,1.0,False,0.08245741988073274,23309,21387,7.560182094573975,rgb/f0559_rgb.png
560,cargo-only,True,2,1,96,0,True,1.0,1.0,1.0,False,0.13622446286227108,37886,32725,8.717634916305542,rgb/f0560_rgb.png
561,cargo-only,True,2,0,12,0,True,1.0,1.0,1.0,False,0.0,4071,4071,7.67148494720459,rgb/f0561_rgb.png
562,cargo-only,True,2,2,68,0,True,1.0,1.0,1.0,False,0.05611923535170327,131773,124378,7.190385103225708,rgb/f0562_rgb.png
563,cargo-only,True,2,2,30,0,True,1.0,1.0,1.0,False,0.1305480320405693,86765,75438,6.147956848144531,rgb/f0563_rgb.png
564,cargo-only,True,2,1,20,0,True,1.0,1.0,1.0,False,0.13395031660983925,2053,1778,8.94802451133728,rgb/f0564_rgb.png
565,cargo-only,True,2,2,32,0,True,1.0,1.0,1.0,False,0.16262755102040816,3136,2626,5.223961591720581,rgb/f0565_rgb.png
566,cargo-only,True,2,2,52,0,True,1.0,1.0,1.0,False,0.23492322961060186,17129,13105,7.1145384311676025,rgb/f0566_rgb.png
567,cargo-only,True,2,0,94,0,True,1.0,1.0,1.0,False,0.0,57747,57747,9.597901821136475,rgb/f0567_rgb.png
568,cargo-only,True,2,2,48,0,True,1.0,1.0,1.0,False,0.04211793020457277,831,796,4.9471704959869385,rgb/f0568_rgb.png
569,cargo-only,True,2,2,70,0,True,1.0,1.0,1.0,False,0.24000945850082767,12687,9642,6.975886106491089,rgb/f0569_rgb.png
570,cargo-only,True,2,2,70,0,True,1.0,1.0,1.0,False,0.15938303341902316,22951,19293,4.8962037563323975,rgb/f0570_rgb.png
571,cargo-only,True,2,2,104,0,True,1.0,1.0,1.0,False,0.05456432560668212,20233,19129,5.219259262084961,rgb/f0571_rgb.png
572,cargo-only,True,2,0,58,0,True,1.0,1.0,1.0,False,0.0,9257,9257,11.574776649475098,rgb/f0572_rgb.png
573,cargo-only,True,2,2,24,0,True,1.0,1.0,1.0,False,0.11946902654867253,678,597,5.187433242797852,rgb/f0573_rgb.png
574,cargo-only,True,2,2,84,0,True,1.0,1.0,1.0,False,0.1732867608420141,32351,26745,4.796146631240845,rgb/f0574_rgb.png
575,cargo-only,True,2,2,12,0,True,1.0,1.0,1.0,False,0.0513204935993542,8671,8226,4.701526403427124,rgb/f0575_rgb.png
576,cargo-only,True,2,0,50,0,True,1.0,1.0,1.0,False,0.0,6645,6645,13.301813840866089,rgb/f0576_rgb.png
577,cargo-only,True,2,2,84,0,True,1.0,1.0,1.0,False,0.01563464307755602,4861,4785,4.819224119186401,rgb/f0577_rgb.png
578,cargo-only,True,2,1,12,0,True,1.0,1.0,1.0,False,0.2275479767124272,111304,85977,7.432300329208374,rgb/f0578_rgb.png
579,cargo-only,True,2,2,12,0,True,1.0,1.0,1.0,False,0.025480396987400566,28414,27690,7.14882230758667,rgb/f0579_rgb.png
580,cargo-only,True,2,2,12,0,True,1.0,1.0,1.0,False,0.1507670604831599,11342,9632,4.6782190799713135,rgb/f0580_rgb.png
581,cargo-only,True,2,2,12,0,True,1.0,1.0,1.0,False,0.21270310192023634,15571,12259,7.723660230636597,rgb/f0581_rgb.png
582,cargo-only,True,2,2,34,0,True,1.0,1.0,1.0,False,0.19123841617523163,1187,960,5.335344552993774,rgb/f0582_rgb.png
583,cargo-only,True,2,1,56,0,True,1.0,1.0,1.0,False,0.19448133684857372,50447,40636,6.090014696121216,rgb/f0583_rgb.png
584,cargo-only,True,2,1,32,0,True,1.0,1.0,1.0,False,0.22984813084112155,3424,2637,10.492297887802124,rgb/f0584_rgb.png
585,cargo-only,True,2,2,12,0,True,1.0,1.0,1.0,False,0.22589886618565447,65972,51069,5.265684127807617,rgb/f0585_rgb.png
586,cargo-only,True,2,2,16,0,True,1.0,1.0,1.0,False,0.12435233160621761,1544,1352,4.577945947647095,rgb/f0586_rgb.png
587,cargo-only,True,2,2,78,0,True,1.0,1.0,1.0,False,0.14484825255235378,200893,171794,8.396274328231812,rgb/f0587_rgb.png
588,cargo-only,True,2,0,66,0,True,1.0,1.0,1.0,False,0.0,20857,20857,8.029166460037231,rgb/f0588_rgb.png
589,cargo-only,True,2,2,102,0,True,1.0,1.0,1.0,False,0.23707606190319397,3037,2317,6.36314845085144,rgb/f0589_rgb.png
590,cargo-only,True,2,2,88,0,True,1.0,1.0,1.0,False,0.12158054711246202,987,867,5.534389495849609,rgb/f0590_rgb.png
591,cargo-only,True,2,2,52,0,True,1.0,1.0,1.0,False,0.1262496963354699,53513,46757,5.484877824783325,rgb/f0591_rgb.png
592,cargo-only,True,2,1,12,0,True,1.0,1.0,1.0,False,0.08423326133909292,2778,2544,7.391383409500122,rgb/f0592_rgb.png
593,cargo-only,True,2,2,56,0,True,1.0,1.0,1.0,False,2.5892649076930674e-05,38621,38620,5.507037401199341,rgb/f0593_rgb.png
594,cargo-only,True,2,2,66,0,True,1.0,1.0,1.0,False,0.21745011836320594,14785,11570,7.5553717613220215,rgb/f0594_rgb.png
595,cargo-only,True,2,0,66,0,True,1.0,1.0,1.0,False,0.0,43238,43238,9.338584423065186,rgb/f0595_rgb.png
596,cargo-only,True,2,2,30,0,True,1.0,1.0,1.0,False,0.13129584352078238,4090,3553,5.906934976577759,rgb/f0596_rgb.png
597,cargo-only,True,2,2,14,0,True,1.0,1.0,1.0,False,0.1492937600572144,5593,4758,5.091232776641846,rgb/f0597_rgb.png
598,cargo-only,True,2,2,68,0,True,1.0,1.0,1.0,False,0.1555125725338491,7755,6549,8.101508617401123,rgb/f0598_rgb.png
599,cargo-only,True,2,2,12,0,True,1.0,1.0,1.0,False,0.06744368779465693,7636,7121,7.653990745544434,rgb/f0599_rgb.png
600,cargo-only,True,2,1,12,0,True,1.0,1.0,1.0,False,0.05039828906177357,32263,30637,6.828556537628174,rgb/f0600_rgb.png
601,cargo-only,True,2,2,68,0,True,1.0,1.0,1.0,False,0.16912923561859727,30456,25305,4.862231731414795,rgb/f0601_rgb.png
602,cargo-only,True,2,2,12,0,True,1.0,1.0,1.0,False,0.0388235294117647,850,817,4.733974456787109,rgb/f0602_rgb.png
603,cargo-only,True,2,2,16,0,True,1.0,1.0,1.0,False,0.0015067805123053502,1991,1988,4.645380258560181,rgb/f0603_rgb.png
604,cargo-only,True,2,1,52,0,True,1.0,1.0,1.0,False,0.18867726454709055,66680,54099,6.153505802154541,rgb/f0604_rgb.png
605,cargo-only,True,2,2,50,0,True,1.0,1.0,1.0,False,0.0,22790,22790,5.964883089065552,rgb/f0605_rgb.png
606,cargo-only,True,2,1,34,0,True,1.0,1.0,1.0,False,0.21565362198168192,1201,942,7.474468231201172,rgb/f0606_rgb.png
607,cargo-only,True,2,1,40,0,True,1.0,1.0,1.0,False,0.21855345911949686,6996,5467,8.310889959335327,rgb/f0607_rgb.png
608,cargo-only,True,2,2,16,0,True,1.0,1.0,1.0,False,0.05217173480696535,131738,124865,7.543553352355957,rgb/f0608_rgb.png
609,cargo-only,True,2,1,12,0,True,1.0,1.0,1.0,False,0.05738711590651757,166919,157340,7.45056414604187,rgb/f0609_rgb.png
610,cargo-only,True,2,1,84,0,True,1.0,1.0,1.0,False,0.1660211722179189,3873,3230,11.015276670455933,rgb/f0610_rgb.png
611,cargo-only,True,2,2,66,0,True,1.0,1.0,1.0,False,0.1502846088024108,53758,45679,4.862072467803955,rgb/f0611_rgb.png
612,cargo-only,True,2,1,76,0,True,1.0,1.0,1.0,False,0.23341272541680846,2939,2253,8.37417221069336,rgb/f0612_rgb.png
613,cargo-only,True,2,1,117,0,True,1.0,1.0,1.0,False,0.04166666666666663,936,897,5.724247932434082,rgb/f0613_rgb.png
614,cargo-only,True,2,2,12,0,True,1.0,1.0,1.0,False,0.2478964401294499,23175,17430,5.081578969955444,rgb/f0614_rgb.png
615,cargo-only,True,2,2,14,0,True,1.0,1.0,1.0,False,0.11865517580365037,30517,26896,5.634542942047119,rgb/f0615_rgb.png
616,cargo-only,True,2,2,16,0,True,1.0,1.0,1.0,False,0.10152990264255912,1438,1292,4.674185037612915,rgb/f0616_rgb.png
617,cargo-only,True,2,2,68,0,True,1.0,1.0,1.0,False,0.11546468798377196,37466,33140,4.883668661117554,rgb/f0617_rgb.png
618,cargo-only,True,2,1,22,0,True,1.0,1.0,1.0,False,0.2262464722483537,4252,3290,10.323952674865723,rgb/f0618_rgb.png
619,cargo-only,True,2,2,12,0,True,1.0,1.0,1.0,False,0.07653332388477485,28223,26063,7.070598602294922,rgb/f0619_rgb.png
620,cargo-only,True,2,2,12,0,True,1.0,1.0,1.0,False,0.0615521855486173,2242,2104,5.234879493713379,rgb/f0620_rgb.png
621,cargo-only,True,2,2,84,0,True,1.0,1.0,1.0,False,0.2396135265700483,3105,2361,6.026655435562134,rgb/f0621_rgb.png
622,cargo-only,True,2,2,32,0,True,1.0,1.0,1.0,False,0.0,4877,4877,5.9605913162231445,rgb/f0622_rgb.png
623,cargo-only,True,2,0,104,0,True,0.12,0.2222,0.1111,True,0.0,137209,137209,9.749222993850708,rgb/f0623_rgb.png
624,cargo-only,True,2,1,14,0,True,1.0,1.0,1.0,False,0.09089887135212915,44478,40435,8.21966552734375,rgb/f0624_rgb.png
625,cargo-only,True,2,2,14,0,True,1.0,1.0,1.0,False,0.24753018660812298,1822,1371,5.083083152770996,rgb/f0625_rgb.png
626,cargo-only,True,2,2,12,0,True,1.0,1.0,1.0,False,0.07978726759994703,158509,145862,8.079202651977539,rgb/f0626_rgb.png
627,cargo-only,True,2,2,106,0,True,1.0,1.0,1.0,False,0.20024382810118868,3281,2624,7.606049060821533,rgb/f0627_rgb.png
628,cargo-only,True,2,1,14,0,True,1.0,1.0,1.0,False,0.08160134979676359,13039,11975,7.332692384719849,rgb/f0628_rgb.png
629,cargo-only,True,2,1,70,0,True,1.0,1.0,1.0,False,0.15982312065698046,1583,1330,8.986377477645874,rgb/f0629_rgb.png
630,cargo-only,True,2,2,32,0,True,1.0,1.0,1.0,False,0.18871664548919953,39350,31924,7.057157278060913,rgb/f0630_rgb.png
631,cargo-only,True,2,0,60,0,True,1.0,1.0,1.0,False,0.0,83808,83808,10.859869003295898,rgb/f0631_rgb.png
632,cargo-only,True,2,2,110,0,True,1.0,1.0,1.0,False,0.0001285016705216968,7782,7781,5.410213470458984,rgb/f0632_rgb.png
633,cargo-only,True,2,2,30,0,True,1.0,1.0,1.0,False,0.19607054633193544,17407,13994,5.718161582946777,rgb/f0633_rgb.png
634,cargo-only,True,2,2,86,0,True,1.0,1.0,1.0,False,0.019355786535424357,27227,26700,5.553708076477051,rgb/f0634_rgb.png
635,cargo-only,True,2,2,32,0,True,1.0,1.0,1.0,False,0.1452145214521452,909,777,7.1430888175964355,rgb/f0635_rgb.png
636,cargo-only,True,2,1,30,0,True,1.0,1.0,1.0,False,0.22122542469937012,5239,4080,6.10345721244812,rgb/f0636_rgb.png
637,cargo-only,True,2,2,50,0,True,1.0,1.0,1.0,False,0.06198103362221519,22039,20673,5.879546165466309,rgb/f0637_rgb.png
638,cargo-only,True,2,0,32,0,True,1.0,1.0,1.0,False,0.0,3282,3282,7.822571516036987,rgb/f0638_rgb.png
639,cargo-only,True,2,2,66,0,True,1.0,1.0,1.0,False,0.21183028801486525,3229,2545,4.944666147232056,rgb/f0639_rgb.png
640,cargo-only,True,2,0,66,0,True,1.0,1.0,1.0,False,0.0,5995,5995,9.494027853012085,rgb/f0640_rgb.png
641,cargo-only,True,2,2,12,0,True,1.0,1.0,1.0,False,0.010279957509508941,29183,28883,7.121936082839966,rgb/f0641_rgb.png
642,cargo-only,True,2,2,52,0,True,1.0,1.0,1.0,False,0.20226776378195932,45331,36162,6.041429042816162,rgb/f0642_rgb.png
643,cargo-only,True,2,2,12,0,True,1.0,1.0,1.0,False,0.02433217993079584,36125,35246,4.619682550430298,rgb/f0643_rgb.png
644,cargo-only,True,2,2,12,0,True,1.0,1.0,1.0,False,0.07944915254237284,944,869,5.074195861816406,rgb/f0644_rgb.png
645,cargo-only,True,2,1,102,0,True,1.0,1.0,1.0,False,0.23223031895830848,33484,25708,6.915950059890747,rgb/f0645_rgb.png
646,cargo-only,True,2,0,32,0,True,0.0,0.0,0.0,True,0.0,88526,88526,13.924611568450928,rgb/f0646_rgb.png
647,cargo-only,True,2,2,12,0,True,1.0,1.0,1.0,False,0.11834218188045897,5839,5148,7.1494903564453125,rgb/f0647_rgb.png
648,cargo-only,True,2,0,24,0,True,0.4,0.8889,1.0,True,0.0,107630,107630,9.393803358078003,rgb/f0648_rgb.png
649,cargo-only,True,2,2,110,0,True,1.0,1.0,1.0,False,0.0,184736,184736,6.094006061553955,rgb/f0649_rgb.png
650,cargo-only,True,2,2,70,0,True,1.0,1.0,1.0,False,0.2261181667586969,3622,2803,5.528111219406128,rgb/f0650_rgb.png
651,cargo-only,True,2,0,40,0,True,1.0,1.0,1.0,False,0.0,41002,41002,7.353700637817383,rgb/f0651_rgb.png
652,cargo-only,True,2,2,32,0,True,1.0,1.0,1.0,False,0.13874066168623267,1874,1614,6.998761415481567,rgb/f0652_rgb.png
653,cargo-only,True,2,2,38,0,True,1.0,1.0,1.0,False,0.2506547527345555,12982,9728,5.493210792541504,rgb/f0653_rgb.png
654,cargo-only,True,2,2,32,0,True,1.0,1.0,1.0,False,0.12827239743231933,89575,78085,7.036776304244995,rgb/f0654_rgb.png
655,cargo-only,True,2,2,12,0,True,1.0,1.0,1.0,False,0.0001088139281828493,9190,9189,5.6671178340911865,rgb/f0655_rgb.png
656,cargo-only,True,2,2,40,0,True,1.0,1.0,1.0,False,0.04997264271384283,21932,20836,4.604424953460693,rgb/f0656_rgb.png
657,cargo-only,True,2,1,42,0,True,1.0,1.0,1.0,False,0.20430107526881724,2232,1776,6.59302830696106,rgb/f0657_rgb.png
658,cargo-only,True,2,1,84,0,True,0.52,1.0,1.0,True,0.21180003532944713,22644,17848,8.576539278030396,rgb/f0658_rgb.png
659,cargo-only,True,2,2,12,0,True,1.0,1.0,1.0,False,0.17102696886138946,29738,24652,5.2448039054870605,rgb/f0659_rgb.png
660,cargo-only,True,2,1,12,0,True,1.0,1.0,1.0,False,0.08808603189946829,16552,15094,14.443460464477539,rgb/f0660_rgb.png
661,cargo-only,True,2,1,16,0,True,1.0,1.0,1.0,False,0.11682823763360672,8046,7106,6.585700511932373,rgb/f0661_rgb.png
662,cargo-only,True,2,2,76,0,True,1.0,1.0,1.0,False,0.11912225705329149,638,562,4.874741077423096,rgb/f0662_rgb.png
663,cargo-only,True,2,1,106,0,True,1.0,1.0,1.0,False,0.24365510240112997,90624,68543,7.797583341598511,rgb/f0663_rgb.png
664,cargo-only,True,2,1,12,0,True,1.0,1.0,1.0,False,0.1915584415584416,1540,1245,7.428590774536133,rgb/f0664_rgb.png
665,cargo-only,True,2,2,48,0,True,1.0,1.0,1.0,False,0.0690014180832541,55709,51865,7.76659083366394,rgb/f0665_rgb.png
666,cargo-only,True,2,2,52,0,True,1.0,1.0,1.0,False,0.08390646492434661,1454,1332,4.887041330337524,rgb/f0666_rgb.png
667,cargo-only,True,2,2,68,0,True,1.0,1.0,1.0,False,0.12065410252721431,20853,18337,6.892784118652344,rgb/f0667_rgb.png
668,cargo-only,True,2,0,52,0,True,1.0,1.0,1.0,False,0.0,2551,2551,7.515869855880737,rgb/f0668_rgb.png
669,cargo-only,True,2,2,40,0,True,1.0,1.0,1.0,False,0.0,31738,31738,5.345743656158447,rgb/f0669_rgb.png
670,cargo-only,True,2,2,16,0,True,1.0,1.0,1.0,False,0.02700587084148731,2555,2486,5.210563659667969,rgb/f0670_rgb.png
671,cargo-only,True,2,2,30,0,True,1.0,1.0,1.0,False,0.205832535532808,81474,64704,5.18654203414917,rgb/f0671_rgb.png
672,cargo-only,True,2,1,24,0,True,1.0,1.0,1.0,False,0.15695867031619626,80741,68068,10.716694116592407,rgb/f0672_rgb.png
673,cargo-only,True,2,1,58,0,True,1.0,1.0,1.0,False,0.2535377358490566,5936,4431,6.188275337219238,rgb/f0673_rgb.png
674,cargo-only,True,2,2,48,0,True,1.0,1.0,1.0,False,0.2695924764890282,1276,932,5.960851430892944,rgb/f0674_rgb.png
675,cargo-only,True,2,0,56,0,True,1.0,1.0,1.0,False,0.0,55031,55031,7.250306606292725,rgb/f0675_rgb.png
676,cargo-only,True,2,1,68,0,True,1.0,1.0,1.0,False,0.21158566519391264,4074,3212,10.11273455619812,rgb/f0676_rgb.png
677,cargo-only,True,2,2,86,0,True,1.0,1.0,1.0,False,0.09737248840803714,647,584,6.4165637493133545,rgb/f0677_rgb.png
678,cargo-only,True,2,2,12,0,True,1.0,1.0,1.0,False,0.009543215289778417,38771,38401,8.347158432006836,rgb/f0678_rgb.png
679,cargo-only,True,2,2,102,0,True,1.0,1.0,1.0,False,0.0,47957,47957,5.616886615753174,rgb/f0679_rgb.png
680,cargo-only,True,2,1,34,0,True,1.0,1.0,1.0,False,0.18076580587711488,1123,920,5.917424917221069,rgb/f0680_rgb.png
681,cargo-only,True,2,2,34,0,True,1.0,1.0,1.0,False,0.1366100622297226,47405,40929,6.996796369552612,rgb/f0681_rgb.png
682,cargo-only,True,2,1,76,0,True,1.0,1.0,1.0,False,0.2144701748444181,23621,18555,8.971084356307983,rgb/f0682_rgb.png
683,cargo-only,True,2,1,70,0,True,1.0,1.0,1.0,False,0.19155122284932447,5847,4727,6.026973247528076,rgb/f0683_rgb.png
684,cargo-only,True,2,1,88,0,True,1.0,1.0,1.0,False,0.12609858616736724,2617,2287,6.172721862792969,rgb/f0684_rgb.png
685,cargo-only,True,2,1,34,0,True,1.0,1.0,1.0,False,0.1969042325600906,23839,19145,6.469308376312256,rgb/f0685_rgb.png
686,cargo-only,True,2,2,12,0,True,1.0,1.0,1.0,False,0.08237929318068693,4018,3687,7.666161060333252,rgb/f0686_rgb.png
687,cargo-only,True,2,2,102,0,True,1.0,1.0,1.0,False,0.01340962950118485,17301,17069,5.578958034515381,rgb/f0687_rgb.png
688,cargo-only,True,2,2,24,0,True,1.0,1.0,1.0,False,0.21742654508611958,49350,38620,4.658640384674072,rgb/f0688_rgb.png
689,cargo-only,True,2,2,34,0,True,1.0,1.0,1.0,False,0.15964177142387648,12171,10228,6.516576766967773,rgb/f0689_rgb.png
690,cargo-only,True,2,2,30,0,True,1.0,1.0,1.0,False,0.03636614697095231,79662,76765,5.951480865478516,rgb/f0690_rgb.png
691,cargo-only,True,2,2,28,0,True,1.0,1.0,1.0,False,0.14002300172512938,3478,2991,7.335794687271118,rgb/f0691_rgb.png
692,cargo-only,True,2,1,117,0,True,1.0,1.0,1.0,False,0.1093791562483375,18797,16741,5.413586378097534,rgb/f0692_rgb.png
693,cargo-only,True,2,1,104,0,True,1.0,1.0,1.0,False,0.2469177503800034,5921,4459,8.269279718399048,rgb/f0693_rgb.png
694,cargo-only,True,2,1,14,0,True,1.0,1.0,1.0,False,0.07540288797989259,20291,18761,7.367290496826172,rgb/f0694_rgb.png
695,cargo-only,True,2,2,12,0,True,1.0,1.0,1.0,False,0.10223900728351765,3707,3328,5.9639809131622314,rgb/f0695_rgb.png
696,cargo-only,True,2,2,70,0,True,1.0,1.0,1.0,False,0.17412749620070922,37507,30976,4.86106538772583,rgb/f0696_rgb.png
697,cargo-only,True,2,2,12,0,True,1.0,1.0,1.0,False,0.16743471582181257,2604,2168,5.154809236526489,rgb/f0697_rgb.png
698,cargo-only,True,2,0,86,0,True,1.0,1.0,1.0,False,0.0,101466,101466,13.689662456512451,rgb/f0698_rgb.png
699,cargo-only,True,2,1,117,0,True,1.0,1.0,1.0,False,0.05536652421264665,73474,69406,5.431320667266846,rgb/f0699_rgb.png
700,cargo-only,True,2,2,12,0,True,1.0,1.0,1.0,False,0.2343223321109753,26997,20671,5.7836997509002686,rgb/f0700_rgb.png
701,cargo-only,True,2,2,16,0,True,1.0,1.0,1.0,False,0.057185356582100666,12101,11409,5.149439096450806,rgb/f0701_rgb.png
702,cargo-only,True,2,2,12,0,True,1.0,1.0,1.0,False,0.018615751789976098,2095,2056,5.597551107406616,rgb/f0702_rgb.png
703,cargo-only,True,2,2,68,0,True,1.0,1.0,1.0,False,0.04397516051829753,94849,90678,5.490624666213989,rgb/f0703_rgb.png
704,cargo-only,True,2,2,20,0,True,1.0,1.0,1.0,False,0.0,38077,38077,4.451411008834839,rgb/f0704_rgb.png
705,cargo-only,True,2,2,66,0,True,1.0,1.0,1.0,False,0.23234532374100725,17375,13338,7.379764556884766,rgb/f0705_rgb.png
706,cargo-only,True,2,1,104,0,True,1.0,1.0,1.0,False,0.21243697478991597,2975,2343,7.219850540161133,rgb/f0706_rgb.png
707,cargo-only,True,2,2,88,0,True,1.0,1.0,1.0,False,0.08230365903372272,142278,130568,5.697515964508057,rgb/f0707_rgb.png
708,cargo-only,True,2,2,12,0,True,1.0,1.0,1.0,False,0.1933165648580668,2783,2245,10.79800796508789,rgb/f0708_rgb.png
709,cargo-only,True,2,1,117,0,True,1.0,1.0,1.0,False,0.13386891504931597,12572,10889,5.604503870010376,rgb/f0709_rgb.png
710,cargo-only,True,2,1,66,0,True,1.0,1.0,1.0,False,0.224116865300523,93304,72393,6.169978618621826,rgb/f0710_rgb.png
711,cargo-only,True,2,1,12,0,True,1.0,1.0,1.0,False,0.0717498393660313,14007,13002,7.069106817245483,rgb/f0711_rgb.png
712,cargo-only,True,2,2,12,0,True,1.0,1.0,1.0,False,0.2477025367382374,94452,71056,5.385705471038818,rgb/f0712_rgb.png
713,cargo-only,True,2,2,52,0,True,1.0,1.0,1.0,False,0.19496402877697838,1390,1119,7.381967544555664,rgb/f0713_rgb.png
714,cargo-only,True,2,1,16,0,True,1.0,1.0,1.0,False,0.19738474754223534,10477,8409,10.19204592704773,rgb/f0714_rgb.png
715,cargo-only,True,2,1,84,0,True,0.2,0.0,0.0,True,0.2101642392314843,16135,12744,6.165363073348999,rgb/f0715_rgb.png
716,cargo-only,True,2,2,14,0,True,1.0,1.0,1.0,False,0.2033131120621442,117533,93637,4.5955259799957275,rgb/f0716_rgb.png
717,cargo-only,True,2,2,60,0,True,1.0,1.0,1.0,False,0.25094102885821834,1594,1194,7.12031626701355,rgb/f0717_rgb.png
718,cargo-only,True,2,2,12,0,True,1.0,1.0,1.0,False,0.0,2696,2696,5.7679338455200195,rgb/f0718_rgb.png
719,cargo-only,True,2,2,68,0,True,1.0,1.0,1.0,False,0.007533080047163576,15266,15151,4.960434913635254,rgb/f0719_rgb.png
720,cargo-only,True,2,0,56,0,True,1.0,1.0,1.0,False,0.0,164873,164873,10.017723798751831,rgb/f0720_rgb.png
721,cargo-only,True,2,1,70,0,True,1.0,1.0,1.0,False,0.2154955480031977,253931,199210,8.231518268585205,rgb/f0721_rgb.png
722,cargo-only,True,2,2,24,0,True,1.0,1.0,1.0,False,0.19587468982630274,12896,10370,5.135540008544922,rgb/f0722_rgb.png
723,cargo-only,True,2,0,12,0,True,1.0,1.0,1.0,False,0.0,5076,5076,10.377054452896118,rgb/f0723_rgb.png
724,cargo-only,True,2,2,70,0,True,1.0,1.0,1.0,False,0.12333965844402273,1054,924,5.20832085609436,rgb/f0724_rgb.png
725,cargo-only,True,2,1,34,0,True,1.0,1.0,1.0,False,0.16216216216216217,999,837,5.952914237976074,rgb/f0725_rgb.png
726,cargo-only,True,2,2,30,0,True,1.0,1.0,1.0,False,0.19868567384490954,148365,118887,7.5665857791900635,rgb/f0726_rgb.png
727,cargo-only,True,2,1,66,0,True,1.0,1.0,1.0,False,0.19242812411044696,14052,11348,8.782179832458496,rgb/f0727_rgb.png
728,cargo-only,True,2,1,106,0,True,1.0,1.0,1.0,False,0.1709715292045788,6814,5649,6.9644105434417725,rgb/f0728_rgb.png
729,cargo-only,True,2,2,50,0,True,1.0,1.0,1.0,False,0.0,12216,12216,7.29271674156189,rgb/f0729_rgb.png
730,cargo-only,True,2,0,12,0,True,0.16,0.3333,0.3333,True,0.0,244240,244240,7.750878095626831,rgb/f0730_rgb.png
731,cargo-only,True,2,2,70,0,True,1.0,1.0,1.0,False,0.14357823892316324,64188,54972,7.0184266567230225,rgb/f0731_rgb.png
732,cargo-only,True,2,2,102,0,True,1.0,1.0,1.0,False,0.17699579831932777,5712,4701,6.1135945320129395,rgb/f0732_rgb.png
733,cargo-only,True,2,1,12,0,True,1.0,1.0,1.0,False,0.2259475911922766,21027,16276,6.381892204284668,rgb/f0733_rgb.png
734,cargo-only,True,2,0,102,0,True,1.0,1.0,1.0,False,0.0,1383,1383,7.807133197784424,rgb/f0734_rgb.png
735,cargo-only,True,2,2,30,0,True,1.0,1.0,1.0,False,0.03512120367790472,71780,69259,4.621711254119873,rgb/f0735_rgb.png
736,cargo-only,True,2,2,14,0,True,1.0,1.0,1.0,False,0.13354869972540784,30955,26821,10.844813823699951,rgb/f0736_rgb.png
737,cargo-only,True,2,2,10,0,True,1.0,1.0,1.0,False,0.17279549718574105,5330,4409,5.08465838432312,rgb/f0737_rgb.png
738,cargo-only,True,2,2,102,0,True,1.0,1.0,1.0,False,0.0,13808,13808,5.5287230014801025,rgb/f0738_rgb.png
739,cargo-only,True,2,1,16,0,True,1.0,1.0,1.0,False,0.09904391992829398,167350,150775,7.211220026016235,rgb/f0739_rgb.png
740,cargo-only,True,2,1,24,0,True,1.0,1.0,1.0,False,0.19407132931912918,2159,1740,7.276656866073608,rgb/f0740_rgb.png
741,cargo-only,True,2,2,48,0,True,1.0,1.0,1.0,False,0.08930348258706466,4020,3661,5.909862279891968,rgb/f0741_rgb.png
742,cargo-only,True,2,2,104,0,True,1.0,1.0,1.0,False,0.12146215215120149,84232,74001,5.579221725463867,rgb/f0742_rgb.png
743,cargo-only,True,2,2,38,0,True,1.0,1.0,1.0,False,3.135189365433e-05,31896,31895,6.233892202377319,rgb/f0743_rgb.png
744,cargo-only,True,2,2,20,0,True,1.0,1.0,1.0,False,0.016672396012375357,11636,11442,6.953376531600952,rgb/f0744_rgb.png
745,cargo-only,True,2,2,16,0,True,1.0,1.0,1.0,False,0.15813696612665684,5432,4573,4.5222814083099365,rgb/f0745_rgb.png
746,cargo-only,True,2,2,66,0,True,1.0,1.0,1.0,False,0.2090873623240599,66642,52708,5.435157299041748,rgb/f0746_rgb.png
747,cargo-only,True,2,1,14,0,True,1.0,1.0,1.0,False,0.21935998838981208,13781,10758,6.2423484325408936,rgb/f0747_rgb.png
748,cargo-only,True,2,1,24,0,True,1.0,1.0,1.0,False,0.206126379731832,26998,21433,7.128038167953491,rgb/f0748_rgb.png
749,cargo-only,True,2,2,50,0,True,1.0,1.0,1.0,False,0.12474524924263286,72620,63561,4.766844272613525,rgb/f0749_rgb.png
750,cargo-only,True,2,2,102,0,True,1.0,1.0,1.0,False,0.1583665338645418,2008,1690,5.018182039260864,rgb/f0750_rgb.png
751,cargo-only,True,2,2,30,0,True,1.0,1.0,1.0,False,0.16858513189448443,4170,3467,8.133325815200806,rgb/f0751_rgb.png
752,cargo-only,True,2,2,84,0,True,1.0,1.0,1.0,False,0.21215351812366734,6566,5173,4.974251985549927,rgb/f0752_rgb.png
753,cargo-only,True,2,1,78,0,True,1.0,1.0,1.0,False,0.20390624999999996,2560,2038,7.315481185913086,rgb/f0753_rgb.png
754,cargo-only,True,2,2,30,0,True,1.0,1.0,1.0,False,0.009526295184653533,68967,68310,5.348080635070801,rgb/f0754_rgb.png
755,cargo-only,True,2,0,48,0,True,1.0,1.0,1.0,False,0.0,126122,126122,12.325102090835571,rgb/f0755_rgb.png
756,cargo-only,True,2,0,114,0,True,1.0,1.0,1.0,False,0.0,30936,30936,7.579896688461304,rgb/f0756_rgb.png
757,cargo-only,True,2,2,10,0,True,1.0,1.0,1.0,False,0.09243676211927565,79027,71722,6.825302362442017,rgb/f0757_rgb.png
758,cargo-only,True,2,1,14,0,True,1.0,1.0,1.0,False,0.10243201150113812,16694,14984,5.889854669570923,rgb/f0758_rgb.png
759,cargo-only,True,2,2,106,0,True,1.0,1.0,1.0,False,0.21478220574606122,8632,6778,7.207025051116943,rgb/f0759_rgb.png
760,cargo-only,True,2,2,94,0,True,1.0,1.0,1.0,False,0.034652926448709986,27559,26604,6.089559078216553,rgb/f0760_rgb.png
761,cargo-only,True,2,2,52,0,True,1.0,1.0,1.0,False,0.07941437444543031,2254,2075,5.194637775421143,rgb/f0761_rgb.png
762,cargo-only,True,2,2,12,0,True,1.0,1.0,1.0,False,0.07805476093175312,85645,78960,6.828896999359131,rgb/f0762_rgb.png
763,cargo-only,True,2,1,117,0,True,1.0,1.0,1.0,False,0.02044907778668803,2494,2443,6.80198073387146,rgb/f0763_rgb.png
764,cargo-only,True,2,0,48,0,True,1.0,1.0,1.0,False,0.0,27018,27018,7.339824914932251,rgb/f0764_rgb.png
765,cargo-only,True,2,1,14,0,True,1.0,1.0,1.0,False,0.22257053291536055,1595,1240,5.895730018615723,rgb/f0765_rgb.png
766,cargo-only,True,2,1,16,0,True,1.0,1.0,1.0,False,0.014448835353573775,105268,103747,7.008404016494751,rgb/f0766_rgb.png
767,cargo-only,True,2,2,74,0,True,1.0,1.0,1.0,False,0.11645731317862462,4697,4150,11.375468492507935,rgb/f0767_rgb.png
768,cargo-only,True,2,1,34,0,True,1.0,1.0,1.0,False,0.20252320009704616,16487,13148,10.478885650634766,rgb/f0768_rgb.png
769,cargo-only,True,2,2,12,0,True,1.0,1.0,1.0,False,0.18434588683860298,55602,45352,5.257290601730347,rgb/f0769_rgb.png
770,cargo-only,True,2,2,12,0,True,1.0,1.0,1.0,False,0.21313240043057047,929,731,4.528335094451904,rgb/f0770_rgb.png
771,cargo-only,True,2,2,48,0,True,1.0,1.0,1.0,False,0.09481229498238364,41155,37253,4.770370960235596,rgb/f0771_rgb.png
772,cargo-only,True,2,2,12,0,True,1.0,1.0,1.0,False,0.06253804017041997,6572,6161,5.017149209976196,rgb/f0772_rgb.png
773,cargo-only,True,2,0,48,0,True,1.0,1.0,1.0,False,0.0,54194,54194,9.90875792503357,rgb/f0773_rgb.png
774,cargo-only,True,2,2,16,0,True,1.0,1.0,1.0,False,0.19169027384324833,3177,2568,6.709534168243408,rgb/f0774_rgb.png
775,cargo-only,True,2,2,88,0,True,1.0,1.0,1.0,False,0.006295907660020972,6671,6629,6.404942512512207,rgb/f0775_rgb.png
776,cargo-only,True,2,2,50,0,True,1.0,1.0,1.0,False,0.19095566782893336,28106,22739,10.85840892791748,rgb/f0776_rgb.png
777,cargo-only,True,2,2,34,0,True,1.0,1.0,1.0,False,0.20557491289198604,861,684,5.242820978164673,rgb/f0777_rgb.png
778,cargo-only,True,2,1,56,0,True,1.0,1.0,1.0,False,0.16657060518731992,1735,1446,7.270865201950073,rgb/f0778_rgb.png
779,cargo-only,True,2,2,30,0,True,1.0,1.0,1.0,False,0.010347682119205337,7248,7173,4.541208982467651,rgb/f0779_rgb.png
780,cargo-only,True,2,0,14,0,True,1.0,1.0,1.0,False,0.0,120110,120110,9.954663038253784,rgb/f0780_rgb.png
781,cargo-only,True,2,1,52,0,True,1.0,1.0,1.0,False,0.18981867444768652,19192,15549,7.1755757331848145,rgb/f0781_rgb.png
782,cargo-only,True,2,2,68,0,True,1.0,1.0,1.0,False,0.20403286034353996,6695,5329,5.0439722537994385,rgb/f0782_rgb.png
783,cargo-only,True,2,2,32,0,True,1.0,1.0,1.0,False,0.2140540540540541,1850,1454,6.7441771030426025,rgb/f0783_rgb.png
784,cargo-only,True,2,2,32,0,True,0.0,0.0,0.0,True,0.20134768246626567,295767,236215,8.003227233886719,rgb/f0784_rgb.png
785,cargo-only,True,2,2,12,0,True,1.0,1.0,1.0,False,0.1604741865955045,97430,81795,4.557094573974609,rgb/f0785_rgb.png
786,cargo-only,True,2,2,70,0,True,1.0,1.0,1.0,False,0.19439163498098855,2104,1695,6.125356674194336,rgb/f0786_rgb.png
787,cargo-only,True,2,2,30,0,True,1.0,1.0,1.0,False,0.21409832325767086,26301,20670,5.319647789001465,rgb/f0787_rgb.png
788,cargo-only,True,2,2,66,0,True,1.0,1.0,1.0,False,0.163280662151994,1329,1112,5.222276926040649,rgb/f0788_rgb.png
789,cargo-only,True,2,1,48,0,True,1.0,1.0,1.0,False,0.23391664553216673,47316,36248,10.220176219940186,rgb/f0789_rgb.png
790,cargo-only,True,2,2,48,0,True,1.0,1.0,1.0,False,0.06278054993005822,47897,44890,4.661519527435303,rgb/f0790_rgb.png
791,cargo-only,True,2,0,58,0,True,1.0,1.0,1.0,False,0.0,75972,75972,10.115082025527954,rgb/f0791_rgb.png
792,cargo-only,True,2,2,66,0,True,1.0,1.0,1.0,False,0.0,69895,69895,5.179865837097168,rgb/f0792_rgb.png
793,cargo-only,True,2,1,88,0,True,1.0,1.0,1.0,False,0.22273004265691654,6564,5102,10.22110104560852,rgb/f0793_rgb.png
794,cargo-only,True,2,2,66,0,True,1.0,1.0,1.0,False,0.25286901464186784,2527,1888,4.969856262207031,rgb/f0794_rgb.png
795,cargo-only,True,2,1,117,0,True,1.0,1.0,1.0,False,0.13584606514845776,69380,59955,6.165302515029907,rgb/f0795_rgb.png
796,cargo-only,True,2,2,12,0,True,1.0,1.0,1.0,False,0.16214014122759368,3682,3085,7.9983813762664795,rgb/f0796_rgb.png
797,cargo-only,True,2,2,68,0,True,1.0,1.0,1.0,False,0.02687651331719132,4130,4019,6.886499643325806,rgb/f0797_rgb.png
798,cargo-only,True,2,2,102,0,True,1.0,1.0,1.0,False,0.10938628158844765,22160,19736,5.439011335372925,rgb/f0798_rgb.png
799,cargo-only,True,2,0,88,0,True,1.0,1.0,1.0,False,0.0,130292,130292,7.3173627853393555,rgb/f0799_rgb.png
