proposal_index,usable_slot,old_outcome,new_outcome,replayed,old_runtime_s,new_runtime_s,old_stage_context_s,new_stage_context_s,old_stage_explicit_s,new_stage_explicit_s,new_stage_explicit_prep_s,old_explicit_visible_pixels,new_explicit_visible_pixels,old_side_match,new_side_match,new_metrics_available,new_f_explicit_target,new_f_explicit_actual_lowres,new_explicit_abs_error_lowres,old_realization_attempt_count,new_realization_attempt_count,new_coarse_eval_count,new_fine_eval_count,new_search_winning_stage,new_solver_fail_reason,old_solver_fail_reason,new_context_skipped,new_reject_counts
3,3,expensive_reject,rejected,True,130.52551126480103,72.2130057811737,73.07156,0.001597,49.870431,63.998018,0.114915,0,0,,,False,0.20730570984469082,,,19,19,44,0,,bounded_local_search_exhausted,bounded_local_search_exhausted,True,"{""camera_clearance"": 7, ""candidate_budget_exhausted"": 9, ""collision"": 6, ""score_callback"": 21, ""support"": 10}"
4,3,expensive_reject,rejected,True,74.4275176525116,57.258301973342896,37.016078,0.001622,35.411834,55.122338,0.196436,0,0,,,False,0.42654963055699835,,,21,21,60,0,,bounded_local_search_exhausted,bounded_local_search_exhausted,True,"{""candidate_budget_exhausted"": 9, ""score_callback"": 58, ""support"": 2}"
7,3,expensive_reject,rejected,True,40.633838415145874,18.904264450073242,20.705099,0.001212,9.233334,8.669534,0.015911,0,0,,,False,0.2629645435228422,,,5,5,12,0,,bounded_local_search_exhausted,bounded_local_search_exhausted,True,"{""candidate_budget_exhausted"": 2, ""collision"": 6, ""score_callback"": 3, ""support"": 3}"
8,3,accepted,accepted,True,41.190797328948975,39.983359575271606,13.441722,12.693093,19.844992,19.163548,0.147977,228,228,True,True,True,0.19537258492039322,0.15789473684210525,0.03747784807828797,2,2,9,0,target-seed,,,False,"{""score_callback"": 3}"
11,5,accepted,accepted,True,53.542211055755615,58.54264163970947,17.686679,27.250652,23.865339,19.503198,0.201939,12513,12513,True,True,True,0.27312834436863037,0.15918367346938775,0.11394467089924262,9,4,18,0,target-seed,,,False,"{""score_callback"": 16}"
18,9,accepted,accepted,True,29.19108295440674,28.76292109489441,7.95999,6.924301,14.779701,14.730876,0.176502,193,193,True,True,True,0.14684539908486832,0.040268456375838924,0.1065769427090294,8,8,21,0,preprobe,,,False,"{""candidate_budget_exhausted"": 4, ""score_callback"": 9, ""support"": 11}"
26,13,accepted,accepted,True,32.514846324920654,31.42587900161743,6.783348,6.607257,19.862133,18.736515,0.183702,455,455,True,True,True,0.39950323821430234,0.3076923076923077,0.09181093052199463,4,4,18,0,target-seed,,,False,"{""score_callback"": 14}"
29,15,expensive_reject,rejected,True,43.14216208457947,34.6096932888031,16.047018,0.001803,25.084327,32.681931,0.180976,0,0,,,False,0.42607351843249974,,,19,19,44,0,,bounded_local_search_exhausted,bounded_local_search_exhausted,True,"{""camera_clearance"": 19, ""candidate_budget_exhausted"": 9, ""score_callback"": 24, ""support"": 1}"
30,15,expensive_reject,rejected,True,56.53138089179993,64.22495460510254,20.572548,0.001328,29.059582,57.004089,0.099112,0,0,,,False,0.21813793003112078,,,17,17,52,0,,bounded_local_search_exhausted,bounded_local_search_exhausted,True,"{""camera_clearance"": 6, ""candidate_budget_exhausted"": 6, ""score_callback"": 31, ""support"": 15}"
32,15,expensive_reject,rejected,True,49.7745840549469,68.85879421234131,22.36654,0.001493,26.176577,67.539133,0.124557,0,0,,,False,0.17802966484806917,,,20,21,60,0,,bounded_local_search_exhausted,bounded_local_search_exhausted,True,"{""candidate_budget_exhausted"": 9, ""collision"": 1, ""score_callback"": 31, ""support"": 28}"
34,15,expensive_reject,rejected,True,69.23617172241211,66.82604813575745,25.72855,0.001294,36.5374,59.350862,0.158564,0,0,,,False,0.2343686197213216,,,20,20,52,0,,bounded_local_search_exhausted,bounded_local_search_exhausted,True,"{""camera_clearance"": 11, ""candidate_budget_exhausted"": 9, ""score_callback"": 41}"
38,15,accepted,accepted,True,44.293997049331665,46.969865798950195,14.038016,15.967116,24.083392,24.540786,0.131701,11123,11123,True,True,True,0.4082084078182895,0.38010425716768026,0.028104150650609228,2,2,9,0,target-seed,,,False,"{""score_callback"": 8}"
46,19,accepted,accepted,True,76.24449396133423,79.55007910728455,32.655833,27.547356,37.973927,45.960847,0.092361,5284,5186,True,True,True,0.2577233925098761,0.3020312040035325,0.044307811493656424,9,9,29,0,target-seed,,,False,"{""candidate_budget_exhausted"": 3, ""collision"": 1, ""score_callback"": 27}"
54,23,expensive_reject,rejected,True,45.981489419937134,25.128737211227417,21.028372,0.001097,16.563303,16.371489,0.110674,0,0,,,False,0.29172857383466516,,,15,15,36,0,,bounded_local_search_exhausted,bounded_local_search_exhausted,True,"{""candidate_budget_exhausted"": 6, ""collision"": 4, ""score_callback"": 6, ""support"": 26}"
55,23,expensive_reject,rejected,True,68.83458995819092,50.27544355392456,31.392485,0.001203,36.297151,49.024302,0.049267,0,0,,,False,0.13080422137872902,,,19,19,44,0,,bounded_local_search_exhausted,bounded_local_search_exhausted,True,"{""camera_clearance"": 21, ""candidate_budget_exhausted"": 10, ""collision"": 1, ""score_callback"": 20, ""support"": 2}"
58,23,expensive_reject,rejected,True,50.215322494506836,64.63307666778564,9.498187,0.001631,38.809261,62.576563,0.169903,0,0,,,False,0.14775433727293127,,,21,21,60,0,,bounded_local_search_exhausted,bounded_local_search_exhausted,True,"{""camera_clearance"": 1, ""candidate_budget_exhausted"": 9, ""score_callback"": 59}"
59,23,accepted,accepted,True,46.748077630996704,46.45563507080078,10.413602,9.599188,23.614857,23.863803,0.102039,323,323,True,True,True,0.23646578345592215,0.21397379912663755,0.022491984329284592,8,8,21,0,target-seed,,,False,"{""candidate_budget_exhausted"": 3, ""collision"": 8, ""score_callback"": 5, ""support"": 1}"
62,25,expensive_reject,rejected,True,63.97418832778931,51.79189467430115,38.603657,0.002009,21.476127,47.596875,0.165133,0,0,,,False,0.3765922942059385,,,21,21,60,0,,bounded_local_search_exhausted,bounded_local_search_exhausted,True,"{""candidate_budget_exhausted"": 10, ""collision"": 10, ""score_callback"": 23, ""support"": 27}"
65,25,accepted,accepted,True,82.286048412323,68.05581879615784,28.929931,32.083418,39.245868,21.407623,0.204157,187,218,True,True,True,0.12697100401716757,0.13544668587896252,0.008475681861794954,4,2,9,0,target-seed,,,False,"{""score_callback"": 4}"
69,29,expensive_reject,rejected,True,65.00836300849915,87.65464782714844,12.501767,0.001124,51.28225,86.341712,0.095492,0,0,,,False,0.19727292210701583,,,21,23,60,0,,bounded_local_search_exhausted,bounded_local_search_exhausted,True,"{""camera_clearance"": 1, ""candidate_budget_exhausted"": 11, ""score_callback"": 59}"
70,29,accepted,accepted,True,69.9708514213562,57.019025802612305,31.806203,18.566526,29.525998,29.618119,0.204476,5081,5081,True,True,True,0.3343477429268502,0.30638297872340425,0.027964764203445958,8,8,21,0,target-seed,,,False,"{""camera_clearance"": 6, ""candidate_budget_exhausted"": 3, ""score_callback"": 14}"
76,33,accepted,accepted,True,41.1987624168396,39.847291231155396,12.089845,10.822472,17.470266,16.978327,0.133278,4409,4409,True,True,True,0.19524197566885365,0.17571059431524547,0.019531381353608185,2,2,9,0,target-seed,,,False,"{""score_callback"": 4}"
79,35,expensive_reject,rejected,True,66.66828656196594,28.234276056289673,38.361478,0.001343,18.11909,17.868297,0.049055,0,0,,,False,0.1658813642859568,,,16,16,36,0,,bounded_local_search_exhausted,bounded_local_search_exhausted,True,"{""candidate_budget_exhausted"": 7, ""collision"": 2, ""score_callback"": 8, ""support"": 26}"
80,35,expensive_reject,rejected,True,52.3843457698822,64.10896825790405,19.835379,0.001364,31.205169,62.825888,0.097669,0,0,,,False,0.4392823720272658,,,20,20,60,0,,bounded_local_search_exhausted,bounded_local_search_exhausted,True,"{""candidate_budget_exhausted"": 9, ""score_callback"": 40, ""support"": 20}"
82,35,accepted,accepted,True,47.629260540008545,55.76833367347717,9.961312,17.922618,32.328276,32.250523,0.133446,2655,2655,True,True,True,0.3350807686779613,0.3695395513577332,0.03445878267977187,4,4,18,0,target-seed,,,False,"{""score_callback"": 14}"
91,39,expensive_reject,rejected,True,40.85218667984009,60.48095703125,8.346577,0.001548,30.254879,58.432249,0.190964,0,0,,,False,0.14280944862934175,,,20,21,60,0,,bounded_local_search_exhausted,bounded_local_search_exhausted,True,"{""candidate_budget_exhausted"": 9, ""score_callback"": 60}"
93,39,accepted,accepted,True,72.17171239852905,35.58420276641846,52.960811,7.549269,13.40905,21.383901,0.167904,6220,6220,True,True,True,0.43973900871519656,0.34590129209913156,0.09383771661606499,10,10,32,0,primary,,,False,"{""camera_clearance"": 9, ""candidate_budget_exhausted"": 3, ""collision"": 2, ""score_callback"": 15, ""support"": 5}"
98,43,expensive_reject,rejected,True,132.66266751289368,143.16899132728577,37.271742,0.002163,87.600684,135.737434,0.138251,0,0,,,False,0.24634478013907238,,,21,21,60,0,,bounded_local_search_exhausted,bounded_local_search_exhausted,True,"{""candidate_budget_exhausted"": 9, ""score_callback"": 57, ""support"": 3}"
100,43,expensive_reject,rejected,True,78.04946494102478,107.12107944488525,16.410545,0.001368,53.26272,98.642202,0.108174,0,0,,,False,0.4010295429731762,,,20,21,59,0,,bounded_local_search_exhausted,bounded_local_search_exhausted,True,"{""camera_clearance"": 2, ""candidate_budget_exhausted"": 10, ""score_callback"": 57}"
102,43,expensive_reject,rejected,True,68.78973269462585,72.0325517654419,12.482393,0.001414,40.02274,55.534962,0.105962,0,0,,,False,0.1852509059040689,,,20,20,52,0,,bounded_local_search_exhausted,bounded_local_search_exhausted,True,"{""candidate_budget_exhausted"": 9, ""collision"": 14, ""score_callback"": 21, ""support"": 17}"
104,43,accepted,accepted,True,24.649908781051636,25.136135816574097,7.905428,7.9501,10.563049,10.704883,0.158737,368,368,True,True,True,0.38540231592339785,0.36507936507936506,0.020322950844032794,2,2,9,0,target-seed,,,False,"{""score_callback"": 7}"
109,45,expensive_reject,rejected,True,60.395020723342896,64.4170835018158,18.852338,0.001392,40.315314,63.151426,0.106485,0,0,,,False,0.3356562823526332,,,20,20,52,0,,bounded_local_search_exhausted,bounded_local_search_exhausted,True,"{""camera_clearance"": 10, ""candidate_budget_exhausted"": 9, ""score_callback"": 42}"
112,45,expensive_reject,rejected,True,60.97867155075073,46.11549377441406,29.590096,0.001112,25.980726,40.610303,0.155461,0,0,,,False,0.40366298099237796,,,20,20,52,0,,bounded_local_search_exhausted,bounded_local_search_exhausted,True,"{""candidate_budget_exhausted"": 9, ""collision"": 1, ""score_callback"": 39, ""support"": 12}"
113,45,accepted,accepted,True,65.30609941482544,132.90405535697937,21.320899,73.626358,37.63962,52.757437,0.130285,805,805,True,True,True,0.3290793167680911,0.2718168812589413,0.05726243550914978,8,9,32,0,gate-overlap-refine,,,False,"{""camera_clearance"": 9, ""candidate_budget_exhausted"": 3, ""score_callback"": 21}"
118,49,expensive_reject,rejected,True,72.83314037322998,67.63331913948059,27.500725,0.001173,39.171364,61.368465,0.100358,0,0,,,False,0.2957990747707349,,,20,20,52,0,,bounded_local_search_exhausted,bounded_local_search_exhausted,True,"{""candidate_budget_exhausted"": 9, ""collision"": 8, ""score_callback"": 39, ""support"": 5}"
120,49,expensive_reject,rejected,True,59.793081283569336,40.469900608062744,36.669306,0.002101,20.662082,37.666855,0.236582,0,0,,,False,0.17497335320751256,,,17,17,52,0,,bounded_local_search_exhausted,bounded_local_search_exhausted,True,"{""candidate_budget_exhausted"": 6, ""score_callback"": 26, ""support"": 26}"
121,49,accepted,accepted,True,75.17262387275696,87.61704897880554,23.508964,12.280353,38.158153,60.244649,0.100313,2710,2710,True,True,True,0.4495132565574447,0.3848009650180941,0.0647122915393506,9,10,40,0,gate-overlap-refine,,,False,"{""candidate_budget_exhausted"": 3, ""score_callback"": 39}"
128,53,expensive_reject,rejected,True,88.16813659667969,103.38357734680176,14.739975,0.00145,56.413544,86.445627,0.104991,0,0,,,False,0.2706757082905613,,,20,20,52,0,,bounded_local_search_exhausted,bounded_local_search_exhausted,True,"{""camera_clearance"": 8, ""candidate_budget_exhausted"": 9, ""collision"": 1, ""score_callback"": 41, ""support"": 2}"
132,53,accepted,accepted,True,26.834275722503662,25.239899396896362,14.235736,6.736689,7.202658,12.443719,0.160209,2897,2897,True,True,True,0.10291382724138247,0.02275960170697013,0.08015422553441234,8,9,29,0,target-seed,,,False,"{""candidate_budget_exhausted"": 3, ""score_callback"": 8, ""support"": 20}"
136,55,expensive_reject,rejected,True,44.46357560157776,22.642623901367188,23.016119,0.001216,19.577502,19.865187,0.179041,0,0,,,False,0.16124306670200617,,,18,18,36,0,,bounded_local_search_exhausted,bounded_local_search_exhausted,True,"{""camera_clearance"": 19, ""candidate_budget_exhausted"": 9, ""score_callback"": 14, ""support"": 3}"
137,55,accepted,accepted,True,49.160359382629395,43.293569803237915,15.785945,14.099431,21.699827,17.105191,0.195114,424,454,True,True,True,0.21177009451692813,0.21774193548387097,0.005971840966942837,2,2,9,0,target-seed,,,False,"{""score_callback"": 1}"
142,59,expensive_reject,rejected,True,133.57814717292786,65.1285879611969,80.725242,0.001285,39.706583,52.092933,0.152478,0,0,,,False,0.3398625913123031,,,19,19,44,0,,bounded_local_search_exhausted,bounded_local_search_exhausted,True,"{""candidate_budget_exhausted"": 10, ""collision"": 1, ""score_callback"": 24, ""support"": 19}"
143,59,expensive_reject,rejected,True,60.79854941368103,75.12309622764587,18.274287,0.001311,41.190735,73.803869,0.104032,0,0,,,False,0.165924172579748,,,18,20,52,0,,bounded_local_search_exhausted,bounded_local_search_exhausted,True,"{""camera_clearance"": 5, ""candidate_budget_exhausted"": 9, ""score_callback"": 47}"
146,59,expensive_reject,rejected,True,66.20333194732666,64.08275628089905,24.879932,0.001557,36.175059,58.675754,0.167618,0,0,,,False,0.24104336438610516,,,21,21,60,0,,bounded_local_search_exhausted,bounded_local_search_exhausted,True,"{""candidate_budget_exhausted"": 9, ""score_callback"": 56, ""support"": 4}"
147,59,accepted,accepted,True,88.09187388420105,121.2406370639801,56.36854,76.507964,24.037886,35.733345,0.157395,8024,8024,True,True,True,0.1971867501066144,0.11533458592282121,0.0818521641837932,9,9,29,0,target-seed,,,False,"{""candidate_budget_exhausted"": 3, ""collision"": 1, ""score_callback"": 19, ""support"": 8}"
154,63,expensive_reject,rejected,True,92.62316823005676,97.96363043785095,28.989252,0.001362,60.237348,94.412243,0.159363,0,0,,,False,0.13714750827318622,,,21,24,60,0,,bounded_local_search_exhausted,bounded_local_search_exhausted,True,"{""candidate_budget_exhausted"": 12, ""score_callback"": 60}"
155,63,accepted,accepted,True,42.384862661361694,41.63956594467163,8.166595,8.216511,22.489588,21.680104,0.193732,730,730,True,True,True,0.20139072164260288,0.192090395480226,0.009300326162376887,4,4,18,0,target-seed,,,False,"{""score_callback"": 7}"
158,65,expensive_reject,rejected,True,43.55709099769592,55.8395299911499,7.248233,0.001848,34.201158,53.925704,0.150837,0,0,,,False,0.29693888819819236,,,21,21,60,0,,bounded_local_search_exhausted,bounded_local_search_exhausted,True,"{""candidate_budget_exhausted"": 9, ""score_callback"": 57, ""support"": 3}"
159,65,accepted,accepted,True,46.47523212432861,45.715510845184326,12.881936,16.003266,22.131578,18.036749,0.100676,991,991,True,True,True,0.12240496389104516,0.11666666666666667,0.005738297224378491,2,2,9,0,target-seed,,,False,"{""score_callback"": 1}"
163,69,expensive_reject,rejected,True,82.61688041687012,75.67885375022888,27.925386,0.001728,53.245141,74.144497,0.107766,0,0,,,False,0.27683038399999904,,,19,19,52,0,,bounded_local_search_exhausted,bounded_local_search_exhausted,True,"{""candidate_budget_exhausted"": 8, ""collision"": 5, ""score_callback"": 34, ""support"": 13}"
166,69,accepted,accepted,True,54.1078143119812,62.852434396743774,11.211143,10.48147,25.426892,34.64715,0.193736,720,732,True,True,True,0.18870592109118398,0.1553653719552337,0.033340549135950276,6,7,31,0,corner-contact-refine,,,False,"{""candidate_budget_exhausted"": 1, ""collision"": 8, ""score_callback"": 14, ""support"": 5}"
173,73,expensive_reject,rejected,True,57.78732466697693,70.16618132591248,12.616293,0.001318,37.250034,62.117811,0.227107,0,0,,,False,0.1150761980439105,,,21,21,60,0,,bounded_local_search_exhausted,bounded_local_search_exhausted,True,"{""candidate_budget_exhausted"": 9, ""score_callback"": 60}"
174,73,accepted,accepted,True,31.100996017456055,38.571696758270264,8.708104,15.262187,12.513082,12.755647,0.224091,895,895,True,True,True,0.14832489796501136,0.14675324675324675,0.001571651211764613,2,2,9,0,target-seed,,,False,"{""score_callback"": 1}"
176,75,accepted,accepted,True,53.78386306762695,40.623175859451294,9.11454,21.548234,37.865679,11.925768,0.152384,614,7053,True,True,True,0.3891861039916183,0.3869209809264305,0.0022651230651877796,16,2,9,0,target-seed,,,False,"{""score_callback"": 6}"
180,79,expensive_reject,rejected,True,24.42941975593567,17.528477907180786,6.48438,0.004681,15.965442,15.618925,0.151766,0,0,,,False,0.20059055421810051,,,16,16,36,0,,bounded_local_search_exhausted,bounded_local_search_exhausted,True,"{""camera_clearance"": 5, ""candidate_budget_exhausted"": 7, ""collision"": 2, ""score_callback"": 9, ""support"": 20}"
183,79,expensive_reject,accepted,True,108.37117552757263,173.85569858551025,15.307672,16.896142,76.501703,133.977558,0.140451,0,488,,True,True,0.17523444273776634,0.08755760368663594,0.0876768390511304,21,18,60,0,primary,,bounded_local_search_exhausted,False,"{""candidate_budget_exhausted"": 7, ""score_callback"": 58}"
184,79,expensive_reject,rejected,True,77.02824234962463,38.832597494125366,54.562151,0.0016,20.035048,36.188628,0.170089,0,0,,,False,0.3836264574201448,,,21,21,60,0,,bounded_local_search_exhausted,bounded_local_search_exhausted,True,"{""camera_clearance"": 1, ""candidate_budget_exhausted"": 11, ""collision"": 10, ""score_callback"": 24, ""support"": 25}"
187,79,accepted,accepted,True,31.886475324630737,34.235026597976685,22.320655,24.365199,4.070215,4.068662,0.177572,514,514,True,True,True,0.18002557219038512,0.22344827586206897,0.043422703671683854,1,1,1,0,preprobe,,,False,{}
192,83,expensive_reject,rejected,True,50.886961221694946,64.33874368667603,7.871977,0.001619,37.594843,58.866248,0.168652,0,0,,,False,0.123365894996608,,,21,24,60,0,,bounded_local_search_exhausted,bounded_local_search_exhausted,True,"{""candidate_budget_exhausted"": 12, ""score_callback"": 60}"
195,83,accepted,accepted,True,58.78199124336243,68.6997709274292,15.77924,13.717435,27.718965,39.115317,0.102688,3422,3422,True,True,True,0.4108783468383854,0.294835115193495,0.11604323164489044,8,9,32,0,gate-overlap-refine,,,False,"{""camera_clearance"": 8, ""candidate_budget_exhausted"": 3, ""score_callback"": 22}"
199,85,expensive_reject,rejected,True,45.12682223320007,55.44748854637146,10.941954,0.002441,28.173528,49.519256,0.159185,0,0,,,False,0.11092954169765702,,,21,21,60,0,,bounded_local_search_exhausted,bounded_local_search_exhausted,True,"{""candidate_budget_exhausted"": 10, ""collision"": 3, ""score_callback"": 41, ""support"": 16}"
201,85,expensive_reject,rejected,True,81.59587407112122,57.576770305633545,19.583994,10.867847,52.412609,32.033906,0.160519,0,1519,,True,True,0.3417435681136394,0.4074492099322799,0.06570564181864053,21,9,29,0,target-seed,,bounded_local_search_exhausted,False,"{""candidate_budget_exhausted"": 4, ""collision"": 1, ""score_callback"": 17, ""support"": 10}"
202,85,accepted,accepted,True,45.04691958427429,45.04679894447327,15.48127,15.525561,20.881452,20.589814,0.171945,512,512,True,True,True,0.3743046620576926,0.2607502287282708,0.11355443332942178,3,3,10,0,preprobe,,,False,"{""score_callback"": 8}"
209,89,expensive_reject,rejected,True,72.35513949394226,96.57241177558899,10.423514,0.001464,58.388399,93.042008,0.150628,0,0,,,False,0.3653783774023659,,,21,22,60,0,,bounded_local_search_exhausted,bounded_local_search_exhausted,True,"{""candidate_budget_exhausted"": 10, ""score_callback"": 60}"
211,89,accepted,accepted,True,94.5425968170166,109.85441970825195,65.510292,80.631457,20.24691,19.853786,0.212802,829,829,True,True,True,0.326120944012687,0.28,0.04612094401268696,3,3,10,0,target-seed,,,False,"{""score_callback"": 6}"
216,93,expensive_reject,rejected,True,43.482234477996826,15.325283765792847,28.381837,0.001587,13.902446,14.134406,0.019215,0,0,,,False,0.409656798583364,,,6,6,12,0,,bounded_local_search_exhausted,bounded_local_search_exhausted,True,"{""camera_clearance"": 4, ""candidate_budget_exhausted"": 3, ""score_callback"": 7, ""support"": 1}"
217,93,expensive_reject,rejected,True,65.4227511882782,31.169378519058228,39.862575,0.001359,18.30392,23.671532,0.152888,0,0,,,False,0.22549744870994018,,,17,17,44,0,,bounded_local_search_exhausted,bounded_local_search_exhausted,True,"{""camera_clearance"": 2, ""candidate_budget_exhausted"": 7, ""collision"": 4, ""score_callback"": 16, ""support"": 22}"
219,93,accepted,accepted,True,277.4955143928528,376.0757598876953,192.507571,271.281356,58.676526,77.373753,0.117189,229,229,True,True,True,0.3255214460816687,0.372972972972973,0.047451526891304274,10,10,29,0,target-seed,,,False,"{""candidate_budget_exhausted"": 5, ""score_callback"": 28}"
222,95,expensive_reject,rejected,True,111.0816707611084,168.06814861297607,27.439108,0.001408,71.555414,156.492118,0.104227,0,0,,,False,0.17982903758551633,,,20,21,60,0,,bounded_local_search_exhausted,bounded_local_search_exhausted,True,"{""candidate_budget_exhausted"": 9, ""score_callback"": 60}"
225,95,expensive_reject,rejected,True,57.127532958984375,54.804380655288696,14.347241,0.001268,41.574009,53.503109,0.098479,0,0,,,False,0.3945422839274353,,,19,19,44,0,,bounded_local_search_exhausted,bounded_local_search_exhausted,True,"{""candidate_budget_exhausted"": 10, ""collision"": 5, ""score_callback"": 32, ""support"": 7}"
226,95,expensive_reject,rejected,True,49.963534116744995,25.409873485565186,26.507709,0.001427,13.457113,14.286162,0.110706,0,0,,,False,0.22514819258691687,,,14,14,36,0,,bounded_local_search_exhausted,bounded_local_search_exhausted,True,"{""camera_clearance"": 16, ""candidate_budget_exhausted"": 5, ""score_callback"": 5, ""support"": 15}"
229,95,expensive_reject,rejected,True,77.88631129264832,91.7277364730835,15.858304,20.884546,47.469411,55.562671,0.198031,1173,1196,True,True,True,0.3952533977702545,0.42436974789915966,0.029116350128905177,9,9,29,0,target-seed,,,False,"{""candidate_budget_exhausted"": 3, ""score_callback"": 24}"
231,95,accepted,accepted,True,36.6462299823761,40.103071212768555,17.828971,19.596069,13.413387,14.692714,0.195371,266,266,True,True,True,0.18618485148677552,0.1694915254237288,0.016693326063046715,2,3,15,0,corner-contact-refine,,,False,"{""collision"": 2, ""score_callback"": 2, ""support"": 1}"
237,99,expensive_reject,rejected,True,68.61353516578674,76.60345816612244,26.191043,0.001626,41.19442,75.308977,0.114091,0,0,,,False,0.39731230282551705,,,20,21,60,0,,bounded_local_search_exhausted,bounded_local_search_exhausted,True,"{""candidate_budget_exhausted"": 10, ""collision"": 2, ""score_callback"": 50, ""support"": 8}"
238,99,expensive_reject,rejected,True,44.270283460617065,40.23259735107422,13.438514,0.002857,26.593534,36.481112,0.223664,0,0,,,False,0.11961176855591678,,,19,19,44,0,,bounded_local_search_exhausted,bounded_local_search_exhausted,True,"{""candidate_budget_exhausted"": 9, ""collision"": 2, ""score_callback"": 21, ""support"": 21}"
242,99,expensive_reject,rejected,True,68.60963487625122,72.66754078865051,21.517165,0.00172,44.823221,70.580507,0.220466,0,0,,,False,0.3380639641511566,,,21,21,59,0,,bounded_local_search_exhausted,bounded_local_search_exhausted,True,"{""candidate_budget_exhausted"": 11, ""collision"": 1, ""score_callback"": 58}"
244,99,accepted,accepted,True,42.92759108543396,26.361574172973633,26.618707,9.302307,10.994022,10.998241,0.202492,2417,2417,True,True,True,0.1919633793643682,0.2111801242236025,0.019216744859234303,2,2,9,0,target-seed,,,False,"{""score_callback"": 3, ""support"": 1}"
